[2026-06-07 09:57:46] local.ERROR: SQLSTATE[42000]: Syntax error or access violation: 1064 You have an error in your SQL syntax; check the manual that corresponds to your MariaDB server version for the right syntax to use near 'and (`suburb` LIKE ? or `street_address` LIKE ? or `name` LIKE ? or `full_con...' at line 1 (SQL: select count(*) as aggregate from `tbl_property` where status = 'Yes'  AND admin_status = 'Yes'  AND category_id =    and (`suburb` LIKE %Search% or `street_address` LIKE %Search% or `name` LIKE %Search% or `full_contents` LIKE %Search% or `street_address` LIKE %Search% or `address_unit` LIKE %Search%)) {"exception":"[object] (Illuminate\\Database\\QueryException(code: 42000): SQLSTATE[42000]: Syntax error or access violation: 1064 You have an error in your SQL syntax; check the manual that corresponds to your MariaDB server version for the right syntax to use near 'and (`suburb` LIKE ? or `street_address` LIKE ? or `name` LIKE ? or `full_con...' at line 1 (SQL: select count(*) as aggregate from `tbl_property` where status = 'Yes'  AND admin_status = 'Yes'  AND category_id =    and (`suburb` LIKE %Search% or `street_address` LIKE %Search% or `name` LIKE %Search% or `full_contents` LIKE %Search% or `street_address` LIKE %Search% or `address_unit` LIKE %Search%)) at /home/revoycom/public_html/vendor/laravel/framework/src/Illuminate/Database/Connection.php:703)
[stacktrace]
#0 /home/revoycom/public_html/vendor/laravel/framework/src/Illuminate/Database/Connection.php(663): Illuminate\\Database\\Connection->runQueryCallback('select count(*)...', Array, Object(Closure))
#1 /home/revoycom/public_html/vendor/laravel/framework/src/Illuminate/Database/Connection.php(367): Illuminate\\Database\\Connection->run('select count(*)...', Array, Object(Closure))
#2 /home/revoycom/public_html/vendor/laravel/framework/src/Illuminate/Database/Query/Builder.php(2352): Illuminate\\Database\\Connection->select('select count(*)...', Array, true)
#3 /home/revoycom/public_html/vendor/laravel/framework/src/Illuminate/Database/Query/Builder.php(2340): Illuminate\\Database\\Query\\Builder->runSelect()
#4 /home/revoycom/public_html/vendor/laravel/framework/src/Illuminate/Database/Query/Builder.php(2874): Illuminate\\Database\\Query\\Builder->Illuminate\\Database\\Query\\{closure}()
#5 /home/revoycom/public_html/vendor/laravel/framework/src/Illuminate/Database/Query/Builder.php(2341): Illuminate\\Database\\Query\\Builder->onceWithColumns(Array, Object(Closure))
#6 /home/revoycom/public_html/vendor/laravel/framework/src/Illuminate/Database/Query/Builder.php(2801): Illuminate\\Database\\Query\\Builder->get(Array)
#7 /home/revoycom/public_html/vendor/laravel/framework/src/Illuminate/Database/Query/Builder.php(2729): Illuminate\\Database\\Query\\Builder->aggregate('count', Array)
#8 /home/revoycom/public_html/vendor/laravel/framework/src/Illuminate/Database/Eloquent/Builder.php(1655): Illuminate\\Database\\Query\\Builder->count()
#9 /home/revoycom/public_html/app/Http/Controllers/CommonController.php(1617): Illuminate\\Database\\Eloquent\\Builder->__call('count', Array)
#10 /home/revoycom/public_html/vendor/laravel/framework/src/Illuminate/Routing/Controller.php(54): App\\Http\\Controllers\\CommonController->load_property(Object(Illuminate\\Http\\Request))
#11 /home/revoycom/public_html/vendor/laravel/framework/src/Illuminate/Routing/ControllerDispatcher.php(45): Illuminate\\Routing\\Controller->callAction('load_property', Array)
#12 /home/revoycom/public_html/vendor/laravel/framework/src/Illuminate/Routing/Route.php(262): Illuminate\\Routing\\ControllerDispatcher->dispatch(Object(Illuminate\\Routing\\Route), Object(App\\Http\\Controllers\\CommonController), 'load_property')
#13 /home/revoycom/public_html/vendor/laravel/framework/src/Illuminate/Routing/Route.php(205): Illuminate\\Routing\\Route->runController()
#14 /home/revoycom/public_html/vendor/laravel/framework/src/Illuminate/Routing/Router.php(695): Illuminate\\Routing\\Route->run()
#15 /home/revoycom/public_html/vendor/laravel/framework/src/Illuminate/Pipeline/Pipeline.php(128): Illuminate\\Routing\\Router->Illuminate\\Routing\\{closure}(Object(Illuminate\\Http\\Request))
#16 /home/revoycom/public_html/app/Http/Middleware/RedirectIfAuthenticated.php(29): Illuminate\\Pipeline\\Pipeline->Illuminate\\Pipeline\\{closure}(Object(Illuminate\\Http\\Request))
#17 /home/revoycom/public_html/vendor/laravel/framework/src/Illuminate/Pipeline/Pipeline.php(167): App\\Http\\Middleware\\RedirectIfAuthenticated->handle(Object(Illuminate\\Http\\Request), Object(Closure))
#18 /home/revoycom/public_html/vendor/laravel/framework/src/Illuminate/Routing/Middleware/SubstituteBindings.php(50): Illuminate\\Pipeline\\Pipeline->Illuminate\\Pipeline\\{closure}(Object(Illuminate\\Http\\Request))
#19 /home/revoycom/public_html/vendor/laravel/framework/src/Illuminate/Pipeline/Pipeline.php(167): Illuminate\\Routing\\Middleware\\SubstituteBindings->handle(Object(Illuminate\\Http\\Request), Object(Closure))
#20 /home/revoycom/public_html/vendor/laravel/framework/src/Illuminate/Foundation/Http/Middleware/VerifyCsrfToken.php(78): Illuminate\\Pipeline\\Pipeline->Illuminate\\Pipeline\\{closure}(Object(Illuminate\\Http\\Request))
#21 /home/revoycom/public_html/vendor/laravel/framework/src/Illuminate/Pipeline/Pipeline.php(167): Illuminate\\Foundation\\Http\\Middleware\\VerifyCsrfToken->handle(Object(Illuminate\\Http\\Request), Object(Closure))
#22 /home/revoycom/public_html/vendor/laravel/framework/src/Illuminate/View/Middleware/ShareErrorsFromSession.php(49): Illuminate\\Pipeline\\Pipeline->Illuminate\\Pipeline\\{closure}(Object(Illuminate\\Http\\Request))
#23 /home/revoycom/public_html/vendor/laravel/framework/src/Illuminate/Pipeline/Pipeline.php(167): Illuminate\\View\\Middleware\\ShareErrorsFromSession->handle(Object(Illuminate\\Http\\Request), Object(Closure))
#24 /home/revoycom/public_html/vendor/laravel/framework/src/Illuminate/Session/Middleware/StartSession.php(121): Illuminate\\Pipeline\\Pipeline->Illuminate\\Pipeline\\{closure}(Object(Illuminate\\Http\\Request))
#25 /home/revoycom/public_html/vendor/laravel/framework/src/Illuminate/Session/Middleware/StartSession.php(64): Illuminate\\Session\\Middleware\\StartSession->handleStatefulRequest(Object(Illuminate\\Http\\Request), Object(Illuminate\\Session\\Store), Object(Closure))
#26 /home/revoycom/public_html/vendor/laravel/framework/src/Illuminate/Pipeline/Pipeline.php(167): Illuminate\\Session\\Middleware\\StartSession->handle(Object(Illuminate\\Http\\Request), Object(Closure))
#27 /home/revoycom/public_html/vendor/laravel/framework/src/Illuminate/Cookie/Middleware/AddQueuedCookiesToResponse.php(37): Illuminate\\Pipeline\\Pipeline->Illuminate\\Pipeline\\{closure}(Object(Illuminate\\Http\\Request))
#28 /home/revoycom/public_html/vendor/laravel/framework/src/Illuminate/Pipeline/Pipeline.php(167): Illuminate\\Cookie\\Middleware\\AddQueuedCookiesToResponse->handle(Object(Illuminate\\Http\\Request), Object(Closure))
#29 /home/revoycom/public_html/vendor/laravel/framework/src/Illuminate/Cookie/Middleware/EncryptCookies.php(67): Illuminate\\Pipeline\\Pipeline->Illuminate\\Pipeline\\{closure}(Object(Illuminate\\Http\\Request))
#30 /home/revoycom/public_html/vendor/laravel/framework/src/Illuminate/Pipeline/Pipeline.php(167): Illuminate\\Cookie\\Middleware\\EncryptCookies->handle(Object(Illuminate\\Http\\Request), Object(Closure))
#31 /home/revoycom/public_html/vendor/laravel/framework/src/Illuminate/Pipeline/Pipeline.php(103): Illuminate\\Pipeline\\Pipeline->Illuminate\\Pipeline\\{closure}(Object(Illuminate\\Http\\Request))
#32 /home/revoycom/public_html/vendor/laravel/framework/src/Illuminate/Routing/Router.php(697): Illuminate\\Pipeline\\Pipeline->then(Object(Closure))
#33 /home/revoycom/public_html/vendor/laravel/framework/src/Illuminate/Routing/Router.php(672): Illuminate\\Routing\\Router->runRouteWithinStack(Object(Illuminate\\Routing\\Route), Object(Illuminate\\Http\\Request))
#34 /home/revoycom/public_html/vendor/laravel/framework/src/Illuminate/Routing/Router.php(636): Illuminate\\Routing\\Router->runRoute(Object(Illuminate\\Http\\Request), Object(Illuminate\\Routing\\Route))
#35 /home/revoycom/public_html/vendor/laravel/framework/src/Illuminate/Routing/Router.php(625): Illuminate\\Routing\\Router->dispatchToRoute(Object(Illuminate\\Http\\Request))
#36 /home/revoycom/public_html/vendor/laravel/framework/src/Illuminate/Foundation/Http/Kernel.php(167): Illuminate\\Routing\\Router->dispatch(Object(Illuminate\\Http\\Request))
#37 /home/revoycom/public_html/vendor/laravel/framework/src/Illuminate/Pipeline/Pipeline.php(128): Illuminate\\Foundation\\Http\\Kernel->Illuminate\\Foundation\\Http\\{closure}(Object(Illuminate\\Http\\Request))
#38 /home/revoycom/public_html/vendor/laravel/framework/src/Illuminate/Foundation/Http/Middleware/TransformsRequest.php(21): Illuminate\\Pipeline\\Pipeline->Illuminate\\Pipeline\\{closure}(Object(Illuminate\\Http\\Request))
#39 /home/revoycom/public_html/vendor/laravel/framework/src/Illuminate/Foundation/Http/Middleware/ConvertEmptyStringsToNull.php(31): Illuminate\\Foundation\\Http\\Middleware\\TransformsRequest->handle(Object(Illuminate\\Http\\Request), Object(Closure))
#40 /home/revoycom/public_html/vendor/laravel/framework/src/Illuminate/Pipeline/Pipeline.php(167): Illuminate\\Foundation\\Http\\Middleware\\ConvertEmptyStringsToNull->handle(Object(Illuminate\\Http\\Request), Object(Closure))
#41 /home/revoycom/public_html/vendor/laravel/framework/src/Illuminate/Foundation/Http/Middleware/TransformsRequest.php(21): Illuminate\\Pipeline\\Pipeline->Illuminate\\Pipeline\\{closure}(Object(Illuminate\\Http\\Request))
#42 /home/revoycom/public_html/vendor/laravel/framework/src/Illuminate/Foundation/Http/Middleware/TrimStrings.php(40): Illuminate\\Foundation\\Http\\Middleware\\TransformsRequest->handle(Object(Illuminate\\Http\\Request), Object(Closure))
#43 /home/revoycom/public_html/vendor/laravel/framework/src/Illuminate/Pipeline/Pipeline.php(167): Illuminate\\Foundation\\Http\\Middleware\\TrimStrings->handle(Object(Illuminate\\Http\\Request), Object(Closure))
#44 /home/revoycom/public_html/vendor/laravel/framework/src/Illuminate/Foundation/Http/Middleware/ValidatePostSize.php(27): Illuminate\\Pipeline\\Pipeline->Illuminate\\Pipeline\\{closure}(Object(Illuminate\\Http\\Request))
#45 /home/revoycom/public_html/vendor/laravel/framework/src/Illuminate/Pipeline/Pipeline.php(167): Illuminate\\Foundation\\Http\\Middleware\\ValidatePostSize->handle(Object(Illuminate\\Http\\Request), Object(Closure))
#46 /home/revoycom/public_html/vendor/laravel/framework/src/Illuminate/Foundation/Http/Middleware/PreventRequestsDuringMaintenance.php(86): Illuminate\\Pipeline\\Pipeline->Illuminate\\Pipeline\\{closure}(Object(Illuminate\\Http\\Request))
#47 /home/revoycom/public_html/vendor/laravel/framework/src/Illuminate/Pipeline/Pipeline.php(167): Illuminate\\Foundation\\Http\\Middleware\\PreventRequestsDuringMaintenance->handle(Object(Illuminate\\Http\\Request), Object(Closure))
#48 /home/revoycom/public_html/vendor/fruitcake/laravel-cors/src/HandleCors.php(38): Illuminate\\Pipeline\\Pipeline->Illuminate\\Pipeline\\{closure}(Object(Illuminate\\Http\\Request))
#49 /home/revoycom/public_html/vendor/laravel/framework/src/Illuminate/Pipeline/Pipeline.php(167): Fruitcake\\Cors\\HandleCors->handle(Object(Illuminate\\Http\\Request), Object(Closure))
#50 /home/revoycom/public_html/vendor/fideloper/proxy/src/TrustProxies.php(57): Illuminate\\Pipeline\\Pipeline->Illuminate\\Pipeline\\{closure}(Object(Illuminate\\Http\\Request))
#51 /home/revoycom/public_html/vendor/laravel/framework/src/Illuminate/Pipeline/Pipeline.php(167): Fideloper\\Proxy\\TrustProxies->handle(Object(Illuminate\\Http\\Request), Object(Closure))
#52 /home/revoycom/public_html/vendor/laravel/framework/src/Illuminate/Pipeline/Pipeline.php(103): Illuminate\\Pipeline\\Pipeline->Illuminate\\Pipeline\\{closure}(Object(Illuminate\\Http\\Request))
#53 /home/revoycom/public_html/vendor/laravel/framework/src/Illuminate/Foundation/Http/Kernel.php(142): Illuminate\\Pipeline\\Pipeline->then(Object(Closure))
#54 /home/revoycom/public_html/vendor/laravel/framework/src/Illuminate/Foundation/Http/Kernel.php(111): Illuminate\\Foundation\\Http\\Kernel->sendRequestThroughRouter(Object(Illuminate\\Http\\Request))
#55 /home/revoycom/public_html/index.php(52): Illuminate\\Foundation\\Http\\Kernel->handle(Object(Illuminate\\Http\\Request))
#56 {main}

[previous exception] [object] (PDOException(code: 42000): SQLSTATE[42000]: Syntax error or access violation: 1064 You have an error in your SQL syntax; check the manual that corresponds to your MariaDB server version for the right syntax to use near 'and (`suburb` LIKE ? or `street_address` LIKE ? or `name` LIKE ? or `full_con...' at line 1 at /home/revoycom/public_html/vendor/laravel/framework/src/Illuminate/Database/Connection.php:359)
[stacktrace]
#0 /home/revoycom/public_html/vendor/laravel/framework/src/Illuminate/Database/Connection.php(359): PDO->prepare('select count(*)...')
#1 /home/revoycom/public_html/vendor/laravel/framework/src/Illuminate/Database/Connection.php(696): Illuminate\\Database\\Connection->Illuminate\\Database\\{closure}('select count(*)...', Array)
#2 /home/revoycom/public_html/vendor/laravel/framework/src/Illuminate/Database/Connection.php(663): Illuminate\\Database\\Connection->runQueryCallback('select count(*)...', Array, Object(Closure))
#3 /home/revoycom/public_html/vendor/laravel/framework/src/Illuminate/Database/Connection.php(367): Illuminate\\Database\\Connection->run('select count(*)...', Array, Object(Closure))
#4 /home/revoycom/public_html/vendor/laravel/framework/src/Illuminate/Database/Query/Builder.php(2352): Illuminate\\Database\\Connection->select('select count(*)...', Array, true)
#5 /home/revoycom/public_html/vendor/laravel/framework/src/Illuminate/Database/Query/Builder.php(2340): Illuminate\\Database\\Query\\Builder->runSelect()
#6 /home/revoycom/public_html/vendor/laravel/framework/src/Illuminate/Database/Query/Builder.php(2874): Illuminate\\Database\\Query\\Builder->Illuminate\\Database\\Query\\{closure}()
#7 /home/revoycom/public_html/vendor/laravel/framework/src/Illuminate/Database/Query/Builder.php(2341): Illuminate\\Database\\Query\\Builder->onceWithColumns(Array, Object(Closure))
#8 /home/revoycom/public_html/vendor/laravel/framework/src/Illuminate/Database/Query/Builder.php(2801): Illuminate\\Database\\Query\\Builder->get(Array)
#9 /home/revoycom/public_html/vendor/laravel/framework/src/Illuminate/Database/Query/Builder.php(2729): Illuminate\\Database\\Query\\Builder->aggregate('count', Array)
#10 /home/revoycom/public_html/vendor/laravel/framework/src/Illuminate/Database/Eloquent/Builder.php(1655): Illuminate\\Database\\Query\\Builder->count()
#11 /home/revoycom/public_html/app/Http/Controllers/CommonController.php(1617): Illuminate\\Database\\Eloquent\\Builder->__call('count', Array)
#12 /home/revoycom/public_html/vendor/laravel/framework/src/Illuminate/Routing/Controller.php(54): App\\Http\\Controllers\\CommonController->load_property(Object(Illuminate\\Http\\Request))
#13 /home/revoycom/public_html/vendor/laravel/framework/src/Illuminate/Routing/ControllerDispatcher.php(45): Illuminate\\Routing\\Controller->callAction('load_property', Array)
#14 /home/revoycom/public_html/vendor/laravel/framework/src/Illuminate/Routing/Route.php(262): Illuminate\\Routing\\ControllerDispatcher->dispatch(Object(Illuminate\\Routing\\Route), Object(App\\Http\\Controllers\\CommonController), 'load_property')
#15 /home/revoycom/public_html/vendor/laravel/framework/src/Illuminate/Routing/Route.php(205): Illuminate\\Routing\\Route->runController()
#16 /home/revoycom/public_html/vendor/laravel/framework/src/Illuminate/Routing/Router.php(695): Illuminate\\Routing\\Route->run()
#17 /home/revoycom/public_html/vendor/laravel/framework/src/Illuminate/Pipeline/Pipeline.php(128): Illuminate\\Routing\\Router->Illuminate\\Routing\\{closure}(Object(Illuminate\\Http\\Request))
#18 /home/revoycom/public_html/app/Http/Middleware/RedirectIfAuthenticated.php(29): Illuminate\\Pipeline\\Pipeline->Illuminate\\Pipeline\\{closure}(Object(Illuminate\\Http\\Request))
#19 /home/revoycom/public_html/vendor/laravel/framework/src/Illuminate/Pipeline/Pipeline.php(167): App\\Http\\Middleware\\RedirectIfAuthenticated->handle(Object(Illuminate\\Http\\Request), Object(Closure))
#20 /home/revoycom/public_html/vendor/laravel/framework/src/Illuminate/Routing/Middleware/SubstituteBindings.php(50): Illuminate\\Pipeline\\Pipeline->Illuminate\\Pipeline\\{closure}(Object(Illuminate\\Http\\Request))
#21 /home/revoycom/public_html/vendor/laravel/framework/src/Illuminate/Pipeline/Pipeline.php(167): Illuminate\\Routing\\Middleware\\SubstituteBindings->handle(Object(Illuminate\\Http\\Request), Object(Closure))
#22 /home/revoycom/public_html/vendor/laravel/framework/src/Illuminate/Foundation/Http/Middleware/VerifyCsrfToken.php(78): Illuminate\\Pipeline\\Pipeline->Illuminate\\Pipeline\\{closure}(Object(Illuminate\\Http\\Request))
#23 /home/revoycom/public_html/vendor/laravel/framework/src/Illuminate/Pipeline/Pipeline.php(167): Illuminate\\Foundation\\Http\\Middleware\\VerifyCsrfToken->handle(Object(Illuminate\\Http\\Request), Object(Closure))
#24 /home/revoycom/public_html/vendor/laravel/framework/src/Illuminate/View/Middleware/ShareErrorsFromSession.php(49): Illuminate\\Pipeline\\Pipeline->Illuminate\\Pipeline\\{closure}(Object(Illuminate\\Http\\Request))
#25 /home/revoycom/public_html/vendor/laravel/framework/src/Illuminate/Pipeline/Pipeline.php(167): Illuminate\\View\\Middleware\\ShareErrorsFromSession->handle(Object(Illuminate\\Http\\Request), Object(Closure))
#26 /home/revoycom/public_html/vendor/laravel/framework/src/Illuminate/Session/Middleware/StartSession.php(121): Illuminate\\Pipeline\\Pipeline->Illuminate\\Pipeline\\{closure}(Object(Illuminate\\Http\\Request))
#27 /home/revoycom/public_html/vendor/laravel/framework/src/Illuminate/Session/Middleware/StartSession.php(64): Illuminate\\Session\\Middleware\\StartSession->handleStatefulRequest(Object(Illuminate\\Http\\Request), Object(Illuminate\\Session\\Store), Object(Closure))
#28 /home/revoycom/public_html/vendor/laravel/framework/src/Illuminate/Pipeline/Pipeline.php(167): Illuminate\\Session\\Middleware\\StartSession->handle(Object(Illuminate\\Http\\Request), Object(Closure))
#29 /home/revoycom/public_html/vendor/laravel/framework/src/Illuminate/Cookie/Middleware/AddQueuedCookiesToResponse.php(37): Illuminate\\Pipeline\\Pipeline->Illuminate\\Pipeline\\{closure}(Object(Illuminate\\Http\\Request))
#30 /home/revoycom/public_html/vendor/laravel/framework/src/Illuminate/Pipeline/Pipeline.php(167): Illuminate\\Cookie\\Middleware\\AddQueuedCookiesToResponse->handle(Object(Illuminate\\Http\\Request), Object(Closure))
#31 /home/revoycom/public_html/vendor/laravel/framework/src/Illuminate/Cookie/Middleware/EncryptCookies.php(67): Illuminate\\Pipeline\\Pipeline->Illuminate\\Pipeline\\{closure}(Object(Illuminate\\Http\\Request))
#32 /home/revoycom/public_html/vendor/laravel/framework/src/Illuminate/Pipeline/Pipeline.php(167): Illuminate\\Cookie\\Middleware\\EncryptCookies->handle(Object(Illuminate\\Http\\Request), Object(Closure))
#33 /home/revoycom/public_html/vendor/laravel/framework/src/Illuminate/Pipeline/Pipeline.php(103): Illuminate\\Pipeline\\Pipeline->Illuminate\\Pipeline\\{closure}(Object(Illuminate\\Http\\Request))
#34 /home/revoycom/public_html/vendor/laravel/framework/src/Illuminate/Routing/Router.php(697): Illuminate\\Pipeline\\Pipeline->then(Object(Closure))
#35 /home/revoycom/public_html/vendor/laravel/framework/src/Illuminate/Routing/Router.php(672): Illuminate\\Routing\\Router->runRouteWithinStack(Object(Illuminate\\Routing\\Route), Object(Illuminate\\Http\\Request))
#36 /home/revoycom/public_html/vendor/laravel/framework/src/Illuminate/Routing/Router.php(636): Illuminate\\Routing\\Router->runRoute(Object(Illuminate\\Http\\Request), Object(Illuminate\\Routing\\Route))
#37 /home/revoycom/public_html/vendor/laravel/framework/src/Illuminate/Routing/Router.php(625): Illuminate\\Routing\\Router->dispatchToRoute(Object(Illuminate\\Http\\Request))
#38 /home/revoycom/public_html/vendor/laravel/framework/src/Illuminate/Foundation/Http/Kernel.php(167): Illuminate\\Routing\\Router->dispatch(Object(Illuminate\\Http\\Request))
#39 /home/revoycom/public_html/vendor/laravel/framework/src/Illuminate/Pipeline/Pipeline.php(128): Illuminate\\Foundation\\Http\\Kernel->Illuminate\\Foundation\\Http\\{closure}(Object(Illuminate\\Http\\Request))
#40 /home/revoycom/public_html/vendor/laravel/framework/src/Illuminate/Foundation/Http/Middleware/TransformsRequest.php(21): Illuminate\\Pipeline\\Pipeline->Illuminate\\Pipeline\\{closure}(Object(Illuminate\\Http\\Request))
#41 /home/revoycom/public_html/vendor/laravel/framework/src/Illuminate/Foundation/Http/Middleware/ConvertEmptyStringsToNull.php(31): Illuminate\\Foundation\\Http\\Middleware\\TransformsRequest->handle(Object(Illuminate\\Http\\Request), Object(Closure))
#42 /home/revoycom/public_html/vendor/laravel/framework/src/Illuminate/Pipeline/Pipeline.php(167): Illuminate\\Foundation\\Http\\Middleware\\ConvertEmptyStringsToNull->handle(Object(Illuminate\\Http\\Request), Object(Closure))
#43 /home/revoycom/public_html/vendor/laravel/framework/src/Illuminate/Foundation/Http/Middleware/TransformsRequest.php(21): Illuminate\\Pipeline\\Pipeline->Illuminate\\Pipeline\\{closure}(Object(Illuminate\\Http\\Request))
#44 /home/revoycom/public_html/vendor/laravel/framework/src/Illuminate/Foundation/Http/Middleware/TrimStrings.php(40): Illuminate\\Foundation\\Http\\Middleware\\TransformsRequest->handle(Object(Illuminate\\Http\\Request), Object(Closure))
#45 /home/revoycom/public_html/vendor/laravel/framework/src/Illuminate/Pipeline/Pipeline.php(167): Illuminate\\Foundation\\Http\\Middleware\\TrimStrings->handle(Object(Illuminate\\Http\\Request), Object(Closure))
#46 /home/revoycom/public_html/vendor/laravel/framework/src/Illuminate/Foundation/Http/Middleware/ValidatePostSize.php(27): Illuminate\\Pipeline\\Pipeline->Illuminate\\Pipeline\\{closure}(Object(Illuminate\\Http\\Request))
#47 /home/revoycom/public_html/vendor/laravel/framework/src/Illuminate/Pipeline/Pipeline.php(167): Illuminate\\Foundation\\Http\\Middleware\\ValidatePostSize->handle(Object(Illuminate\\Http\\Request), Object(Closure))
#48 /home/revoycom/public_html/vendor/laravel/framework/src/Illuminate/Foundation/Http/Middleware/PreventRequestsDuringMaintenance.php(86): Illuminate\\Pipeline\\Pipeline->Illuminate\\Pipeline\\{closure}(Object(Illuminate\\Http\\Request))
#49 /home/revoycom/public_html/vendor/laravel/framework/src/Illuminate/Pipeline/Pipeline.php(167): Illuminate\\Foundation\\Http\\Middleware\\PreventRequestsDuringMaintenance->handle(Object(Illuminate\\Http\\Request), Object(Closure))
#50 /home/revoycom/public_html/vendor/fruitcake/laravel-cors/src/HandleCors.php(38): Illuminate\\Pipeline\\Pipeline->Illuminate\\Pipeline\\{closure}(Object(Illuminate\\Http\\Request))
#51 /home/revoycom/public_html/vendor/laravel/framework/src/Illuminate/Pipeline/Pipeline.php(167): Fruitcake\\Cors\\HandleCors->handle(Object(Illuminate\\Http\\Request), Object(Closure))
#52 /home/revoycom/public_html/vendor/fideloper/proxy/src/TrustProxies.php(57): Illuminate\\Pipeline\\Pipeline->Illuminate\\Pipeline\\{closure}(Object(Illuminate\\Http\\Request))
#53 /home/revoycom/public_html/vendor/laravel/framework/src/Illuminate/Pipeline/Pipeline.php(167): Fideloper\\Proxy\\TrustProxies->handle(Object(Illuminate\\Http\\Request), Object(Closure))
#54 /home/revoycom/public_html/vendor/laravel/framework/src/Illuminate/Pipeline/Pipeline.php(103): Illuminate\\Pipeline\\Pipeline->Illuminate\\Pipeline\\{closure}(Object(Illuminate\\Http\\Request))
#55 /home/revoycom/public_html/vendor/laravel/framework/src/Illuminate/Foundation/Http/Kernel.php(142): Illuminate\\Pipeline\\Pipeline->then(Object(Closure))
#56 /home/revoycom/public_html/vendor/laravel/framework/src/Illuminate/Foundation/Http/Kernel.php(111): Illuminate\\Foundation\\Http\\Kernel->sendRequestThroughRouter(Object(Illuminate\\Http\\Request))
#57 /home/revoycom/public_html/index.php(52): Illuminate\\Foundation\\Http\\Kernel->handle(Object(Illuminate\\Http\\Request))
#58 {main}
"} 
[2026-06-07 10:29:32] local.ERROR: SQLSTATE[42000]: Syntax error or access violation: 1064 You have an error in your SQL syntax; check the manual that corresponds to your MariaDB server version for the right syntax to use near 'and (`suburb` LIKE ? or `street_address` LIKE ? or `name` LIKE ? or `full_con...' at line 1 (SQL: select count(*) as aggregate from `tbl_property` where status = 'Yes'  AND admin_status = 'Yes'  AND category_id =    and (`suburb` LIKE %Search% or `street_address` LIKE %Search% or `name` LIKE %Search% or `full_contents` LIKE %Search% or `street_address` LIKE %Search% or `address_unit` LIKE %Search%)) {"exception":"[object] (Illuminate\\Database\\QueryException(code: 42000): SQLSTATE[42000]: Syntax error or access violation: 1064 You have an error in your SQL syntax; check the manual that corresponds to your MariaDB server version for the right syntax to use near 'and (`suburb` LIKE ? or `street_address` LIKE ? or `name` LIKE ? or `full_con...' at line 1 (SQL: select count(*) as aggregate from `tbl_property` where status = 'Yes'  AND admin_status = 'Yes'  AND category_id =    and (`suburb` LIKE %Search% or `street_address` LIKE %Search% or `name` LIKE %Search% or `full_contents` LIKE %Search% or `street_address` LIKE %Search% or `address_unit` LIKE %Search%)) at /home/revoycom/public_html/vendor/laravel/framework/src/Illuminate/Database/Connection.php:703)
[stacktrace]
#0 /home/revoycom/public_html/vendor/laravel/framework/src/Illuminate/Database/Connection.php(663): Illuminate\\Database\\Connection->runQueryCallback('select count(*)...', Array, Object(Closure))
#1 /home/revoycom/public_html/vendor/laravel/framework/src/Illuminate/Database/Connection.php(367): Illuminate\\Database\\Connection->run('select count(*)...', Array, Object(Closure))
#2 /home/revoycom/public_html/vendor/laravel/framework/src/Illuminate/Database/Query/Builder.php(2352): Illuminate\\Database\\Connection->select('select count(*)...', Array, true)
#3 /home/revoycom/public_html/vendor/laravel/framework/src/Illuminate/Database/Query/Builder.php(2340): Illuminate\\Database\\Query\\Builder->runSelect()
#4 /home/revoycom/public_html/vendor/laravel/framework/src/Illuminate/Database/Query/Builder.php(2874): Illuminate\\Database\\Query\\Builder->Illuminate\\Database\\Query\\{closure}()
#5 /home/revoycom/public_html/vendor/laravel/framework/src/Illuminate/Database/Query/Builder.php(2341): Illuminate\\Database\\Query\\Builder->onceWithColumns(Array, Object(Closure))
#6 /home/revoycom/public_html/vendor/laravel/framework/src/Illuminate/Database/Query/Builder.php(2801): Illuminate\\Database\\Query\\Builder->get(Array)
#7 /home/revoycom/public_html/vendor/laravel/framework/src/Illuminate/Database/Query/Builder.php(2729): Illuminate\\Database\\Query\\Builder->aggregate('count', Array)
#8 /home/revoycom/public_html/vendor/laravel/framework/src/Illuminate/Database/Eloquent/Builder.php(1655): Illuminate\\Database\\Query\\Builder->count()
#9 /home/revoycom/public_html/app/Http/Controllers/CommonController.php(1617): Illuminate\\Database\\Eloquent\\Builder->__call('count', Array)
#10 /home/revoycom/public_html/vendor/laravel/framework/src/Illuminate/Routing/Controller.php(54): App\\Http\\Controllers\\CommonController->load_property(Object(Illuminate\\Http\\Request))
#11 /home/revoycom/public_html/vendor/laravel/framework/src/Illuminate/Routing/ControllerDispatcher.php(45): Illuminate\\Routing\\Controller->callAction('load_property', Array)
#12 /home/revoycom/public_html/vendor/laravel/framework/src/Illuminate/Routing/Route.php(262): Illuminate\\Routing\\ControllerDispatcher->dispatch(Object(Illuminate\\Routing\\Route), Object(App\\Http\\Controllers\\CommonController), 'load_property')
#13 /home/revoycom/public_html/vendor/laravel/framework/src/Illuminate/Routing/Route.php(205): Illuminate\\Routing\\Route->runController()
#14 /home/revoycom/public_html/vendor/laravel/framework/src/Illuminate/Routing/Router.php(695): Illuminate\\Routing\\Route->run()
#15 /home/revoycom/public_html/vendor/laravel/framework/src/Illuminate/Pipeline/Pipeline.php(128): Illuminate\\Routing\\Router->Illuminate\\Routing\\{closure}(Object(Illuminate\\Http\\Request))
#16 /home/revoycom/public_html/app/Http/Middleware/RedirectIfAuthenticated.php(29): Illuminate\\Pipeline\\Pipeline->Illuminate\\Pipeline\\{closure}(Object(Illuminate\\Http\\Request))
#17 /home/revoycom/public_html/vendor/laravel/framework/src/Illuminate/Pipeline/Pipeline.php(167): App\\Http\\Middleware\\RedirectIfAuthenticated->handle(Object(Illuminate\\Http\\Request), Object(Closure))
#18 /home/revoycom/public_html/vendor/laravel/framework/src/Illuminate/Routing/Middleware/SubstituteBindings.php(50): Illuminate\\Pipeline\\Pipeline->Illuminate\\Pipeline\\{closure}(Object(Illuminate\\Http\\Request))
#19 /home/revoycom/public_html/vendor/laravel/framework/src/Illuminate/Pipeline/Pipeline.php(167): Illuminate\\Routing\\Middleware\\SubstituteBindings->handle(Object(Illuminate\\Http\\Request), Object(Closure))
#20 /home/revoycom/public_html/vendor/laravel/framework/src/Illuminate/Foundation/Http/Middleware/VerifyCsrfToken.php(78): Illuminate\\Pipeline\\Pipeline->Illuminate\\Pipeline\\{closure}(Object(Illuminate\\Http\\Request))
#21 /home/revoycom/public_html/vendor/laravel/framework/src/Illuminate/Pipeline/Pipeline.php(167): Illuminate\\Foundation\\Http\\Middleware\\VerifyCsrfToken->handle(Object(Illuminate\\Http\\Request), Object(Closure))
#22 /home/revoycom/public_html/vendor/laravel/framework/src/Illuminate/View/Middleware/ShareErrorsFromSession.php(49): Illuminate\\Pipeline\\Pipeline->Illuminate\\Pipeline\\{closure}(Object(Illuminate\\Http\\Request))
#23 /home/revoycom/public_html/vendor/laravel/framework/src/Illuminate/Pipeline/Pipeline.php(167): Illuminate\\View\\Middleware\\ShareErrorsFromSession->handle(Object(Illuminate\\Http\\Request), Object(Closure))
#24 /home/revoycom/public_html/vendor/laravel/framework/src/Illuminate/Session/Middleware/StartSession.php(121): Illuminate\\Pipeline\\Pipeline->Illuminate\\Pipeline\\{closure}(Object(Illuminate\\Http\\Request))
#25 /home/revoycom/public_html/vendor/laravel/framework/src/Illuminate/Session/Middleware/StartSession.php(64): Illuminate\\Session\\Middleware\\StartSession->handleStatefulRequest(Object(Illuminate\\Http\\Request), Object(Illuminate\\Session\\Store), Object(Closure))
#26 /home/revoycom/public_html/vendor/laravel/framework/src/Illuminate/Pipeline/Pipeline.php(167): Illuminate\\Session\\Middleware\\StartSession->handle(Object(Illuminate\\Http\\Request), Object(Closure))
#27 /home/revoycom/public_html/vendor/laravel/framework/src/Illuminate/Cookie/Middleware/AddQueuedCookiesToResponse.php(37): Illuminate\\Pipeline\\Pipeline->Illuminate\\Pipeline\\{closure}(Object(Illuminate\\Http\\Request))
#28 /home/revoycom/public_html/vendor/laravel/framework/src/Illuminate/Pipeline/Pipeline.php(167): Illuminate\\Cookie\\Middleware\\AddQueuedCookiesToResponse->handle(Object(Illuminate\\Http\\Request), Object(Closure))
#29 /home/revoycom/public_html/vendor/laravel/framework/src/Illuminate/Cookie/Middleware/EncryptCookies.php(67): Illuminate\\Pipeline\\Pipeline->Illuminate\\Pipeline\\{closure}(Object(Illuminate\\Http\\Request))
#30 /home/revoycom/public_html/vendor/laravel/framework/src/Illuminate/Pipeline/Pipeline.php(167): Illuminate\\Cookie\\Middleware\\EncryptCookies->handle(Object(Illuminate\\Http\\Request), Object(Closure))
#31 /home/revoycom/public_html/vendor/laravel/framework/src/Illuminate/Pipeline/Pipeline.php(103): Illuminate\\Pipeline\\Pipeline->Illuminate\\Pipeline\\{closure}(Object(Illuminate\\Http\\Request))
#32 /home/revoycom/public_html/vendor/laravel/framework/src/Illuminate/Routing/Router.php(697): Illuminate\\Pipeline\\Pipeline->then(Object(Closure))
#33 /home/revoycom/public_html/vendor/laravel/framework/src/Illuminate/Routing/Router.php(672): Illuminate\\Routing\\Router->runRouteWithinStack(Object(Illuminate\\Routing\\Route), Object(Illuminate\\Http\\Request))
#34 /home/revoycom/public_html/vendor/laravel/framework/src/Illuminate/Routing/Router.php(636): Illuminate\\Routing\\Router->runRoute(Object(Illuminate\\Http\\Request), Object(Illuminate\\Routing\\Route))
#35 /home/revoycom/public_html/vendor/laravel/framework/src/Illuminate/Routing/Router.php(625): Illuminate\\Routing\\Router->dispatchToRoute(Object(Illuminate\\Http\\Request))
#36 /home/revoycom/public_html/vendor/laravel/framework/src/Illuminate/Foundation/Http/Kernel.php(167): Illuminate\\Routing\\Router->dispatch(Object(Illuminate\\Http\\Request))
#37 /home/revoycom/public_html/vendor/laravel/framework/src/Illuminate/Pipeline/Pipeline.php(128): Illuminate\\Foundation\\Http\\Kernel->Illuminate\\Foundation\\Http\\{closure}(Object(Illuminate\\Http\\Request))
#38 /home/revoycom/public_html/vendor/laravel/framework/src/Illuminate/Foundation/Http/Middleware/TransformsRequest.php(21): Illuminate\\Pipeline\\Pipeline->Illuminate\\Pipeline\\{closure}(Object(Illuminate\\Http\\Request))
#39 /home/revoycom/public_html/vendor/laravel/framework/src/Illuminate/Foundation/Http/Middleware/ConvertEmptyStringsToNull.php(31): Illuminate\\Foundation\\Http\\Middleware\\TransformsRequest->handle(Object(Illuminate\\Http\\Request), Object(Closure))
#40 /home/revoycom/public_html/vendor/laravel/framework/src/Illuminate/Pipeline/Pipeline.php(167): Illuminate\\Foundation\\Http\\Middleware\\ConvertEmptyStringsToNull->handle(Object(Illuminate\\Http\\Request), Object(Closure))
#41 /home/revoycom/public_html/vendor/laravel/framework/src/Illuminate/Foundation/Http/Middleware/TransformsRequest.php(21): Illuminate\\Pipeline\\Pipeline->Illuminate\\Pipeline\\{closure}(Object(Illuminate\\Http\\Request))
#42 /home/revoycom/public_html/vendor/laravel/framework/src/Illuminate/Foundation/Http/Middleware/TrimStrings.php(40): Illuminate\\Foundation\\Http\\Middleware\\TransformsRequest->handle(Object(Illuminate\\Http\\Request), Object(Closure))
#43 /home/revoycom/public_html/vendor/laravel/framework/src/Illuminate/Pipeline/Pipeline.php(167): Illuminate\\Foundation\\Http\\Middleware\\TrimStrings->handle(Object(Illuminate\\Http\\Request), Object(Closure))
#44 /home/revoycom/public_html/vendor/laravel/framework/src/Illuminate/Foundation/Http/Middleware/ValidatePostSize.php(27): Illuminate\\Pipeline\\Pipeline->Illuminate\\Pipeline\\{closure}(Object(Illuminate\\Http\\Request))
#45 /home/revoycom/public_html/vendor/laravel/framework/src/Illuminate/Pipeline/Pipeline.php(167): Illuminate\\Foundation\\Http\\Middleware\\ValidatePostSize->handle(Object(Illuminate\\Http\\Request), Object(Closure))
#46 /home/revoycom/public_html/vendor/laravel/framework/src/Illuminate/Foundation/Http/Middleware/PreventRequestsDuringMaintenance.php(86): Illuminate\\Pipeline\\Pipeline->Illuminate\\Pipeline\\{closure}(Object(Illuminate\\Http\\Request))
#47 /home/revoycom/public_html/vendor/laravel/framework/src/Illuminate/Pipeline/Pipeline.php(167): Illuminate\\Foundation\\Http\\Middleware\\PreventRequestsDuringMaintenance->handle(Object(Illuminate\\Http\\Request), Object(Closure))
#48 /home/revoycom/public_html/vendor/fruitcake/laravel-cors/src/HandleCors.php(38): Illuminate\\Pipeline\\Pipeline->Illuminate\\Pipeline\\{closure}(Object(Illuminate\\Http\\Request))
#49 /home/revoycom/public_html/vendor/laravel/framework/src/Illuminate/Pipeline/Pipeline.php(167): Fruitcake\\Cors\\HandleCors->handle(Object(Illuminate\\Http\\Request), Object(Closure))
#50 /home/revoycom/public_html/vendor/fideloper/proxy/src/TrustProxies.php(57): Illuminate\\Pipeline\\Pipeline->Illuminate\\Pipeline\\{closure}(Object(Illuminate\\Http\\Request))
#51 /home/revoycom/public_html/vendor/laravel/framework/src/Illuminate/Pipeline/Pipeline.php(167): Fideloper\\Proxy\\TrustProxies->handle(Object(Illuminate\\Http\\Request), Object(Closure))
#52 /home/revoycom/public_html/vendor/laravel/framework/src/Illuminate/Pipeline/Pipeline.php(103): Illuminate\\Pipeline\\Pipeline->Illuminate\\Pipeline\\{closure}(Object(Illuminate\\Http\\Request))
#53 /home/revoycom/public_html/vendor/laravel/framework/src/Illuminate/Foundation/Http/Kernel.php(142): Illuminate\\Pipeline\\Pipeline->then(Object(Closure))
#54 /home/revoycom/public_html/vendor/laravel/framework/src/Illuminate/Foundation/Http/Kernel.php(111): Illuminate\\Foundation\\Http\\Kernel->sendRequestThroughRouter(Object(Illuminate\\Http\\Request))
#55 /home/revoycom/public_html/index.php(52): Illuminate\\Foundation\\Http\\Kernel->handle(Object(Illuminate\\Http\\Request))
#56 {main}

[previous exception] [object] (PDOException(code: 42000): SQLSTATE[42000]: Syntax error or access violation: 1064 You have an error in your SQL syntax; check the manual that corresponds to your MariaDB server version for the right syntax to use near 'and (`suburb` LIKE ? or `street_address` LIKE ? or `name` LIKE ? or `full_con...' at line 1 at /home/revoycom/public_html/vendor/laravel/framework/src/Illuminate/Database/Connection.php:359)
[stacktrace]
#0 /home/revoycom/public_html/vendor/laravel/framework/src/Illuminate/Database/Connection.php(359): PDO->prepare('select count(*)...')
#1 /home/revoycom/public_html/vendor/laravel/framework/src/Illuminate/Database/Connection.php(696): Illuminate\\Database\\Connection->Illuminate\\Database\\{closure}('select count(*)...', Array)
#2 /home/revoycom/public_html/vendor/laravel/framework/src/Illuminate/Database/Connection.php(663): Illuminate\\Database\\Connection->runQueryCallback('select count(*)...', Array, Object(Closure))
#3 /home/revoycom/public_html/vendor/laravel/framework/src/Illuminate/Database/Connection.php(367): Illuminate\\Database\\Connection->run('select count(*)...', Array, Object(Closure))
#4 /home/revoycom/public_html/vendor/laravel/framework/src/Illuminate/Database/Query/Builder.php(2352): Illuminate\\Database\\Connection->select('select count(*)...', Array, true)
#5 /home/revoycom/public_html/vendor/laravel/framework/src/Illuminate/Database/Query/Builder.php(2340): Illuminate\\Database\\Query\\Builder->runSelect()
#6 /home/revoycom/public_html/vendor/laravel/framework/src/Illuminate/Database/Query/Builder.php(2874): Illuminate\\Database\\Query\\Builder->Illuminate\\Database\\Query\\{closure}()
#7 /home/revoycom/public_html/vendor/laravel/framework/src/Illuminate/Database/Query/Builder.php(2341): Illuminate\\Database\\Query\\Builder->onceWithColumns(Array, Object(Closure))
#8 /home/revoycom/public_html/vendor/laravel/framework/src/Illuminate/Database/Query/Builder.php(2801): Illuminate\\Database\\Query\\Builder->get(Array)
#9 /home/revoycom/public_html/vendor/laravel/framework/src/Illuminate/Database/Query/Builder.php(2729): Illuminate\\Database\\Query\\Builder->aggregate('count', Array)
#10 /home/revoycom/public_html/vendor/laravel/framework/src/Illuminate/Database/Eloquent/Builder.php(1655): Illuminate\\Database\\Query\\Builder->count()
#11 /home/revoycom/public_html/app/Http/Controllers/CommonController.php(1617): Illuminate\\Database\\Eloquent\\Builder->__call('count', Array)
#12 /home/revoycom/public_html/vendor/laravel/framework/src/Illuminate/Routing/Controller.php(54): App\\Http\\Controllers\\CommonController->load_property(Object(Illuminate\\Http\\Request))
#13 /home/revoycom/public_html/vendor/laravel/framework/src/Illuminate/Routing/ControllerDispatcher.php(45): Illuminate\\Routing\\Controller->callAction('load_property', Array)
#14 /home/revoycom/public_html/vendor/laravel/framework/src/Illuminate/Routing/Route.php(262): Illuminate\\Routing\\ControllerDispatcher->dispatch(Object(Illuminate\\Routing\\Route), Object(App\\Http\\Controllers\\CommonController), 'load_property')
#15 /home/revoycom/public_html/vendor/laravel/framework/src/Illuminate/Routing/Route.php(205): Illuminate\\Routing\\Route->runController()
#16 /home/revoycom/public_html/vendor/laravel/framework/src/Illuminate/Routing/Router.php(695): Illuminate\\Routing\\Route->run()
#17 /home/revoycom/public_html/vendor/laravel/framework/src/Illuminate/Pipeline/Pipeline.php(128): Illuminate\\Routing\\Router->Illuminate\\Routing\\{closure}(Object(Illuminate\\Http\\Request))
#18 /home/revoycom/public_html/app/Http/Middleware/RedirectIfAuthenticated.php(29): Illuminate\\Pipeline\\Pipeline->Illuminate\\Pipeline\\{closure}(Object(Illuminate\\Http\\Request))
#19 /home/revoycom/public_html/vendor/laravel/framework/src/Illuminate/Pipeline/Pipeline.php(167): App\\Http\\Middleware\\RedirectIfAuthenticated->handle(Object(Illuminate\\Http\\Request), Object(Closure))
#20 /home/revoycom/public_html/vendor/laravel/framework/src/Illuminate/Routing/Middleware/SubstituteBindings.php(50): Illuminate\\Pipeline\\Pipeline->Illuminate\\Pipeline\\{closure}(Object(Illuminate\\Http\\Request))
#21 /home/revoycom/public_html/vendor/laravel/framework/src/Illuminate/Pipeline/Pipeline.php(167): Illuminate\\Routing\\Middleware\\SubstituteBindings->handle(Object(Illuminate\\Http\\Request), Object(Closure))
#22 /home/revoycom/public_html/vendor/laravel/framework/src/Illuminate/Foundation/Http/Middleware/VerifyCsrfToken.php(78): Illuminate\\Pipeline\\Pipeline->Illuminate\\Pipeline\\{closure}(Object(Illuminate\\Http\\Request))
#23 /home/revoycom/public_html/vendor/laravel/framework/src/Illuminate/Pipeline/Pipeline.php(167): Illuminate\\Foundation\\Http\\Middleware\\VerifyCsrfToken->handle(Object(Illuminate\\Http\\Request), Object(Closure))
#24 /home/revoycom/public_html/vendor/laravel/framework/src/Illuminate/View/Middleware/ShareErrorsFromSession.php(49): Illuminate\\Pipeline\\Pipeline->Illuminate\\Pipeline\\{closure}(Object(Illuminate\\Http\\Request))
#25 /home/revoycom/public_html/vendor/laravel/framework/src/Illuminate/Pipeline/Pipeline.php(167): Illuminate\\View\\Middleware\\ShareErrorsFromSession->handle(Object(Illuminate\\Http\\Request), Object(Closure))
#26 /home/revoycom/public_html/vendor/laravel/framework/src/Illuminate/Session/Middleware/StartSession.php(121): Illuminate\\Pipeline\\Pipeline->Illuminate\\Pipeline\\{closure}(Object(Illuminate\\Http\\Request))
#27 /home/revoycom/public_html/vendor/laravel/framework/src/Illuminate/Session/Middleware/StartSession.php(64): Illuminate\\Session\\Middleware\\StartSession->handleStatefulRequest(Object(Illuminate\\Http\\Request), Object(Illuminate\\Session\\Store), Object(Closure))
#28 /home/revoycom/public_html/vendor/laravel/framework/src/Illuminate/Pipeline/Pipeline.php(167): Illuminate\\Session\\Middleware\\StartSession->handle(Object(Illuminate\\Http\\Request), Object(Closure))
#29 /home/revoycom/public_html/vendor/laravel/framework/src/Illuminate/Cookie/Middleware/AddQueuedCookiesToResponse.php(37): Illuminate\\Pipeline\\Pipeline->Illuminate\\Pipeline\\{closure}(Object(Illuminate\\Http\\Request))
#30 /home/revoycom/public_html/vendor/laravel/framework/src/Illuminate/Pipeline/Pipeline.php(167): Illuminate\\Cookie\\Middleware\\AddQueuedCookiesToResponse->handle(Object(Illuminate\\Http\\Request), Object(Closure))
#31 /home/revoycom/public_html/vendor/laravel/framework/src/Illuminate/Cookie/Middleware/EncryptCookies.php(67): Illuminate\\Pipeline\\Pipeline->Illuminate\\Pipeline\\{closure}(Object(Illuminate\\Http\\Request))
#32 /home/revoycom/public_html/vendor/laravel/framework/src/Illuminate/Pipeline/Pipeline.php(167): Illuminate\\Cookie\\Middleware\\EncryptCookies->handle(Object(Illuminate\\Http\\Request), Object(Closure))
#33 /home/revoycom/public_html/vendor/laravel/framework/src/Illuminate/Pipeline/Pipeline.php(103): Illuminate\\Pipeline\\Pipeline->Illuminate\\Pipeline\\{closure}(Object(Illuminate\\Http\\Request))
#34 /home/revoycom/public_html/vendor/laravel/framework/src/Illuminate/Routing/Router.php(697): Illuminate\\Pipeline\\Pipeline->then(Object(Closure))
#35 /home/revoycom/public_html/vendor/laravel/framework/src/Illuminate/Routing/Router.php(672): Illuminate\\Routing\\Router->runRouteWithinStack(Object(Illuminate\\Routing\\Route), Object(Illuminate\\Http\\Request))
#36 /home/revoycom/public_html/vendor/laravel/framework/src/Illuminate/Routing/Router.php(636): Illuminate\\Routing\\Router->runRoute(Object(Illuminate\\Http\\Request), Object(Illuminate\\Routing\\Route))
#37 /home/revoycom/public_html/vendor/laravel/framework/src/Illuminate/Routing/Router.php(625): Illuminate\\Routing\\Router->dispatchToRoute(Object(Illuminate\\Http\\Request))
#38 /home/revoycom/public_html/vendor/laravel/framework/src/Illuminate/Foundation/Http/Kernel.php(167): Illuminate\\Routing\\Router->dispatch(Object(Illuminate\\Http\\Request))
#39 /home/revoycom/public_html/vendor/laravel/framework/src/Illuminate/Pipeline/Pipeline.php(128): Illuminate\\Foundation\\Http\\Kernel->Illuminate\\Foundation\\Http\\{closure}(Object(Illuminate\\Http\\Request))
#40 /home/revoycom/public_html/vendor/laravel/framework/src/Illuminate/Foundation/Http/Middleware/TransformsRequest.php(21): Illuminate\\Pipeline\\Pipeline->Illuminate\\Pipeline\\{closure}(Object(Illuminate\\Http\\Request))
#41 /home/revoycom/public_html/vendor/laravel/framework/src/Illuminate/Foundation/Http/Middleware/ConvertEmptyStringsToNull.php(31): Illuminate\\Foundation\\Http\\Middleware\\TransformsRequest->handle(Object(Illuminate\\Http\\Request), Object(Closure))
#42 /home/revoycom/public_html/vendor/laravel/framework/src/Illuminate/Pipeline/Pipeline.php(167): Illuminate\\Foundation\\Http\\Middleware\\ConvertEmptyStringsToNull->handle(Object(Illuminate\\Http\\Request), Object(Closure))
#43 /home/revoycom/public_html/vendor/laravel/framework/src/Illuminate/Foundation/Http/Middleware/TransformsRequest.php(21): Illuminate\\Pipeline\\Pipeline->Illuminate\\Pipeline\\{closure}(Object(Illuminate\\Http\\Request))
#44 /home/revoycom/public_html/vendor/laravel/framework/src/Illuminate/Foundation/Http/Middleware/TrimStrings.php(40): Illuminate\\Foundation\\Http\\Middleware\\TransformsRequest->handle(Object(Illuminate\\Http\\Request), Object(Closure))
#45 /home/revoycom/public_html/vendor/laravel/framework/src/Illuminate/Pipeline/Pipeline.php(167): Illuminate\\Foundation\\Http\\Middleware\\TrimStrings->handle(Object(Illuminate\\Http\\Request), Object(Closure))
#46 /home/revoycom/public_html/vendor/laravel/framework/src/Illuminate/Foundation/Http/Middleware/ValidatePostSize.php(27): Illuminate\\Pipeline\\Pipeline->Illuminate\\Pipeline\\{closure}(Object(Illuminate\\Http\\Request))
#47 /home/revoycom/public_html/vendor/laravel/framework/src/Illuminate/Pipeline/Pipeline.php(167): Illuminate\\Foundation\\Http\\Middleware\\ValidatePostSize->handle(Object(Illuminate\\Http\\Request), Object(Closure))
#48 /home/revoycom/public_html/vendor/laravel/framework/src/Illuminate/Foundation/Http/Middleware/PreventRequestsDuringMaintenance.php(86): Illuminate\\Pipeline\\Pipeline->Illuminate\\Pipeline\\{closure}(Object(Illuminate\\Http\\Request))
#49 /home/revoycom/public_html/vendor/laravel/framework/src/Illuminate/Pipeline/Pipeline.php(167): Illuminate\\Foundation\\Http\\Middleware\\PreventRequestsDuringMaintenance->handle(Object(Illuminate\\Http\\Request), Object(Closure))
#50 /home/revoycom/public_html/vendor/fruitcake/laravel-cors/src/HandleCors.php(38): Illuminate\\Pipeline\\Pipeline->Illuminate\\Pipeline\\{closure}(Object(Illuminate\\Http\\Request))
#51 /home/revoycom/public_html/vendor/laravel/framework/src/Illuminate/Pipeline/Pipeline.php(167): Fruitcake\\Cors\\HandleCors->handle(Object(Illuminate\\Http\\Request), Object(Closure))
#52 /home/revoycom/public_html/vendor/fideloper/proxy/src/TrustProxies.php(57): Illuminate\\Pipeline\\Pipeline->Illuminate\\Pipeline\\{closure}(Object(Illuminate\\Http\\Request))
#53 /home/revoycom/public_html/vendor/laravel/framework/src/Illuminate/Pipeline/Pipeline.php(167): Fideloper\\Proxy\\TrustProxies->handle(Object(Illuminate\\Http\\Request), Object(Closure))
#54 /home/revoycom/public_html/vendor/laravel/framework/src/Illuminate/Pipeline/Pipeline.php(103): Illuminate\\Pipeline\\Pipeline->Illuminate\\Pipeline\\{closure}(Object(Illuminate\\Http\\Request))
#55 /home/revoycom/public_html/vendor/laravel/framework/src/Illuminate/Foundation/Http/Kernel.php(142): Illuminate\\Pipeline\\Pipeline->then(Object(Closure))
#56 /home/revoycom/public_html/vendor/laravel/framework/src/Illuminate/Foundation/Http/Kernel.php(111): Illuminate\\Foundation\\Http\\Kernel->sendRequestThroughRouter(Object(Illuminate\\Http\\Request))
#57 /home/revoycom/public_html/index.php(52): Illuminate\\Foundation\\Http\\Kernel->handle(Object(Illuminate\\Http\\Request))
#58 {main}
"} 
[2026-06-07 12:19:41] local.ERROR: SQLSTATE[42000]: Syntax error or access violation: 1064 You have an error in your SQL syntax; check the manual that corresponds to your MariaDB server version for the right syntax to use near 'and (`suburb` LIKE ? or `street_address` LIKE ? or `name` LIKE ? or `full_con...' at line 1 (SQL: select count(*) as aggregate from `tbl_property` where status = 'Yes'  AND admin_status = 'Yes'  AND category_id =    and (`suburb` LIKE %Search% or `street_address` LIKE %Search% or `name` LIKE %Search% or `full_contents` LIKE %Search% or `street_address` LIKE %Search% or `address_unit` LIKE %Search%)) {"exception":"[object] (Illuminate\\Database\\QueryException(code: 42000): SQLSTATE[42000]: Syntax error or access violation: 1064 You have an error in your SQL syntax; check the manual that corresponds to your MariaDB server version for the right syntax to use near 'and (`suburb` LIKE ? or `street_address` LIKE ? or `name` LIKE ? or `full_con...' at line 1 (SQL: select count(*) as aggregate from `tbl_property` where status = 'Yes'  AND admin_status = 'Yes'  AND category_id =    and (`suburb` LIKE %Search% or `street_address` LIKE %Search% or `name` LIKE %Search% or `full_contents` LIKE %Search% or `street_address` LIKE %Search% or `address_unit` LIKE %Search%)) at /home/revoycom/public_html/vendor/laravel/framework/src/Illuminate/Database/Connection.php:703)
[stacktrace]
#0 /home/revoycom/public_html/vendor/laravel/framework/src/Illuminate/Database/Connection.php(663): Illuminate\\Database\\Connection->runQueryCallback('select count(*)...', Array, Object(Closure))
#1 /home/revoycom/public_html/vendor/laravel/framework/src/Illuminate/Database/Connection.php(367): Illuminate\\Database\\Connection->run('select count(*)...', Array, Object(Closure))
#2 /home/revoycom/public_html/vendor/laravel/framework/src/Illuminate/Database/Query/Builder.php(2352): Illuminate\\Database\\Connection->select('select count(*)...', Array, true)
#3 /home/revoycom/public_html/vendor/laravel/framework/src/Illuminate/Database/Query/Builder.php(2340): Illuminate\\Database\\Query\\Builder->runSelect()
#4 /home/revoycom/public_html/vendor/laravel/framework/src/Illuminate/Database/Query/Builder.php(2874): Illuminate\\Database\\Query\\Builder->Illuminate\\Database\\Query\\{closure}()
#5 /home/revoycom/public_html/vendor/laravel/framework/src/Illuminate/Database/Query/Builder.php(2341): Illuminate\\Database\\Query\\Builder->onceWithColumns(Array, Object(Closure))
#6 /home/revoycom/public_html/vendor/laravel/framework/src/Illuminate/Database/Query/Builder.php(2801): Illuminate\\Database\\Query\\Builder->get(Array)
#7 /home/revoycom/public_html/vendor/laravel/framework/src/Illuminate/Database/Query/Builder.php(2729): Illuminate\\Database\\Query\\Builder->aggregate('count', Array)
#8 /home/revoycom/public_html/vendor/laravel/framework/src/Illuminate/Database/Eloquent/Builder.php(1655): Illuminate\\Database\\Query\\Builder->count()
#9 /home/revoycom/public_html/app/Http/Controllers/CommonController.php(1617): Illuminate\\Database\\Eloquent\\Builder->__call('count', Array)
#10 /home/revoycom/public_html/vendor/laravel/framework/src/Illuminate/Routing/Controller.php(54): App\\Http\\Controllers\\CommonController->load_property(Object(Illuminate\\Http\\Request))
#11 /home/revoycom/public_html/vendor/laravel/framework/src/Illuminate/Routing/ControllerDispatcher.php(45): Illuminate\\Routing\\Controller->callAction('load_property', Array)
#12 /home/revoycom/public_html/vendor/laravel/framework/src/Illuminate/Routing/Route.php(262): Illuminate\\Routing\\ControllerDispatcher->dispatch(Object(Illuminate\\Routing\\Route), Object(App\\Http\\Controllers\\CommonController), 'load_property')
#13 /home/revoycom/public_html/vendor/laravel/framework/src/Illuminate/Routing/Route.php(205): Illuminate\\Routing\\Route->runController()
#14 /home/revoycom/public_html/vendor/laravel/framework/src/Illuminate/Routing/Router.php(695): Illuminate\\Routing\\Route->run()
#15 /home/revoycom/public_html/vendor/laravel/framework/src/Illuminate/Pipeline/Pipeline.php(128): Illuminate\\Routing\\Router->Illuminate\\Routing\\{closure}(Object(Illuminate\\Http\\Request))
#16 /home/revoycom/public_html/app/Http/Middleware/RedirectIfAuthenticated.php(29): Illuminate\\Pipeline\\Pipeline->Illuminate\\Pipeline\\{closure}(Object(Illuminate\\Http\\Request))
#17 /home/revoycom/public_html/vendor/laravel/framework/src/Illuminate/Pipeline/Pipeline.php(167): App\\Http\\Middleware\\RedirectIfAuthenticated->handle(Object(Illuminate\\Http\\Request), Object(Closure))
#18 /home/revoycom/public_html/vendor/laravel/framework/src/Illuminate/Routing/Middleware/SubstituteBindings.php(50): Illuminate\\Pipeline\\Pipeline->Illuminate\\Pipeline\\{closure}(Object(Illuminate\\Http\\Request))
#19 /home/revoycom/public_html/vendor/laravel/framework/src/Illuminate/Pipeline/Pipeline.php(167): Illuminate\\Routing\\Middleware\\SubstituteBindings->handle(Object(Illuminate\\Http\\Request), Object(Closure))
#20 /home/revoycom/public_html/vendor/laravel/framework/src/Illuminate/Foundation/Http/Middleware/VerifyCsrfToken.php(78): Illuminate\\Pipeline\\Pipeline->Illuminate\\Pipeline\\{closure}(Object(Illuminate\\Http\\Request))
#21 /home/revoycom/public_html/vendor/laravel/framework/src/Illuminate/Pipeline/Pipeline.php(167): Illuminate\\Foundation\\Http\\Middleware\\VerifyCsrfToken->handle(Object(Illuminate\\Http\\Request), Object(Closure))
#22 /home/revoycom/public_html/vendor/laravel/framework/src/Illuminate/View/Middleware/ShareErrorsFromSession.php(49): Illuminate\\Pipeline\\Pipeline->Illuminate\\Pipeline\\{closure}(Object(Illuminate\\Http\\Request))
#23 /home/revoycom/public_html/vendor/laravel/framework/src/Illuminate/Pipeline/Pipeline.php(167): Illuminate\\View\\Middleware\\ShareErrorsFromSession->handle(Object(Illuminate\\Http\\Request), Object(Closure))
#24 /home/revoycom/public_html/vendor/laravel/framework/src/Illuminate/Session/Middleware/StartSession.php(121): Illuminate\\Pipeline\\Pipeline->Illuminate\\Pipeline\\{closure}(Object(Illuminate\\Http\\Request))
#25 /home/revoycom/public_html/vendor/laravel/framework/src/Illuminate/Session/Middleware/StartSession.php(64): Illuminate\\Session\\Middleware\\StartSession->handleStatefulRequest(Object(Illuminate\\Http\\Request), Object(Illuminate\\Session\\Store), Object(Closure))
#26 /home/revoycom/public_html/vendor/laravel/framework/src/Illuminate/Pipeline/Pipeline.php(167): Illuminate\\Session\\Middleware\\StartSession->handle(Object(Illuminate\\Http\\Request), Object(Closure))
#27 /home/revoycom/public_html/vendor/laravel/framework/src/Illuminate/Cookie/Middleware/AddQueuedCookiesToResponse.php(37): Illuminate\\Pipeline\\Pipeline->Illuminate\\Pipeline\\{closure}(Object(Illuminate\\Http\\Request))
#28 /home/revoycom/public_html/vendor/laravel/framework/src/Illuminate/Pipeline/Pipeline.php(167): Illuminate\\Cookie\\Middleware\\AddQueuedCookiesToResponse->handle(Object(Illuminate\\Http\\Request), Object(Closure))
#29 /home/revoycom/public_html/vendor/laravel/framework/src/Illuminate/Cookie/Middleware/EncryptCookies.php(67): Illuminate\\Pipeline\\Pipeline->Illuminate\\Pipeline\\{closure}(Object(Illuminate\\Http\\Request))
#30 /home/revoycom/public_html/vendor/laravel/framework/src/Illuminate/Pipeline/Pipeline.php(167): Illuminate\\Cookie\\Middleware\\EncryptCookies->handle(Object(Illuminate\\Http\\Request), Object(Closure))
#31 /home/revoycom/public_html/vendor/laravel/framework/src/Illuminate/Pipeline/Pipeline.php(103): Illuminate\\Pipeline\\Pipeline->Illuminate\\Pipeline\\{closure}(Object(Illuminate\\Http\\Request))
#32 /home/revoycom/public_html/vendor/laravel/framework/src/Illuminate/Routing/Router.php(697): Illuminate\\Pipeline\\Pipeline->then(Object(Closure))
#33 /home/revoycom/public_html/vendor/laravel/framework/src/Illuminate/Routing/Router.php(672): Illuminate\\Routing\\Router->runRouteWithinStack(Object(Illuminate\\Routing\\Route), Object(Illuminate\\Http\\Request))
#34 /home/revoycom/public_html/vendor/laravel/framework/src/Illuminate/Routing/Router.php(636): Illuminate\\Routing\\Router->runRoute(Object(Illuminate\\Http\\Request), Object(Illuminate\\Routing\\Route))
#35 /home/revoycom/public_html/vendor/laravel/framework/src/Illuminate/Routing/Router.php(625): Illuminate\\Routing\\Router->dispatchToRoute(Object(Illuminate\\Http\\Request))
#36 /home/revoycom/public_html/vendor/laravel/framework/src/Illuminate/Foundation/Http/Kernel.php(167): Illuminate\\Routing\\Router->dispatch(Object(Illuminate\\Http\\Request))
#37 /home/revoycom/public_html/vendor/laravel/framework/src/Illuminate/Pipeline/Pipeline.php(128): Illuminate\\Foundation\\Http\\Kernel->Illuminate\\Foundation\\Http\\{closure}(Object(Illuminate\\Http\\Request))
#38 /home/revoycom/public_html/vendor/laravel/framework/src/Illuminate/Foundation/Http/Middleware/TransformsRequest.php(21): Illuminate\\Pipeline\\Pipeline->Illuminate\\Pipeline\\{closure}(Object(Illuminate\\Http\\Request))
#39 /home/revoycom/public_html/vendor/laravel/framework/src/Illuminate/Foundation/Http/Middleware/ConvertEmptyStringsToNull.php(31): Illuminate\\Foundation\\Http\\Middleware\\TransformsRequest->handle(Object(Illuminate\\Http\\Request), Object(Closure))
#40 /home/revoycom/public_html/vendor/laravel/framework/src/Illuminate/Pipeline/Pipeline.php(167): Illuminate\\Foundation\\Http\\Middleware\\ConvertEmptyStringsToNull->handle(Object(Illuminate\\Http\\Request), Object(Closure))
#41 /home/revoycom/public_html/vendor/laravel/framework/src/Illuminate/Foundation/Http/Middleware/TransformsRequest.php(21): Illuminate\\Pipeline\\Pipeline->Illuminate\\Pipeline\\{closure}(Object(Illuminate\\Http\\Request))
#42 /home/revoycom/public_html/vendor/laravel/framework/src/Illuminate/Foundation/Http/Middleware/TrimStrings.php(40): Illuminate\\Foundation\\Http\\Middleware\\TransformsRequest->handle(Object(Illuminate\\Http\\Request), Object(Closure))
#43 /home/revoycom/public_html/vendor/laravel/framework/src/Illuminate/Pipeline/Pipeline.php(167): Illuminate\\Foundation\\Http\\Middleware\\TrimStrings->handle(Object(Illuminate\\Http\\Request), Object(Closure))
#44 /home/revoycom/public_html/vendor/laravel/framework/src/Illuminate/Foundation/Http/Middleware/ValidatePostSize.php(27): Illuminate\\Pipeline\\Pipeline->Illuminate\\Pipeline\\{closure}(Object(Illuminate\\Http\\Request))
#45 /home/revoycom/public_html/vendor/laravel/framework/src/Illuminate/Pipeline/Pipeline.php(167): Illuminate\\Foundation\\Http\\Middleware\\ValidatePostSize->handle(Object(Illuminate\\Http\\Request), Object(Closure))
#46 /home/revoycom/public_html/vendor/laravel/framework/src/Illuminate/Foundation/Http/Middleware/PreventRequestsDuringMaintenance.php(86): Illuminate\\Pipeline\\Pipeline->Illuminate\\Pipeline\\{closure}(Object(Illuminate\\Http\\Request))
#47 /home/revoycom/public_html/vendor/laravel/framework/src/Illuminate/Pipeline/Pipeline.php(167): Illuminate\\Foundation\\Http\\Middleware\\PreventRequestsDuringMaintenance->handle(Object(Illuminate\\Http\\Request), Object(Closure))
#48 /home/revoycom/public_html/vendor/fruitcake/laravel-cors/src/HandleCors.php(38): Illuminate\\Pipeline\\Pipeline->Illuminate\\Pipeline\\{closure}(Object(Illuminate\\Http\\Request))
#49 /home/revoycom/public_html/vendor/laravel/framework/src/Illuminate/Pipeline/Pipeline.php(167): Fruitcake\\Cors\\HandleCors->handle(Object(Illuminate\\Http\\Request), Object(Closure))
#50 /home/revoycom/public_html/vendor/fideloper/proxy/src/TrustProxies.php(57): Illuminate\\Pipeline\\Pipeline->Illuminate\\Pipeline\\{closure}(Object(Illuminate\\Http\\Request))
#51 /home/revoycom/public_html/vendor/laravel/framework/src/Illuminate/Pipeline/Pipeline.php(167): Fideloper\\Proxy\\TrustProxies->handle(Object(Illuminate\\Http\\Request), Object(Closure))
#52 /home/revoycom/public_html/vendor/laravel/framework/src/Illuminate/Pipeline/Pipeline.php(103): Illuminate\\Pipeline\\Pipeline->Illuminate\\Pipeline\\{closure}(Object(Illuminate\\Http\\Request))
#53 /home/revoycom/public_html/vendor/laravel/framework/src/Illuminate/Foundation/Http/Kernel.php(142): Illuminate\\Pipeline\\Pipeline->then(Object(Closure))
#54 /home/revoycom/public_html/vendor/laravel/framework/src/Illuminate/Foundation/Http/Kernel.php(111): Illuminate\\Foundation\\Http\\Kernel->sendRequestThroughRouter(Object(Illuminate\\Http\\Request))
#55 /home/revoycom/public_html/index.php(52): Illuminate\\Foundation\\Http\\Kernel->handle(Object(Illuminate\\Http\\Request))
#56 {main}

[previous exception] [object] (PDOException(code: 42000): SQLSTATE[42000]: Syntax error or access violation: 1064 You have an error in your SQL syntax; check the manual that corresponds to your MariaDB server version for the right syntax to use near 'and (`suburb` LIKE ? or `street_address` LIKE ? or `name` LIKE ? or `full_con...' at line 1 at /home/revoycom/public_html/vendor/laravel/framework/src/Illuminate/Database/Connection.php:359)
[stacktrace]
#0 /home/revoycom/public_html/vendor/laravel/framework/src/Illuminate/Database/Connection.php(359): PDO->prepare('select count(*)...')
#1 /home/revoycom/public_html/vendor/laravel/framework/src/Illuminate/Database/Connection.php(696): Illuminate\\Database\\Connection->Illuminate\\Database\\{closure}('select count(*)...', Array)
#2 /home/revoycom/public_html/vendor/laravel/framework/src/Illuminate/Database/Connection.php(663): Illuminate\\Database\\Connection->runQueryCallback('select count(*)...', Array, Object(Closure))
#3 /home/revoycom/public_html/vendor/laravel/framework/src/Illuminate/Database/Connection.php(367): Illuminate\\Database\\Connection->run('select count(*)...', Array, Object(Closure))
#4 /home/revoycom/public_html/vendor/laravel/framework/src/Illuminate/Database/Query/Builder.php(2352): Illuminate\\Database\\Connection->select('select count(*)...', Array, true)
#5 /home/revoycom/public_html/vendor/laravel/framework/src/Illuminate/Database/Query/Builder.php(2340): Illuminate\\Database\\Query\\Builder->runSelect()
#6 /home/revoycom/public_html/vendor/laravel/framework/src/Illuminate/Database/Query/Builder.php(2874): Illuminate\\Database\\Query\\Builder->Illuminate\\Database\\Query\\{closure}()
#7 /home/revoycom/public_html/vendor/laravel/framework/src/Illuminate/Database/Query/Builder.php(2341): Illuminate\\Database\\Query\\Builder->onceWithColumns(Array, Object(Closure))
#8 /home/revoycom/public_html/vendor/laravel/framework/src/Illuminate/Database/Query/Builder.php(2801): Illuminate\\Database\\Query\\Builder->get(Array)
#9 /home/revoycom/public_html/vendor/laravel/framework/src/Illuminate/Database/Query/Builder.php(2729): Illuminate\\Database\\Query\\Builder->aggregate('count', Array)
#10 /home/revoycom/public_html/vendor/laravel/framework/src/Illuminate/Database/Eloquent/Builder.php(1655): Illuminate\\Database\\Query\\Builder->count()
#11 /home/revoycom/public_html/app/Http/Controllers/CommonController.php(1617): Illuminate\\Database\\Eloquent\\Builder->__call('count', Array)
#12 /home/revoycom/public_html/vendor/laravel/framework/src/Illuminate/Routing/Controller.php(54): App\\Http\\Controllers\\CommonController->load_property(Object(Illuminate\\Http\\Request))
#13 /home/revoycom/public_html/vendor/laravel/framework/src/Illuminate/Routing/ControllerDispatcher.php(45): Illuminate\\Routing\\Controller->callAction('load_property', Array)
#14 /home/revoycom/public_html/vendor/laravel/framework/src/Illuminate/Routing/Route.php(262): Illuminate\\Routing\\ControllerDispatcher->dispatch(Object(Illuminate\\Routing\\Route), Object(App\\Http\\Controllers\\CommonController), 'load_property')
#15 /home/revoycom/public_html/vendor/laravel/framework/src/Illuminate/Routing/Route.php(205): Illuminate\\Routing\\Route->runController()
#16 /home/revoycom/public_html/vendor/laravel/framework/src/Illuminate/Routing/Router.php(695): Illuminate\\Routing\\Route->run()
#17 /home/revoycom/public_html/vendor/laravel/framework/src/Illuminate/Pipeline/Pipeline.php(128): Illuminate\\Routing\\Router->Illuminate\\Routing\\{closure}(Object(Illuminate\\Http\\Request))
#18 /home/revoycom/public_html/app/Http/Middleware/RedirectIfAuthenticated.php(29): Illuminate\\Pipeline\\Pipeline->Illuminate\\Pipeline\\{closure}(Object(Illuminate\\Http\\Request))
#19 /home/revoycom/public_html/vendor/laravel/framework/src/Illuminate/Pipeline/Pipeline.php(167): App\\Http\\Middleware\\RedirectIfAuthenticated->handle(Object(Illuminate\\Http\\Request), Object(Closure))
#20 /home/revoycom/public_html/vendor/laravel/framework/src/Illuminate/Routing/Middleware/SubstituteBindings.php(50): Illuminate\\Pipeline\\Pipeline->Illuminate\\Pipeline\\{closure}(Object(Illuminate\\Http\\Request))
#21 /home/revoycom/public_html/vendor/laravel/framework/src/Illuminate/Pipeline/Pipeline.php(167): Illuminate\\Routing\\Middleware\\SubstituteBindings->handle(Object(Illuminate\\Http\\Request), Object(Closure))
#22 /home/revoycom/public_html/vendor/laravel/framework/src/Illuminate/Foundation/Http/Middleware/VerifyCsrfToken.php(78): Illuminate\\Pipeline\\Pipeline->Illuminate\\Pipeline\\{closure}(Object(Illuminate\\Http\\Request))
#23 /home/revoycom/public_html/vendor/laravel/framework/src/Illuminate/Pipeline/Pipeline.php(167): Illuminate\\Foundation\\Http\\Middleware\\VerifyCsrfToken->handle(Object(Illuminate\\Http\\Request), Object(Closure))
#24 /home/revoycom/public_html/vendor/laravel/framework/src/Illuminate/View/Middleware/ShareErrorsFromSession.php(49): Illuminate\\Pipeline\\Pipeline->Illuminate\\Pipeline\\{closure}(Object(Illuminate\\Http\\Request))
#25 /home/revoycom/public_html/vendor/laravel/framework/src/Illuminate/Pipeline/Pipeline.php(167): Illuminate\\View\\Middleware\\ShareErrorsFromSession->handle(Object(Illuminate\\Http\\Request), Object(Closure))
#26 /home/revoycom/public_html/vendor/laravel/framework/src/Illuminate/Session/Middleware/StartSession.php(121): Illuminate\\Pipeline\\Pipeline->Illuminate\\Pipeline\\{closure}(Object(Illuminate\\Http\\Request))
#27 /home/revoycom/public_html/vendor/laravel/framework/src/Illuminate/Session/Middleware/StartSession.php(64): Illuminate\\Session\\Middleware\\StartSession->handleStatefulRequest(Object(Illuminate\\Http\\Request), Object(Illuminate\\Session\\Store), Object(Closure))
#28 /home/revoycom/public_html/vendor/laravel/framework/src/Illuminate/Pipeline/Pipeline.php(167): Illuminate\\Session\\Middleware\\StartSession->handle(Object(Illuminate\\Http\\Request), Object(Closure))
#29 /home/revoycom/public_html/vendor/laravel/framework/src/Illuminate/Cookie/Middleware/AddQueuedCookiesToResponse.php(37): Illuminate\\Pipeline\\Pipeline->Illuminate\\Pipeline\\{closure}(Object(Illuminate\\Http\\Request))
#30 /home/revoycom/public_html/vendor/laravel/framework/src/Illuminate/Pipeline/Pipeline.php(167): Illuminate\\Cookie\\Middleware\\AddQueuedCookiesToResponse->handle(Object(Illuminate\\Http\\Request), Object(Closure))
#31 /home/revoycom/public_html/vendor/laravel/framework/src/Illuminate/Cookie/Middleware/EncryptCookies.php(67): Illuminate\\Pipeline\\Pipeline->Illuminate\\Pipeline\\{closure}(Object(Illuminate\\Http\\Request))
#32 /home/revoycom/public_html/vendor/laravel/framework/src/Illuminate/Pipeline/Pipeline.php(167): Illuminate\\Cookie\\Middleware\\EncryptCookies->handle(Object(Illuminate\\Http\\Request), Object(Closure))
#33 /home/revoycom/public_html/vendor/laravel/framework/src/Illuminate/Pipeline/Pipeline.php(103): Illuminate\\Pipeline\\Pipeline->Illuminate\\Pipeline\\{closure}(Object(Illuminate\\Http\\Request))
#34 /home/revoycom/public_html/vendor/laravel/framework/src/Illuminate/Routing/Router.php(697): Illuminate\\Pipeline\\Pipeline->then(Object(Closure))
#35 /home/revoycom/public_html/vendor/laravel/framework/src/Illuminate/Routing/Router.php(672): Illuminate\\Routing\\Router->runRouteWithinStack(Object(Illuminate\\Routing\\Route), Object(Illuminate\\Http\\Request))
#36 /home/revoycom/public_html/vendor/laravel/framework/src/Illuminate/Routing/Router.php(636): Illuminate\\Routing\\Router->runRoute(Object(Illuminate\\Http\\Request), Object(Illuminate\\Routing\\Route))
#37 /home/revoycom/public_html/vendor/laravel/framework/src/Illuminate/Routing/Router.php(625): Illuminate\\Routing\\Router->dispatchToRoute(Object(Illuminate\\Http\\Request))
#38 /home/revoycom/public_html/vendor/laravel/framework/src/Illuminate/Foundation/Http/Kernel.php(167): Illuminate\\Routing\\Router->dispatch(Object(Illuminate\\Http\\Request))
#39 /home/revoycom/public_html/vendor/laravel/framework/src/Illuminate/Pipeline/Pipeline.php(128): Illuminate\\Foundation\\Http\\Kernel->Illuminate\\Foundation\\Http\\{closure}(Object(Illuminate\\Http\\Request))
#40 /home/revoycom/public_html/vendor/laravel/framework/src/Illuminate/Foundation/Http/Middleware/TransformsRequest.php(21): Illuminate\\Pipeline\\Pipeline->Illuminate\\Pipeline\\{closure}(Object(Illuminate\\Http\\Request))
#41 /home/revoycom/public_html/vendor/laravel/framework/src/Illuminate/Foundation/Http/Middleware/ConvertEmptyStringsToNull.php(31): Illuminate\\Foundation\\Http\\Middleware\\TransformsRequest->handle(Object(Illuminate\\Http\\Request), Object(Closure))
#42 /home/revoycom/public_html/vendor/laravel/framework/src/Illuminate/Pipeline/Pipeline.php(167): Illuminate\\Foundation\\Http\\Middleware\\ConvertEmptyStringsToNull->handle(Object(Illuminate\\Http\\Request), Object(Closure))
#43 /home/revoycom/public_html/vendor/laravel/framework/src/Illuminate/Foundation/Http/Middleware/TransformsRequest.php(21): Illuminate\\Pipeline\\Pipeline->Illuminate\\Pipeline\\{closure}(Object(Illuminate\\Http\\Request))
#44 /home/revoycom/public_html/vendor/laravel/framework/src/Illuminate/Foundation/Http/Middleware/TrimStrings.php(40): Illuminate\\Foundation\\Http\\Middleware\\TransformsRequest->handle(Object(Illuminate\\Http\\Request), Object(Closure))
#45 /home/revoycom/public_html/vendor/laravel/framework/src/Illuminate/Pipeline/Pipeline.php(167): Illuminate\\Foundation\\Http\\Middleware\\TrimStrings->handle(Object(Illuminate\\Http\\Request), Object(Closure))
#46 /home/revoycom/public_html/vendor/laravel/framework/src/Illuminate/Foundation/Http/Middleware/ValidatePostSize.php(27): Illuminate\\Pipeline\\Pipeline->Illuminate\\Pipeline\\{closure}(Object(Illuminate\\Http\\Request))
#47 /home/revoycom/public_html/vendor/laravel/framework/src/Illuminate/Pipeline/Pipeline.php(167): Illuminate\\Foundation\\Http\\Middleware\\ValidatePostSize->handle(Object(Illuminate\\Http\\Request), Object(Closure))
#48 /home/revoycom/public_html/vendor/laravel/framework/src/Illuminate/Foundation/Http/Middleware/PreventRequestsDuringMaintenance.php(86): Illuminate\\Pipeline\\Pipeline->Illuminate\\Pipeline\\{closure}(Object(Illuminate\\Http\\Request))
#49 /home/revoycom/public_html/vendor/laravel/framework/src/Illuminate/Pipeline/Pipeline.php(167): Illuminate\\Foundation\\Http\\Middleware\\PreventRequestsDuringMaintenance->handle(Object(Illuminate\\Http\\Request), Object(Closure))
#50 /home/revoycom/public_html/vendor/fruitcake/laravel-cors/src/HandleCors.php(38): Illuminate\\Pipeline\\Pipeline->Illuminate\\Pipeline\\{closure}(Object(Illuminate\\Http\\Request))
#51 /home/revoycom/public_html/vendor/laravel/framework/src/Illuminate/Pipeline/Pipeline.php(167): Fruitcake\\Cors\\HandleCors->handle(Object(Illuminate\\Http\\Request), Object(Closure))
#52 /home/revoycom/public_html/vendor/fideloper/proxy/src/TrustProxies.php(57): Illuminate\\Pipeline\\Pipeline->Illuminate\\Pipeline\\{closure}(Object(Illuminate\\Http\\Request))
#53 /home/revoycom/public_html/vendor/laravel/framework/src/Illuminate/Pipeline/Pipeline.php(167): Fideloper\\Proxy\\TrustProxies->handle(Object(Illuminate\\Http\\Request), Object(Closure))
#54 /home/revoycom/public_html/vendor/laravel/framework/src/Illuminate/Pipeline/Pipeline.php(103): Illuminate\\Pipeline\\Pipeline->Illuminate\\Pipeline\\{closure}(Object(Illuminate\\Http\\Request))
#55 /home/revoycom/public_html/vendor/laravel/framework/src/Illuminate/Foundation/Http/Kernel.php(142): Illuminate\\Pipeline\\Pipeline->then(Object(Closure))
#56 /home/revoycom/public_html/vendor/laravel/framework/src/Illuminate/Foundation/Http/Kernel.php(111): Illuminate\\Foundation\\Http\\Kernel->sendRequestThroughRouter(Object(Illuminate\\Http\\Request))
#57 /home/revoycom/public_html/index.php(52): Illuminate\\Foundation\\Http\\Kernel->handle(Object(Illuminate\\Http\\Request))
#58 {main}
"} 
[2026-06-07 13:00:21] local.ERROR: SQLSTATE[08004] [1040] Too many connections (SQL: select * from `tbl_email_que` where email_type != ''  limit 5) {"exception":"[object] (Illuminate\\Database\\QueryException(code: 1040): SQLSTATE[08004] [1040] Too many connections (SQL: select * from `tbl_email_que` where email_type != ''  limit 5) at /home/revoycom/public_html/vendor/laravel/framework/src/Illuminate/Database/Connection.php:703)
[stacktrace]
#0 /home/revoycom/public_html/vendor/laravel/framework/src/Illuminate/Database/Connection.php(663): Illuminate\\Database\\Connection->runQueryCallback('select * from `...', Array, Object(Closure))
#1 /home/revoycom/public_html/vendor/laravel/framework/src/Illuminate/Database/Connection.php(367): Illuminate\\Database\\Connection->run('select * from `...', Array, Object(Closure))
#2 /home/revoycom/public_html/vendor/laravel/framework/src/Illuminate/Database/Query/Builder.php(2352): Illuminate\\Database\\Connection->select('select * from `...', Array, true)
#3 /home/revoycom/public_html/vendor/laravel/framework/src/Illuminate/Database/Query/Builder.php(2340): Illuminate\\Database\\Query\\Builder->runSelect()
#4 /home/revoycom/public_html/vendor/laravel/framework/src/Illuminate/Database/Query/Builder.php(2874): Illuminate\\Database\\Query\\Builder->Illuminate\\Database\\Query\\{closure}()
#5 /home/revoycom/public_html/vendor/laravel/framework/src/Illuminate/Database/Query/Builder.php(2341): Illuminate\\Database\\Query\\Builder->onceWithColumns(Array, Object(Closure))
#6 /home/revoycom/public_html/vendor/laravel/framework/src/Illuminate/Database/Eloquent/Builder.php(625): Illuminate\\Database\\Query\\Builder->get(Array)
#7 /home/revoycom/public_html/vendor/laravel/framework/src/Illuminate/Database/Eloquent/Builder.php(609): Illuminate\\Database\\Eloquent\\Builder->getModels(Array)
#8 /home/revoycom/public_html/app/Http/Controllers/CronjobController.php(86): Illuminate\\Database\\Eloquent\\Builder->get()
#9 /home/revoycom/public_html/vendor/laravel/framework/src/Illuminate/Routing/Controller.php(54): App\\Http\\Controllers\\CronjobController->send_email_alert()
#10 /home/revoycom/public_html/vendor/laravel/framework/src/Illuminate/Routing/ControllerDispatcher.php(45): Illuminate\\Routing\\Controller->callAction('send_email_aler...', Array)
#11 /home/revoycom/public_html/vendor/laravel/framework/src/Illuminate/Routing/Route.php(262): Illuminate\\Routing\\ControllerDispatcher->dispatch(Object(Illuminate\\Routing\\Route), Object(App\\Http\\Controllers\\CronjobController), 'send_email_aler...')
#12 /home/revoycom/public_html/vendor/laravel/framework/src/Illuminate/Routing/Route.php(205): Illuminate\\Routing\\Route->runController()
#13 /home/revoycom/public_html/vendor/laravel/framework/src/Illuminate/Routing/Router.php(695): Illuminate\\Routing\\Route->run()
#14 /home/revoycom/public_html/vendor/laravel/framework/src/Illuminate/Pipeline/Pipeline.php(128): Illuminate\\Routing\\Router->Illuminate\\Routing\\{closure}(Object(Illuminate\\Http\\Request))
#15 /home/revoycom/public_html/app/Http/Middleware/RedirectIfAuthenticated.php(29): Illuminate\\Pipeline\\Pipeline->Illuminate\\Pipeline\\{closure}(Object(Illuminate\\Http\\Request))
#16 /home/revoycom/public_html/vendor/laravel/framework/src/Illuminate/Pipeline/Pipeline.php(167): App\\Http\\Middleware\\RedirectIfAuthenticated->handle(Object(Illuminate\\Http\\Request), Object(Closure))
#17 /home/revoycom/public_html/vendor/laravel/framework/src/Illuminate/Routing/Middleware/SubstituteBindings.php(50): Illuminate\\Pipeline\\Pipeline->Illuminate\\Pipeline\\{closure}(Object(Illuminate\\Http\\Request))
#18 /home/revoycom/public_html/vendor/laravel/framework/src/Illuminate/Pipeline/Pipeline.php(167): Illuminate\\Routing\\Middleware\\SubstituteBindings->handle(Object(Illuminate\\Http\\Request), Object(Closure))
#19 /home/revoycom/public_html/vendor/laravel/framework/src/Illuminate/Foundation/Http/Middleware/VerifyCsrfToken.php(78): Illuminate\\Pipeline\\Pipeline->Illuminate\\Pipeline\\{closure}(Object(Illuminate\\Http\\Request))
#20 /home/revoycom/public_html/vendor/laravel/framework/src/Illuminate/Pipeline/Pipeline.php(167): Illuminate\\Foundation\\Http\\Middleware\\VerifyCsrfToken->handle(Object(Illuminate\\Http\\Request), Object(Closure))
#21 /home/revoycom/public_html/vendor/laravel/framework/src/Illuminate/View/Middleware/ShareErrorsFromSession.php(49): Illuminate\\Pipeline\\Pipeline->Illuminate\\Pipeline\\{closure}(Object(Illuminate\\Http\\Request))
#22 /home/revoycom/public_html/vendor/laravel/framework/src/Illuminate/Pipeline/Pipeline.php(167): Illuminate\\View\\Middleware\\ShareErrorsFromSession->handle(Object(Illuminate\\Http\\Request), Object(Closure))
#23 /home/revoycom/public_html/vendor/laravel/framework/src/Illuminate/Session/Middleware/StartSession.php(121): Illuminate\\Pipeline\\Pipeline->Illuminate\\Pipeline\\{closure}(Object(Illuminate\\Http\\Request))
#24 /home/revoycom/public_html/vendor/laravel/framework/src/Illuminate/Session/Middleware/StartSession.php(64): Illuminate\\Session\\Middleware\\StartSession->handleStatefulRequest(Object(Illuminate\\Http\\Request), Object(Illuminate\\Session\\Store), Object(Closure))
#25 /home/revoycom/public_html/vendor/laravel/framework/src/Illuminate/Pipeline/Pipeline.php(167): Illuminate\\Session\\Middleware\\StartSession->handle(Object(Illuminate\\Http\\Request), Object(Closure))
#26 /home/revoycom/public_html/vendor/laravel/framework/src/Illuminate/Cookie/Middleware/AddQueuedCookiesToResponse.php(37): Illuminate\\Pipeline\\Pipeline->Illuminate\\Pipeline\\{closure}(Object(Illuminate\\Http\\Request))
#27 /home/revoycom/public_html/vendor/laravel/framework/src/Illuminate/Pipeline/Pipeline.php(167): Illuminate\\Cookie\\Middleware\\AddQueuedCookiesToResponse->handle(Object(Illuminate\\Http\\Request), Object(Closure))
#28 /home/revoycom/public_html/vendor/laravel/framework/src/Illuminate/Cookie/Middleware/EncryptCookies.php(67): Illuminate\\Pipeline\\Pipeline->Illuminate\\Pipeline\\{closure}(Object(Illuminate\\Http\\Request))
#29 /home/revoycom/public_html/vendor/laravel/framework/src/Illuminate/Pipeline/Pipeline.php(167): Illuminate\\Cookie\\Middleware\\EncryptCookies->handle(Object(Illuminate\\Http\\Request), Object(Closure))
#30 /home/revoycom/public_html/vendor/laravel/framework/src/Illuminate/Pipeline/Pipeline.php(103): Illuminate\\Pipeline\\Pipeline->Illuminate\\Pipeline\\{closure}(Object(Illuminate\\Http\\Request))
#31 /home/revoycom/public_html/vendor/laravel/framework/src/Illuminate/Routing/Router.php(697): Illuminate\\Pipeline\\Pipeline->then(Object(Closure))
#32 /home/revoycom/public_html/vendor/laravel/framework/src/Illuminate/Routing/Router.php(672): Illuminate\\Routing\\Router->runRouteWithinStack(Object(Illuminate\\Routing\\Route), Object(Illuminate\\Http\\Request))
#33 /home/revoycom/public_html/vendor/laravel/framework/src/Illuminate/Routing/Router.php(636): Illuminate\\Routing\\Router->runRoute(Object(Illuminate\\Http\\Request), Object(Illuminate\\Routing\\Route))
#34 /home/revoycom/public_html/vendor/laravel/framework/src/Illuminate/Routing/Router.php(625): Illuminate\\Routing\\Router->dispatchToRoute(Object(Illuminate\\Http\\Request))
#35 /home/revoycom/public_html/vendor/laravel/framework/src/Illuminate/Foundation/Http/Kernel.php(167): Illuminate\\Routing\\Router->dispatch(Object(Illuminate\\Http\\Request))
#36 /home/revoycom/public_html/vendor/laravel/framework/src/Illuminate/Pipeline/Pipeline.php(128): Illuminate\\Foundation\\Http\\Kernel->Illuminate\\Foundation\\Http\\{closure}(Object(Illuminate\\Http\\Request))
#37 /home/revoycom/public_html/vendor/laravel/framework/src/Illuminate/Foundation/Http/Middleware/TransformsRequest.php(21): Illuminate\\Pipeline\\Pipeline->Illuminate\\Pipeline\\{closure}(Object(Illuminate\\Http\\Request))
#38 /home/revoycom/public_html/vendor/laravel/framework/src/Illuminate/Foundation/Http/Middleware/ConvertEmptyStringsToNull.php(31): Illuminate\\Foundation\\Http\\Middleware\\TransformsRequest->handle(Object(Illuminate\\Http\\Request), Object(Closure))
#39 /home/revoycom/public_html/vendor/laravel/framework/src/Illuminate/Pipeline/Pipeline.php(167): Illuminate\\Foundation\\Http\\Middleware\\ConvertEmptyStringsToNull->handle(Object(Illuminate\\Http\\Request), Object(Closure))
#40 /home/revoycom/public_html/vendor/laravel/framework/src/Illuminate/Foundation/Http/Middleware/TransformsRequest.php(21): Illuminate\\Pipeline\\Pipeline->Illuminate\\Pipeline\\{closure}(Object(Illuminate\\Http\\Request))
#41 /home/revoycom/public_html/vendor/laravel/framework/src/Illuminate/Foundation/Http/Middleware/TrimStrings.php(40): Illuminate\\Foundation\\Http\\Middleware\\TransformsRequest->handle(Object(Illuminate\\Http\\Request), Object(Closure))
#42 /home/revoycom/public_html/vendor/laravel/framework/src/Illuminate/Pipeline/Pipeline.php(167): Illuminate\\Foundation\\Http\\Middleware\\TrimStrings->handle(Object(Illuminate\\Http\\Request), Object(Closure))
#43 /home/revoycom/public_html/vendor/laravel/framework/src/Illuminate/Foundation/Http/Middleware/ValidatePostSize.php(27): Illuminate\\Pipeline\\Pipeline->Illuminate\\Pipeline\\{closure}(Object(Illuminate\\Http\\Request))
#44 /home/revoycom/public_html/vendor/laravel/framework/src/Illuminate/Pipeline/Pipeline.php(167): Illuminate\\Foundation\\Http\\Middleware\\ValidatePostSize->handle(Object(Illuminate\\Http\\Request), Object(Closure))
#45 /home/revoycom/public_html/vendor/laravel/framework/src/Illuminate/Foundation/Http/Middleware/PreventRequestsDuringMaintenance.php(86): Illuminate\\Pipeline\\Pipeline->Illuminate\\Pipeline\\{closure}(Object(Illuminate\\Http\\Request))
#46 /home/revoycom/public_html/vendor/laravel/framework/src/Illuminate/Pipeline/Pipeline.php(167): Illuminate\\Foundation\\Http\\Middleware\\PreventRequestsDuringMaintenance->handle(Object(Illuminate\\Http\\Request), Object(Closure))
#47 /home/revoycom/public_html/vendor/fruitcake/laravel-cors/src/HandleCors.php(38): Illuminate\\Pipeline\\Pipeline->Illuminate\\Pipeline\\{closure}(Object(Illuminate\\Http\\Request))
#48 /home/revoycom/public_html/vendor/laravel/framework/src/Illuminate/Pipeline/Pipeline.php(167): Fruitcake\\Cors\\HandleCors->handle(Object(Illuminate\\Http\\Request), Object(Closure))
#49 /home/revoycom/public_html/vendor/fideloper/proxy/src/TrustProxies.php(57): Illuminate\\Pipeline\\Pipeline->Illuminate\\Pipeline\\{closure}(Object(Illuminate\\Http\\Request))
#50 /home/revoycom/public_html/vendor/laravel/framework/src/Illuminate/Pipeline/Pipeline.php(167): Fideloper\\Proxy\\TrustProxies->handle(Object(Illuminate\\Http\\Request), Object(Closure))
#51 /home/revoycom/public_html/vendor/laravel/framework/src/Illuminate/Pipeline/Pipeline.php(103): Illuminate\\Pipeline\\Pipeline->Illuminate\\Pipeline\\{closure}(Object(Illuminate\\Http\\Request))
#52 /home/revoycom/public_html/vendor/laravel/framework/src/Illuminate/Foundation/Http/Kernel.php(142): Illuminate\\Pipeline\\Pipeline->then(Object(Closure))
#53 /home/revoycom/public_html/vendor/laravel/framework/src/Illuminate/Foundation/Http/Kernel.php(111): Illuminate\\Foundation\\Http\\Kernel->sendRequestThroughRouter(Object(Illuminate\\Http\\Request))
#54 /home/revoycom/public_html/index.php(52): Illuminate\\Foundation\\Http\\Kernel->handle(Object(Illuminate\\Http\\Request))
#55 {main}

[previous exception] [object] (PDOException(code: 1040): SQLSTATE[08004] [1040] Too many connections at /home/revoycom/public_html/vendor/laravel/framework/src/Illuminate/Database/Connectors/Connector.php:70)
[stacktrace]
#0 /home/revoycom/public_html/vendor/laravel/framework/src/Illuminate/Database/Connectors/Connector.php(70): PDO->__construct('mysql:host=loca...', 'revoycom_User25', 'xHT8{3Yl]FkJ', Array)
#1 /home/revoycom/public_html/vendor/laravel/framework/src/Illuminate/Database/Connectors/Connector.php(46): Illuminate\\Database\\Connectors\\Connector->createPdoConnection('mysql:host=loca...', 'revoycom_User25', 'xHT8{3Yl]FkJ', Array)
#2 /home/revoycom/public_html/vendor/laravel/framework/src/Illuminate/Database/Connectors/MySqlConnector.php(24): Illuminate\\Database\\Connectors\\Connector->createConnection('mysql:host=loca...', Array, Array)
#3 /home/revoycom/public_html/vendor/laravel/framework/src/Illuminate/Database/Connectors/ConnectionFactory.php(184): Illuminate\\Database\\Connectors\\MySqlConnector->connect(Array)
#4 [internal function]: Illuminate\\Database\\Connectors\\ConnectionFactory->Illuminate\\Database\\Connectors\\{closure}()
#5 /home/revoycom/public_html/vendor/laravel/framework/src/Illuminate/Database/Connection.php(1021): call_user_func(Object(Closure))
#6 /home/revoycom/public_html/vendor/laravel/framework/src/Illuminate/Database/Connection.php(1057): Illuminate\\Database\\Connection->getPdo()
#7 /home/revoycom/public_html/vendor/laravel/framework/src/Illuminate/Database/Connection.php(433): Illuminate\\Database\\Connection->getReadPdo()
#8 /home/revoycom/public_html/vendor/laravel/framework/src/Illuminate/Database/Connection.php(359): Illuminate\\Database\\Connection->getPdoForSelect(true)
#9 /home/revoycom/public_html/vendor/laravel/framework/src/Illuminate/Database/Connection.php(696): Illuminate\\Database\\Connection->Illuminate\\Database\\{closure}('select * from `...', Array)
#10 /home/revoycom/public_html/vendor/laravel/framework/src/Illuminate/Database/Connection.php(663): Illuminate\\Database\\Connection->runQueryCallback('select * from `...', Array, Object(Closure))
#11 /home/revoycom/public_html/vendor/laravel/framework/src/Illuminate/Database/Connection.php(367): Illuminate\\Database\\Connection->run('select * from `...', Array, Object(Closure))
#12 /home/revoycom/public_html/vendor/laravel/framework/src/Illuminate/Database/Query/Builder.php(2352): Illuminate\\Database\\Connection->select('select * from `...', Array, true)
#13 /home/revoycom/public_html/vendor/laravel/framework/src/Illuminate/Database/Query/Builder.php(2340): Illuminate\\Database\\Query\\Builder->runSelect()
#14 /home/revoycom/public_html/vendor/laravel/framework/src/Illuminate/Database/Query/Builder.php(2874): Illuminate\\Database\\Query\\Builder->Illuminate\\Database\\Query\\{closure}()
#15 /home/revoycom/public_html/vendor/laravel/framework/src/Illuminate/Database/Query/Builder.php(2341): Illuminate\\Database\\Query\\Builder->onceWithColumns(Array, Object(Closure))
#16 /home/revoycom/public_html/vendor/laravel/framework/src/Illuminate/Database/Eloquent/Builder.php(625): Illuminate\\Database\\Query\\Builder->get(Array)
#17 /home/revoycom/public_html/vendor/laravel/framework/src/Illuminate/Database/Eloquent/Builder.php(609): Illuminate\\Database\\Eloquent\\Builder->getModels(Array)
#18 /home/revoycom/public_html/app/Http/Controllers/CronjobController.php(86): Illuminate\\Database\\Eloquent\\Builder->get()
#19 /home/revoycom/public_html/vendor/laravel/framework/src/Illuminate/Routing/Controller.php(54): App\\Http\\Controllers\\CronjobController->send_email_alert()
#20 /home/revoycom/public_html/vendor/laravel/framework/src/Illuminate/Routing/ControllerDispatcher.php(45): Illuminate\\Routing\\Controller->callAction('send_email_aler...', Array)
#21 /home/revoycom/public_html/vendor/laravel/framework/src/Illuminate/Routing/Route.php(262): Illuminate\\Routing\\ControllerDispatcher->dispatch(Object(Illuminate\\Routing\\Route), Object(App\\Http\\Controllers\\CronjobController), 'send_email_aler...')
#22 /home/revoycom/public_html/vendor/laravel/framework/src/Illuminate/Routing/Route.php(205): Illuminate\\Routing\\Route->runController()
#23 /home/revoycom/public_html/vendor/laravel/framework/src/Illuminate/Routing/Router.php(695): Illuminate\\Routing\\Route->run()
#24 /home/revoycom/public_html/vendor/laravel/framework/src/Illuminate/Pipeline/Pipeline.php(128): Illuminate\\Routing\\Router->Illuminate\\Routing\\{closure}(Object(Illuminate\\Http\\Request))
#25 /home/revoycom/public_html/app/Http/Middleware/RedirectIfAuthenticated.php(29): Illuminate\\Pipeline\\Pipeline->Illuminate\\Pipeline\\{closure}(Object(Illuminate\\Http\\Request))
#26 /home/revoycom/public_html/vendor/laravel/framework/src/Illuminate/Pipeline/Pipeline.php(167): App\\Http\\Middleware\\RedirectIfAuthenticated->handle(Object(Illuminate\\Http\\Request), Object(Closure))
#27 /home/revoycom/public_html/vendor/laravel/framework/src/Illuminate/Routing/Middleware/SubstituteBindings.php(50): Illuminate\\Pipeline\\Pipeline->Illuminate\\Pipeline\\{closure}(Object(Illuminate\\Http\\Request))
#28 /home/revoycom/public_html/vendor/laravel/framework/src/Illuminate/Pipeline/Pipeline.php(167): Illuminate\\Routing\\Middleware\\SubstituteBindings->handle(Object(Illuminate\\Http\\Request), Object(Closure))
#29 /home/revoycom/public_html/vendor/laravel/framework/src/Illuminate/Foundation/Http/Middleware/VerifyCsrfToken.php(78): Illuminate\\Pipeline\\Pipeline->Illuminate\\Pipeline\\{closure}(Object(Illuminate\\Http\\Request))
#30 /home/revoycom/public_html/vendor/laravel/framework/src/Illuminate/Pipeline/Pipeline.php(167): Illuminate\\Foundation\\Http\\Middleware\\VerifyCsrfToken->handle(Object(Illuminate\\Http\\Request), Object(Closure))
#31 /home/revoycom/public_html/vendor/laravel/framework/src/Illuminate/View/Middleware/ShareErrorsFromSession.php(49): Illuminate\\Pipeline\\Pipeline->Illuminate\\Pipeline\\{closure}(Object(Illuminate\\Http\\Request))
#32 /home/revoycom/public_html/vendor/laravel/framework/src/Illuminate/Pipeline/Pipeline.php(167): Illuminate\\View\\Middleware\\ShareErrorsFromSession->handle(Object(Illuminate\\Http\\Request), Object(Closure))
#33 /home/revoycom/public_html/vendor/laravel/framework/src/Illuminate/Session/Middleware/StartSession.php(121): Illuminate\\Pipeline\\Pipeline->Illuminate\\Pipeline\\{closure}(Object(Illuminate\\Http\\Request))
#34 /home/revoycom/public_html/vendor/laravel/framework/src/Illuminate/Session/Middleware/StartSession.php(64): Illuminate\\Session\\Middleware\\StartSession->handleStatefulRequest(Object(Illuminate\\Http\\Request), Object(Illuminate\\Session\\Store), Object(Closure))
#35 /home/revoycom/public_html/vendor/laravel/framework/src/Illuminate/Pipeline/Pipeline.php(167): Illuminate\\Session\\Middleware\\StartSession->handle(Object(Illuminate\\Http\\Request), Object(Closure))
#36 /home/revoycom/public_html/vendor/laravel/framework/src/Illuminate/Cookie/Middleware/AddQueuedCookiesToResponse.php(37): Illuminate\\Pipeline\\Pipeline->Illuminate\\Pipeline\\{closure}(Object(Illuminate\\Http\\Request))
#37 /home/revoycom/public_html/vendor/laravel/framework/src/Illuminate/Pipeline/Pipeline.php(167): Illuminate\\Cookie\\Middleware\\AddQueuedCookiesToResponse->handle(Object(Illuminate\\Http\\Request), Object(Closure))
#38 /home/revoycom/public_html/vendor/laravel/framework/src/Illuminate/Cookie/Middleware/EncryptCookies.php(67): Illuminate\\Pipeline\\Pipeline->Illuminate\\Pipeline\\{closure}(Object(Illuminate\\Http\\Request))
#39 /home/revoycom/public_html/vendor/laravel/framework/src/Illuminate/Pipeline/Pipeline.php(167): Illuminate\\Cookie\\Middleware\\EncryptCookies->handle(Object(Illuminate\\Http\\Request), Object(Closure))
#40 /home/revoycom/public_html/vendor/laravel/framework/src/Illuminate/Pipeline/Pipeline.php(103): Illuminate\\Pipeline\\Pipeline->Illuminate\\Pipeline\\{closure}(Object(Illuminate\\Http\\Request))
#41 /home/revoycom/public_html/vendor/laravel/framework/src/Illuminate/Routing/Router.php(697): Illuminate\\Pipeline\\Pipeline->then(Object(Closure))
#42 /home/revoycom/public_html/vendor/laravel/framework/src/Illuminate/Routing/Router.php(672): Illuminate\\Routing\\Router->runRouteWithinStack(Object(Illuminate\\Routing\\Route), Object(Illuminate\\Http\\Request))
#43 /home/revoycom/public_html/vendor/laravel/framework/src/Illuminate/Routing/Router.php(636): Illuminate\\Routing\\Router->runRoute(Object(Illuminate\\Http\\Request), Object(Illuminate\\Routing\\Route))
#44 /home/revoycom/public_html/vendor/laravel/framework/src/Illuminate/Routing/Router.php(625): Illuminate\\Routing\\Router->dispatchToRoute(Object(Illuminate\\Http\\Request))
#45 /home/revoycom/public_html/vendor/laravel/framework/src/Illuminate/Foundation/Http/Kernel.php(167): Illuminate\\Routing\\Router->dispatch(Object(Illuminate\\Http\\Request))
#46 /home/revoycom/public_html/vendor/laravel/framework/src/Illuminate/Pipeline/Pipeline.php(128): Illuminate\\Foundation\\Http\\Kernel->Illuminate\\Foundation\\Http\\{closure}(Object(Illuminate\\Http\\Request))
#47 /home/revoycom/public_html/vendor/laravel/framework/src/Illuminate/Foundation/Http/Middleware/TransformsRequest.php(21): Illuminate\\Pipeline\\Pipeline->Illuminate\\Pipeline\\{closure}(Object(Illuminate\\Http\\Request))
#48 /home/revoycom/public_html/vendor/laravel/framework/src/Illuminate/Foundation/Http/Middleware/ConvertEmptyStringsToNull.php(31): Illuminate\\Foundation\\Http\\Middleware\\TransformsRequest->handle(Object(Illuminate\\Http\\Request), Object(Closure))
#49 /home/revoycom/public_html/vendor/laravel/framework/src/Illuminate/Pipeline/Pipeline.php(167): Illuminate\\Foundation\\Http\\Middleware\\ConvertEmptyStringsToNull->handle(Object(Illuminate\\Http\\Request), Object(Closure))
#50 /home/revoycom/public_html/vendor/laravel/framework/src/Illuminate/Foundation/Http/Middleware/TransformsRequest.php(21): Illuminate\\Pipeline\\Pipeline->Illuminate\\Pipeline\\{closure}(Object(Illuminate\\Http\\Request))
#51 /home/revoycom/public_html/vendor/laravel/framework/src/Illuminate/Foundation/Http/Middleware/TrimStrings.php(40): Illuminate\\Foundation\\Http\\Middleware\\TransformsRequest->handle(Object(Illuminate\\Http\\Request), Object(Closure))
#52 /home/revoycom/public_html/vendor/laravel/framework/src/Illuminate/Pipeline/Pipeline.php(167): Illuminate\\Foundation\\Http\\Middleware\\TrimStrings->handle(Object(Illuminate\\Http\\Request), Object(Closure))
#53 /home/revoycom/public_html/vendor/laravel/framework/src/Illuminate/Foundation/Http/Middleware/ValidatePostSize.php(27): Illuminate\\Pipeline\\Pipeline->Illuminate\\Pipeline\\{closure}(Object(Illuminate\\Http\\Request))
#54 /home/revoycom/public_html/vendor/laravel/framework/src/Illuminate/Pipeline/Pipeline.php(167): Illuminate\\Foundation\\Http\\Middleware\\ValidatePostSize->handle(Object(Illuminate\\Http\\Request), Object(Closure))
#55 /home/revoycom/public_html/vendor/laravel/framework/src/Illuminate/Foundation/Http/Middleware/PreventRequestsDuringMaintenance.php(86): Illuminate\\Pipeline\\Pipeline->Illuminate\\Pipeline\\{closure}(Object(Illuminate\\Http\\Request))
#56 /home/revoycom/public_html/vendor/laravel/framework/src/Illuminate/Pipeline/Pipeline.php(167): Illuminate\\Foundation\\Http\\Middleware\\PreventRequestsDuringMaintenance->handle(Object(Illuminate\\Http\\Request), Object(Closure))
#57 /home/revoycom/public_html/vendor/fruitcake/laravel-cors/src/HandleCors.php(38): Illuminate\\Pipeline\\Pipeline->Illuminate\\Pipeline\\{closure}(Object(Illuminate\\Http\\Request))
#58 /home/revoycom/public_html/vendor/laravel/framework/src/Illuminate/Pipeline/Pipeline.php(167): Fruitcake\\Cors\\HandleCors->handle(Object(Illuminate\\Http\\Request), Object(Closure))
#59 /home/revoycom/public_html/vendor/fideloper/proxy/src/TrustProxies.php(57): Illuminate\\Pipeline\\Pipeline->Illuminate\\Pipeline\\{closure}(Object(Illuminate\\Http\\Request))
#60 /home/revoycom/public_html/vendor/laravel/framework/src/Illuminate/Pipeline/Pipeline.php(167): Fideloper\\Proxy\\TrustProxies->handle(Object(Illuminate\\Http\\Request), Object(Closure))
#61 /home/revoycom/public_html/vendor/laravel/framework/src/Illuminate/Pipeline/Pipeline.php(103): Illuminate\\Pipeline\\Pipeline->Illuminate\\Pipeline\\{closure}(Object(Illuminate\\Http\\Request))
#62 /home/revoycom/public_html/vendor/laravel/framework/src/Illuminate/Foundation/Http/Kernel.php(142): Illuminate\\Pipeline\\Pipeline->then(Object(Closure))
#63 /home/revoycom/public_html/vendor/laravel/framework/src/Illuminate/Foundation/Http/Kernel.php(111): Illuminate\\Foundation\\Http\\Kernel->sendRequestThroughRouter(Object(Illuminate\\Http\\Request))
#64 /home/revoycom/public_html/index.php(52): Illuminate\\Foundation\\Http\\Kernel->handle(Object(Illuminate\\Http\\Request))
#65 {main}
"} 
[2026-06-07 13:00:24] local.ERROR: SQLSTATE[HY000] [2002] No such file or directory (SQL: select * from `tbl_blog_post` where `slug` = before-you-rent-out-your-home-the-hidden-costs-and-tax-traps-to-know limit 1) {"exception":"[object] (Illuminate\\Database\\QueryException(code: 2002): SQLSTATE[HY000] [2002] No such file or directory (SQL: select * from `tbl_blog_post` where `slug` = before-you-rent-out-your-home-the-hidden-costs-and-tax-traps-to-know limit 1) at /home/revoycom/public_html/vendor/laravel/framework/src/Illuminate/Database/Connection.php:703)
[stacktrace]
#0 /home/revoycom/public_html/vendor/laravel/framework/src/Illuminate/Database/Connection.php(663): Illuminate\\Database\\Connection->runQueryCallback('select * from `...', Array, Object(Closure))
#1 /home/revoycom/public_html/vendor/laravel/framework/src/Illuminate/Database/Connection.php(367): Illuminate\\Database\\Connection->run('select * from `...', Array, Object(Closure))
#2 /home/revoycom/public_html/vendor/laravel/framework/src/Illuminate/Database/Query/Builder.php(2352): Illuminate\\Database\\Connection->select('select * from `...', Array, true)
#3 /home/revoycom/public_html/vendor/laravel/framework/src/Illuminate/Database/Query/Builder.php(2340): Illuminate\\Database\\Query\\Builder->runSelect()
#4 /home/revoycom/public_html/vendor/laravel/framework/src/Illuminate/Database/Query/Builder.php(2874): Illuminate\\Database\\Query\\Builder->Illuminate\\Database\\Query\\{closure}()
#5 /home/revoycom/public_html/vendor/laravel/framework/src/Illuminate/Database/Query/Builder.php(2341): Illuminate\\Database\\Query\\Builder->onceWithColumns(Array, Object(Closure))
#6 /home/revoycom/public_html/vendor/laravel/framework/src/Illuminate/Database/Eloquent/Builder.php(625): Illuminate\\Database\\Query\\Builder->get(Array)
#7 /home/revoycom/public_html/vendor/laravel/framework/src/Illuminate/Database/Eloquent/Builder.php(609): Illuminate\\Database\\Eloquent\\Builder->getModels(Array)
#8 /home/revoycom/public_html/vendor/laravel/framework/src/Illuminate/Database/Concerns/BuildsQueries.php(294): Illuminate\\Database\\Eloquent\\Builder->get(Array)
#9 /home/revoycom/public_html/app/Http/Controllers/BaseController.php(77): Illuminate\\Database\\Eloquent\\Builder->first()
#10 /home/revoycom/public_html/vendor/laravel/framework/src/Illuminate/Routing/Controller.php(54): App\\Http\\Controllers\\BaseController->route('before-you-rent...')
#11 /home/revoycom/public_html/vendor/laravel/framework/src/Illuminate/Routing/ControllerDispatcher.php(45): Illuminate\\Routing\\Controller->callAction('route', Array)
#12 /home/revoycom/public_html/vendor/laravel/framework/src/Illuminate/Routing/Route.php(262): Illuminate\\Routing\\ControllerDispatcher->dispatch(Object(Illuminate\\Routing\\Route), Object(App\\Http\\Controllers\\BaseController), 'route')
#13 /home/revoycom/public_html/vendor/laravel/framework/src/Illuminate/Routing/Route.php(205): Illuminate\\Routing\\Route->runController()
#14 /home/revoycom/public_html/vendor/laravel/framework/src/Illuminate/Routing/Router.php(695): Illuminate\\Routing\\Route->run()
#15 /home/revoycom/public_html/vendor/laravel/framework/src/Illuminate/Pipeline/Pipeline.php(128): Illuminate\\Routing\\Router->Illuminate\\Routing\\{closure}(Object(Illuminate\\Http\\Request))
#16 /home/revoycom/public_html/app/Http/Middleware/RedirectIfAuthenticated.php(29): Illuminate\\Pipeline\\Pipeline->Illuminate\\Pipeline\\{closure}(Object(Illuminate\\Http\\Request))
#17 /home/revoycom/public_html/vendor/laravel/framework/src/Illuminate/Pipeline/Pipeline.php(167): App\\Http\\Middleware\\RedirectIfAuthenticated->handle(Object(Illuminate\\Http\\Request), Object(Closure))
#18 /home/revoycom/public_html/vendor/laravel/framework/src/Illuminate/Routing/Middleware/SubstituteBindings.php(50): Illuminate\\Pipeline\\Pipeline->Illuminate\\Pipeline\\{closure}(Object(Illuminate\\Http\\Request))
#19 /home/revoycom/public_html/vendor/laravel/framework/src/Illuminate/Pipeline/Pipeline.php(167): Illuminate\\Routing\\Middleware\\SubstituteBindings->handle(Object(Illuminate\\Http\\Request), Object(Closure))
#20 /home/revoycom/public_html/vendor/laravel/framework/src/Illuminate/Foundation/Http/Middleware/VerifyCsrfToken.php(78): Illuminate\\Pipeline\\Pipeline->Illuminate\\Pipeline\\{closure}(Object(Illuminate\\Http\\Request))
#21 /home/revoycom/public_html/vendor/laravel/framework/src/Illuminate/Pipeline/Pipeline.php(167): Illuminate\\Foundation\\Http\\Middleware\\VerifyCsrfToken->handle(Object(Illuminate\\Http\\Request), Object(Closure))
#22 /home/revoycom/public_html/vendor/laravel/framework/src/Illuminate/View/Middleware/ShareErrorsFromSession.php(49): Illuminate\\Pipeline\\Pipeline->Illuminate\\Pipeline\\{closure}(Object(Illuminate\\Http\\Request))
#23 /home/revoycom/public_html/vendor/laravel/framework/src/Illuminate/Pipeline/Pipeline.php(167): Illuminate\\View\\Middleware\\ShareErrorsFromSession->handle(Object(Illuminate\\Http\\Request), Object(Closure))
#24 /home/revoycom/public_html/vendor/laravel/framework/src/Illuminate/Session/Middleware/StartSession.php(121): Illuminate\\Pipeline\\Pipeline->Illuminate\\Pipeline\\{closure}(Object(Illuminate\\Http\\Request))
#25 /home/revoycom/public_html/vendor/laravel/framework/src/Illuminate/Session/Middleware/StartSession.php(64): Illuminate\\Session\\Middleware\\StartSession->handleStatefulRequest(Object(Illuminate\\Http\\Request), Object(Illuminate\\Session\\Store), Object(Closure))
#26 /home/revoycom/public_html/vendor/laravel/framework/src/Illuminate/Pipeline/Pipeline.php(167): Illuminate\\Session\\Middleware\\StartSession->handle(Object(Illuminate\\Http\\Request), Object(Closure))
#27 /home/revoycom/public_html/vendor/laravel/framework/src/Illuminate/Cookie/Middleware/AddQueuedCookiesToResponse.php(37): Illuminate\\Pipeline\\Pipeline->Illuminate\\Pipeline\\{closure}(Object(Illuminate\\Http\\Request))
#28 /home/revoycom/public_html/vendor/laravel/framework/src/Illuminate/Pipeline/Pipeline.php(167): Illuminate\\Cookie\\Middleware\\AddQueuedCookiesToResponse->handle(Object(Illuminate\\Http\\Request), Object(Closure))
#29 /home/revoycom/public_html/vendor/laravel/framework/src/Illuminate/Cookie/Middleware/EncryptCookies.php(67): Illuminate\\Pipeline\\Pipeline->Illuminate\\Pipeline\\{closure}(Object(Illuminate\\Http\\Request))
#30 /home/revoycom/public_html/vendor/laravel/framework/src/Illuminate/Pipeline/Pipeline.php(167): Illuminate\\Cookie\\Middleware\\EncryptCookies->handle(Object(Illuminate\\Http\\Request), Object(Closure))
#31 /home/revoycom/public_html/vendor/laravel/framework/src/Illuminate/Pipeline/Pipeline.php(103): Illuminate\\Pipeline\\Pipeline->Illuminate\\Pipeline\\{closure}(Object(Illuminate\\Http\\Request))
#32 /home/revoycom/public_html/vendor/laravel/framework/src/Illuminate/Routing/Router.php(697): Illuminate\\Pipeline\\Pipeline->then(Object(Closure))
#33 /home/revoycom/public_html/vendor/laravel/framework/src/Illuminate/Routing/Router.php(672): Illuminate\\Routing\\Router->runRouteWithinStack(Object(Illuminate\\Routing\\Route), Object(Illuminate\\Http\\Request))
#34 /home/revoycom/public_html/vendor/laravel/framework/src/Illuminate/Routing/Router.php(636): Illuminate\\Routing\\Router->runRoute(Object(Illuminate\\Http\\Request), Object(Illuminate\\Routing\\Route))
#35 /home/revoycom/public_html/vendor/laravel/framework/src/Illuminate/Routing/Router.php(625): Illuminate\\Routing\\Router->dispatchToRoute(Object(Illuminate\\Http\\Request))
#36 /home/revoycom/public_html/vendor/laravel/framework/src/Illuminate/Foundation/Http/Kernel.php(167): Illuminate\\Routing\\Router->dispatch(Object(Illuminate\\Http\\Request))
#37 /home/revoycom/public_html/vendor/laravel/framework/src/Illuminate/Pipeline/Pipeline.php(128): Illuminate\\Foundation\\Http\\Kernel->Illuminate\\Foundation\\Http\\{closure}(Object(Illuminate\\Http\\Request))
#38 /home/revoycom/public_html/vendor/laravel/framework/src/Illuminate/Foundation/Http/Middleware/TransformsRequest.php(21): Illuminate\\Pipeline\\Pipeline->Illuminate\\Pipeline\\{closure}(Object(Illuminate\\Http\\Request))
#39 /home/revoycom/public_html/vendor/laravel/framework/src/Illuminate/Foundation/Http/Middleware/ConvertEmptyStringsToNull.php(31): Illuminate\\Foundation\\Http\\Middleware\\TransformsRequest->handle(Object(Illuminate\\Http\\Request), Object(Closure))
#40 /home/revoycom/public_html/vendor/laravel/framework/src/Illuminate/Pipeline/Pipeline.php(167): Illuminate\\Foundation\\Http\\Middleware\\ConvertEmptyStringsToNull->handle(Object(Illuminate\\Http\\Request), Object(Closure))
#41 /home/revoycom/public_html/vendor/laravel/framework/src/Illuminate/Foundation/Http/Middleware/TransformsRequest.php(21): Illuminate\\Pipeline\\Pipeline->Illuminate\\Pipeline\\{closure}(Object(Illuminate\\Http\\Request))
#42 /home/revoycom/public_html/vendor/laravel/framework/src/Illuminate/Foundation/Http/Middleware/TrimStrings.php(40): Illuminate\\Foundation\\Http\\Middleware\\TransformsRequest->handle(Object(Illuminate\\Http\\Request), Object(Closure))
#43 /home/revoycom/public_html/vendor/laravel/framework/src/Illuminate/Pipeline/Pipeline.php(167): Illuminate\\Foundation\\Http\\Middleware\\TrimStrings->handle(Object(Illuminate\\Http\\Request), Object(Closure))
#44 /home/revoycom/public_html/vendor/laravel/framework/src/Illuminate/Foundation/Http/Middleware/ValidatePostSize.php(27): Illuminate\\Pipeline\\Pipeline->Illuminate\\Pipeline\\{closure}(Object(Illuminate\\Http\\Request))
#45 /home/revoycom/public_html/vendor/laravel/framework/src/Illuminate/Pipeline/Pipeline.php(167): Illuminate\\Foundation\\Http\\Middleware\\ValidatePostSize->handle(Object(Illuminate\\Http\\Request), Object(Closure))
#46 /home/revoycom/public_html/vendor/laravel/framework/src/Illuminate/Foundation/Http/Middleware/PreventRequestsDuringMaintenance.php(86): Illuminate\\Pipeline\\Pipeline->Illuminate\\Pipeline\\{closure}(Object(Illuminate\\Http\\Request))
#47 /home/revoycom/public_html/vendor/laravel/framework/src/Illuminate/Pipeline/Pipeline.php(167): Illuminate\\Foundation\\Http\\Middleware\\PreventRequestsDuringMaintenance->handle(Object(Illuminate\\Http\\Request), Object(Closure))
#48 /home/revoycom/public_html/vendor/fruitcake/laravel-cors/src/HandleCors.php(38): Illuminate\\Pipeline\\Pipeline->Illuminate\\Pipeline\\{closure}(Object(Illuminate\\Http\\Request))
#49 /home/revoycom/public_html/vendor/laravel/framework/src/Illuminate/Pipeline/Pipeline.php(167): Fruitcake\\Cors\\HandleCors->handle(Object(Illuminate\\Http\\Request), Object(Closure))
#50 /home/revoycom/public_html/vendor/fideloper/proxy/src/TrustProxies.php(57): Illuminate\\Pipeline\\Pipeline->Illuminate\\Pipeline\\{closure}(Object(Illuminate\\Http\\Request))
#51 /home/revoycom/public_html/vendor/laravel/framework/src/Illuminate/Pipeline/Pipeline.php(167): Fideloper\\Proxy\\TrustProxies->handle(Object(Illuminate\\Http\\Request), Object(Closure))
#52 /home/revoycom/public_html/vendor/laravel/framework/src/Illuminate/Pipeline/Pipeline.php(103): Illuminate\\Pipeline\\Pipeline->Illuminate\\Pipeline\\{closure}(Object(Illuminate\\Http\\Request))
#53 /home/revoycom/public_html/vendor/laravel/framework/src/Illuminate/Foundation/Http/Kernel.php(142): Illuminate\\Pipeline\\Pipeline->then(Object(Closure))
#54 /home/revoycom/public_html/vendor/laravel/framework/src/Illuminate/Foundation/Http/Kernel.php(111): Illuminate\\Foundation\\Http\\Kernel->sendRequestThroughRouter(Object(Illuminate\\Http\\Request))
#55 /home/revoycom/public_html/index.php(52): Illuminate\\Foundation\\Http\\Kernel->handle(Object(Illuminate\\Http\\Request))
#56 {main}

[previous exception] [object] (PDOException(code: 2002): SQLSTATE[HY000] [2002] No such file or directory at /home/revoycom/public_html/vendor/laravel/framework/src/Illuminate/Database/Connectors/Connector.php:70)
[stacktrace]
#0 /home/revoycom/public_html/vendor/laravel/framework/src/Illuminate/Database/Connectors/Connector.php(70): PDO->__construct('mysql:host=loca...', 'revoycom_User25', 'xHT8{3Yl]FkJ', Array)
#1 /home/revoycom/public_html/vendor/laravel/framework/src/Illuminate/Database/Connectors/Connector.php(46): Illuminate\\Database\\Connectors\\Connector->createPdoConnection('mysql:host=loca...', 'revoycom_User25', 'xHT8{3Yl]FkJ', Array)
#2 /home/revoycom/public_html/vendor/laravel/framework/src/Illuminate/Database/Connectors/MySqlConnector.php(24): Illuminate\\Database\\Connectors\\Connector->createConnection('mysql:host=loca...', Array, Array)
#3 /home/revoycom/public_html/vendor/laravel/framework/src/Illuminate/Database/Connectors/ConnectionFactory.php(184): Illuminate\\Database\\Connectors\\MySqlConnector->connect(Array)
#4 [internal function]: Illuminate\\Database\\Connectors\\ConnectionFactory->Illuminate\\Database\\Connectors\\{closure}()
#5 /home/revoycom/public_html/vendor/laravel/framework/src/Illuminate/Database/Connection.php(1021): call_user_func(Object(Closure))
#6 /home/revoycom/public_html/vendor/laravel/framework/src/Illuminate/Database/Connection.php(1057): Illuminate\\Database\\Connection->getPdo()
#7 /home/revoycom/public_html/vendor/laravel/framework/src/Illuminate/Database/Connection.php(433): Illuminate\\Database\\Connection->getReadPdo()
#8 /home/revoycom/public_html/vendor/laravel/framework/src/Illuminate/Database/Connection.php(359): Illuminate\\Database\\Connection->getPdoForSelect(true)
#9 /home/revoycom/public_html/vendor/laravel/framework/src/Illuminate/Database/Connection.php(696): Illuminate\\Database\\Connection->Illuminate\\Database\\{closure}('select * from `...', Array)
#10 /home/revoycom/public_html/vendor/laravel/framework/src/Illuminate/Database/Connection.php(663): Illuminate\\Database\\Connection->runQueryCallback('select * from `...', Array, Object(Closure))
#11 /home/revoycom/public_html/vendor/laravel/framework/src/Illuminate/Database/Connection.php(367): Illuminate\\Database\\Connection->run('select * from `...', Array, Object(Closure))
#12 /home/revoycom/public_html/vendor/laravel/framework/src/Illuminate/Database/Query/Builder.php(2352): Illuminate\\Database\\Connection->select('select * from `...', Array, true)
#13 /home/revoycom/public_html/vendor/laravel/framework/src/Illuminate/Database/Query/Builder.php(2340): Illuminate\\Database\\Query\\Builder->runSelect()
#14 /home/revoycom/public_html/vendor/laravel/framework/src/Illuminate/Database/Query/Builder.php(2874): Illuminate\\Database\\Query\\Builder->Illuminate\\Database\\Query\\{closure}()
#15 /home/revoycom/public_html/vendor/laravel/framework/src/Illuminate/Database/Query/Builder.php(2341): Illuminate\\Database\\Query\\Builder->onceWithColumns(Array, Object(Closure))
#16 /home/revoycom/public_html/vendor/laravel/framework/src/Illuminate/Database/Eloquent/Builder.php(625): Illuminate\\Database\\Query\\Builder->get(Array)
#17 /home/revoycom/public_html/vendor/laravel/framework/src/Illuminate/Database/Eloquent/Builder.php(609): Illuminate\\Database\\Eloquent\\Builder->getModels(Array)
#18 /home/revoycom/public_html/vendor/laravel/framework/src/Illuminate/Database/Concerns/BuildsQueries.php(294): Illuminate\\Database\\Eloquent\\Builder->get(Array)
#19 /home/revoycom/public_html/app/Http/Controllers/BaseController.php(77): Illuminate\\Database\\Eloquent\\Builder->first()
#20 /home/revoycom/public_html/vendor/laravel/framework/src/Illuminate/Routing/Controller.php(54): App\\Http\\Controllers\\BaseController->route('before-you-rent...')
#21 /home/revoycom/public_html/vendor/laravel/framework/src/Illuminate/Routing/ControllerDispatcher.php(45): Illuminate\\Routing\\Controller->callAction('route', Array)
#22 /home/revoycom/public_html/vendor/laravel/framework/src/Illuminate/Routing/Route.php(262): Illuminate\\Routing\\ControllerDispatcher->dispatch(Object(Illuminate\\Routing\\Route), Object(App\\Http\\Controllers\\BaseController), 'route')
#23 /home/revoycom/public_html/vendor/laravel/framework/src/Illuminate/Routing/Route.php(205): Illuminate\\Routing\\Route->runController()
#24 /home/revoycom/public_html/vendor/laravel/framework/src/Illuminate/Routing/Router.php(695): Illuminate\\Routing\\Route->run()
#25 /home/revoycom/public_html/vendor/laravel/framework/src/Illuminate/Pipeline/Pipeline.php(128): Illuminate\\Routing\\Router->Illuminate\\Routing\\{closure}(Object(Illuminate\\Http\\Request))
#26 /home/revoycom/public_html/app/Http/Middleware/RedirectIfAuthenticated.php(29): Illuminate\\Pipeline\\Pipeline->Illuminate\\Pipeline\\{closure}(Object(Illuminate\\Http\\Request))
#27 /home/revoycom/public_html/vendor/laravel/framework/src/Illuminate/Pipeline/Pipeline.php(167): App\\Http\\Middleware\\RedirectIfAuthenticated->handle(Object(Illuminate\\Http\\Request), Object(Closure))
#28 /home/revoycom/public_html/vendor/laravel/framework/src/Illuminate/Routing/Middleware/SubstituteBindings.php(50): Illuminate\\Pipeline\\Pipeline->Illuminate\\Pipeline\\{closure}(Object(Illuminate\\Http\\Request))
#29 /home/revoycom/public_html/vendor/laravel/framework/src/Illuminate/Pipeline/Pipeline.php(167): Illuminate\\Routing\\Middleware\\SubstituteBindings->handle(Object(Illuminate\\Http\\Request), Object(Closure))
#30 /home/revoycom/public_html/vendor/laravel/framework/src/Illuminate/Foundation/Http/Middleware/VerifyCsrfToken.php(78): Illuminate\\Pipeline\\Pipeline->Illuminate\\Pipeline\\{closure}(Object(Illuminate\\Http\\Request))
#31 /home/revoycom/public_html/vendor/laravel/framework/src/Illuminate/Pipeline/Pipeline.php(167): Illuminate\\Foundation\\Http\\Middleware\\VerifyCsrfToken->handle(Object(Illuminate\\Http\\Request), Object(Closure))
#32 /home/revoycom/public_html/vendor/laravel/framework/src/Illuminate/View/Middleware/ShareErrorsFromSession.php(49): Illuminate\\Pipeline\\Pipeline->Illuminate\\Pipeline\\{closure}(Object(Illuminate\\Http\\Request))
#33 /home/revoycom/public_html/vendor/laravel/framework/src/Illuminate/Pipeline/Pipeline.php(167): Illuminate\\View\\Middleware\\ShareErrorsFromSession->handle(Object(Illuminate\\Http\\Request), Object(Closure))
#34 /home/revoycom/public_html/vendor/laravel/framework/src/Illuminate/Session/Middleware/StartSession.php(121): Illuminate\\Pipeline\\Pipeline->Illuminate\\Pipeline\\{closure}(Object(Illuminate\\Http\\Request))
#35 /home/revoycom/public_html/vendor/laravel/framework/src/Illuminate/Session/Middleware/StartSession.php(64): Illuminate\\Session\\Middleware\\StartSession->handleStatefulRequest(Object(Illuminate\\Http\\Request), Object(Illuminate\\Session\\Store), Object(Closure))
#36 /home/revoycom/public_html/vendor/laravel/framework/src/Illuminate/Pipeline/Pipeline.php(167): Illuminate\\Session\\Middleware\\StartSession->handle(Object(Illuminate\\Http\\Request), Object(Closure))
#37 /home/revoycom/public_html/vendor/laravel/framework/src/Illuminate/Cookie/Middleware/AddQueuedCookiesToResponse.php(37): Illuminate\\Pipeline\\Pipeline->Illuminate\\Pipeline\\{closure}(Object(Illuminate\\Http\\Request))
#38 /home/revoycom/public_html/vendor/laravel/framework/src/Illuminate/Pipeline/Pipeline.php(167): Illuminate\\Cookie\\Middleware\\AddQueuedCookiesToResponse->handle(Object(Illuminate\\Http\\Request), Object(Closure))
#39 /home/revoycom/public_html/vendor/laravel/framework/src/Illuminate/Cookie/Middleware/EncryptCookies.php(67): Illuminate\\Pipeline\\Pipeline->Illuminate\\Pipeline\\{closure}(Object(Illuminate\\Http\\Request))
#40 /home/revoycom/public_html/vendor/laravel/framework/src/Illuminate/Pipeline/Pipeline.php(167): Illuminate\\Cookie\\Middleware\\EncryptCookies->handle(Object(Illuminate\\Http\\Request), Object(Closure))
#41 /home/revoycom/public_html/vendor/laravel/framework/src/Illuminate/Pipeline/Pipeline.php(103): Illuminate\\Pipeline\\Pipeline->Illuminate\\Pipeline\\{closure}(Object(Illuminate\\Http\\Request))
#42 /home/revoycom/public_html/vendor/laravel/framework/src/Illuminate/Routing/Router.php(697): Illuminate\\Pipeline\\Pipeline->then(Object(Closure))
#43 /home/revoycom/public_html/vendor/laravel/framework/src/Illuminate/Routing/Router.php(672): Illuminate\\Routing\\Router->runRouteWithinStack(Object(Illuminate\\Routing\\Route), Object(Illuminate\\Http\\Request))
#44 /home/revoycom/public_html/vendor/laravel/framework/src/Illuminate/Routing/Router.php(636): Illuminate\\Routing\\Router->runRoute(Object(Illuminate\\Http\\Request), Object(Illuminate\\Routing\\Route))
#45 /home/revoycom/public_html/vendor/laravel/framework/src/Illuminate/Routing/Router.php(625): Illuminate\\Routing\\Router->dispatchToRoute(Object(Illuminate\\Http\\Request))
#46 /home/revoycom/public_html/vendor/laravel/framework/src/Illuminate/Foundation/Http/Kernel.php(167): Illuminate\\Routing\\Router->dispatch(Object(Illuminate\\Http\\Request))
#47 /home/revoycom/public_html/vendor/laravel/framework/src/Illuminate/Pipeline/Pipeline.php(128): Illuminate\\Foundation\\Http\\Kernel->Illuminate\\Foundation\\Http\\{closure}(Object(Illuminate\\Http\\Request))
#48 /home/revoycom/public_html/vendor/laravel/framework/src/Illuminate/Foundation/Http/Middleware/TransformsRequest.php(21): Illuminate\\Pipeline\\Pipeline->Illuminate\\Pipeline\\{closure}(Object(Illuminate\\Http\\Request))
#49 /home/revoycom/public_html/vendor/laravel/framework/src/Illuminate/Foundation/Http/Middleware/ConvertEmptyStringsToNull.php(31): Illuminate\\Foundation\\Http\\Middleware\\TransformsRequest->handle(Object(Illuminate\\Http\\Request), Object(Closure))
#50 /home/revoycom/public_html/vendor/laravel/framework/src/Illuminate/Pipeline/Pipeline.php(167): Illuminate\\Foundation\\Http\\Middleware\\ConvertEmptyStringsToNull->handle(Object(Illuminate\\Http\\Request), Object(Closure))
#51 /home/revoycom/public_html/vendor/laravel/framework/src/Illuminate/Foundation/Http/Middleware/TransformsRequest.php(21): Illuminate\\Pipeline\\Pipeline->Illuminate\\Pipeline\\{closure}(Object(Illuminate\\Http\\Request))
#52 /home/revoycom/public_html/vendor/laravel/framework/src/Illuminate/Foundation/Http/Middleware/TrimStrings.php(40): Illuminate\\Foundation\\Http\\Middleware\\TransformsRequest->handle(Object(Illuminate\\Http\\Request), Object(Closure))
#53 /home/revoycom/public_html/vendor/laravel/framework/src/Illuminate/Pipeline/Pipeline.php(167): Illuminate\\Foundation\\Http\\Middleware\\TrimStrings->handle(Object(Illuminate\\Http\\Request), Object(Closure))
#54 /home/revoycom/public_html/vendor/laravel/framework/src/Illuminate/Foundation/Http/Middleware/ValidatePostSize.php(27): Illuminate\\Pipeline\\Pipeline->Illuminate\\Pipeline\\{closure}(Object(Illuminate\\Http\\Request))
#55 /home/revoycom/public_html/vendor/laravel/framework/src/Illuminate/Pipeline/Pipeline.php(167): Illuminate\\Foundation\\Http\\Middleware\\ValidatePostSize->handle(Object(Illuminate\\Http\\Request), Object(Closure))
#56 /home/revoycom/public_html/vendor/laravel/framework/src/Illuminate/Foundation/Http/Middleware/PreventRequestsDuringMaintenance.php(86): Illuminate\\Pipeline\\Pipeline->Illuminate\\Pipeline\\{closure}(Object(Illuminate\\Http\\Request))
#57 /home/revoycom/public_html/vendor/laravel/framework/src/Illuminate/Pipeline/Pipeline.php(167): Illuminate\\Foundation\\Http\\Middleware\\PreventRequestsDuringMaintenance->handle(Object(Illuminate\\Http\\Request), Object(Closure))
#58 /home/revoycom/public_html/vendor/fruitcake/laravel-cors/src/HandleCors.php(38): Illuminate\\Pipeline\\Pipeline->Illuminate\\Pipeline\\{closure}(Object(Illuminate\\Http\\Request))
#59 /home/revoycom/public_html/vendor/laravel/framework/src/Illuminate/Pipeline/Pipeline.php(167): Fruitcake\\Cors\\HandleCors->handle(Object(Illuminate\\Http\\Request), Object(Closure))
#60 /home/revoycom/public_html/vendor/fideloper/proxy/src/TrustProxies.php(57): Illuminate\\Pipeline\\Pipeline->Illuminate\\Pipeline\\{closure}(Object(Illuminate\\Http\\Request))
#61 /home/revoycom/public_html/vendor/laravel/framework/src/Illuminate/Pipeline/Pipeline.php(167): Fideloper\\Proxy\\TrustProxies->handle(Object(Illuminate\\Http\\Request), Object(Closure))
#62 /home/revoycom/public_html/vendor/laravel/framework/src/Illuminate/Pipeline/Pipeline.php(103): Illuminate\\Pipeline\\Pipeline->Illuminate\\Pipeline\\{closure}(Object(Illuminate\\Http\\Request))
#63 /home/revoycom/public_html/vendor/laravel/framework/src/Illuminate/Foundation/Http/Kernel.php(142): Illuminate\\Pipeline\\Pipeline->then(Object(Closure))
#64 /home/revoycom/public_html/vendor/laravel/framework/src/Illuminate/Foundation/Http/Kernel.php(111): Illuminate\\Foundation\\Http\\Kernel->sendRequestThroughRouter(Object(Illuminate\\Http\\Request))
#65 /home/revoycom/public_html/index.php(52): Illuminate\\Foundation\\Http\\Kernel->handle(Object(Illuminate\\Http\\Request))
#66 {main}
"} 
[2026-06-07 16:13:49] local.ERROR: Trying to get property 'primary_colour' of non-object (View: /home/revoycom/public_html/resources/views/common/listing/branding.blade.php) {"view":{"view":"/home/revoycom/public_html/resources/views/common/listing/branding.blade.php","data":{"errors":"<pre class=sf-dump id=sf-dump-1631133561 data-indent-pad=\"  \"><span class=sf-dump-note>Illuminate\\Support\\ViewErrorBag</span> {<a class=sf-dump-ref>#1183</a><samp data-depth=1 class=sf-dump-expanded>
  #<span class=sf-dump-protected title=\"Protected property\">bags</span>: []
</samp>}
</pre><script>Sfdump(\"sf-dump-1631133561\", {\"maxDepth\":3,\"maxStringLength\":160})</script>
","title":"<pre class=sf-dump id=sf-dump-1188745529 data-indent-pad=\"  \">\"<span class=sf-dump-str title=\"6 characters\">Search</span>\"
</pre><script>Sfdump(\"sf-dump-1188745529\", {\"maxDepth\":3,\"maxStringLength\":160})</script>
","keywords":"<pre class=sf-dump id=sf-dump-1024600591 data-indent-pad=\"  \">\"<span class=sf-dump-str title=\"6 characters\">Search</span>\"
</pre><script>Sfdump(\"sf-dump-1024600591\", {\"maxDepth\":3,\"maxStringLength\":160})</script>
","description":"<pre class=sf-dump id=sf-dump-1533433239 data-indent-pad=\"  \">\"<span class=sf-dump-str title=\"6 characters\">Search</span>\"
</pre><script>Sfdump(\"sf-dump-1533433239\", {\"maxDepth\":3,\"maxStringLength\":160})</script>
","og_image":"<pre class=sf-dump id=sf-dump-186587068 data-indent-pad=\"  \">\"\"
</pre><script>Sfdump(\"sf-dump-186587068\", {\"maxDepth\":3,\"maxStringLength\":160})</script>
","cms_dp":"<pre class=sf-dump id=sf-dump-823208298 data-indent-pad=\"  \"><span class=sf-dump-note>array:9</span> [<samp data-depth=1 class=sf-dump-expanded>
  \"<span class=sf-dump-key>slug</span>\" => \"<span class=sf-dump-str title=\"6 characters\">search</span>\"
  \"<span class=sf-dump-key>id</span>\" => <span class=sf-dump-num>42</span>
  \"<span class=sf-dump-key>name</span>\" => \"<span class=sf-dump-str title=\"6 characters\">Search</span>\"
  \"<span class=sf-dump-key>heading</span>\" => \"<span class=sf-dump-str title=\"14 characters\">Search Results</span>\"
  \"<span class=sf-dump-key>banner_heading</span>\" => \"<span class=sf-dump-str title=\"27 characters\">Search Property As You Want</span>\"
  \"<span class=sf-dump-key>full_contents</span>\" => \"<span class=sf-dump-str title=\"6 characters\">&lt;br /&gt;</span>\"
  \"<span class=sf-dump-key>tag_line</span>\" => \"<span class=sf-dump-str title=\"6 characters\">Search</span>\"
  \"<span class=sf-dump-key>image</span>\" => \"\"
  \"<span class=sf-dump-key>banner</span>\" => \"<span class=sf-dump-str title=\"64 characters\">https://www.revoy.com.au/public/upload/cms/13434_hero-search.jpg</span>\"
</samp>]
</pre><script>Sfdump(\"sf-dump-823208298\", {\"maxDepth\":3,\"maxStringLength\":160})</script>
","result_cms":"<pre class=sf-dump id=sf-dump-58150122 data-indent-pad=\"  \">[]
</pre><script>Sfdump(\"sf-dump-58150122\", {\"maxDepth\":3,\"maxStringLength\":160})</script>
","widget_dp":"<pre class=sf-dump id=sf-dump-134455205 data-indent-pad=\"  \">[]
</pre><script>Sfdump(\"sf-dump-134455205\", {\"maxDepth\":3,\"maxStringLength\":160})</script>
","category_id":"<pre class=sf-dump id=sf-dump-1856776576 data-indent-pad=\"  \">\"\"
</pre><script>Sfdump(\"sf-dump-1856776576\", {\"maxDepth\":3,\"maxStringLength\":160})</script>
","property_type_id":"<pre class=sf-dump id=sf-dump-1804919009 data-indent-pad=\"  \">\"\"
</pre><script>Sfdump(\"sf-dump-1804919009\", {\"maxDepth\":3,\"maxStringLength\":160})</script>
","min_price":"<pre class=sf-dump id=sf-dump-216261067 data-indent-pad=\"  \">\"\"
</pre><script>Sfdump(\"sf-dump-216261067\", {\"maxDepth\":3,\"maxStringLength\":160})</script>
","max_price":"<pre class=sf-dump id=sf-dump-1433924654 data-indent-pad=\"  \">\"\"
</pre><script>Sfdump(\"sf-dump-1433924654\", {\"maxDepth\":3,\"maxStringLength\":160})</script>
","min_bedrooms":"<pre class=sf-dump id=sf-dump-2109816996 data-indent-pad=\"  \">\"\"
</pre><script>Sfdump(\"sf-dump-2109816996\", {\"maxDepth\":3,\"maxStringLength\":160})</script>
","max_bedrooms":"<pre class=sf-dump id=sf-dump-1304084582 data-indent-pad=\"  \">\"\"
</pre><script>Sfdump(\"sf-dump-1304084582\", {\"maxDepth\":3,\"maxStringLength\":160})</script>
","bathrooms":"<pre class=sf-dump id=sf-dump-1935954784 data-indent-pad=\"  \">\"\"
</pre><script>Sfdump(\"sf-dump-1935954784\", {\"maxDepth\":3,\"maxStringLength\":160})</script>
","car_spaces":"<pre class=sf-dump id=sf-dump-1338661460 data-indent-pad=\"  \">\"\"
</pre><script>Sfdump(\"sf-dump-1338661460\", {\"maxDepth\":3,\"maxStringLength\":160})</script>
","min_land_sizes":"<pre class=sf-dump id=sf-dump-442982455 data-indent-pad=\"  \">\"\"
</pre><script>Sfdump(\"sf-dump-442982455\", {\"maxDepth\":3,\"maxStringLength\":160})</script>
","max_land_sizes":"<pre class=sf-dump id=sf-dump-1104848034 data-indent-pad=\"  \">\"\"
</pre><script>Sfdump(\"sf-dump-1104848034\", {\"maxDepth\":3,\"maxStringLength\":160})</script>
","esatblish":"<pre class=sf-dump id=sf-dump-1994610640 data-indent-pad=\"  \">\"\"
</pre><script>Sfdump(\"sf-dump-1994610640\", {\"maxDepth\":3,\"maxStringLength\":160})</script>
","outdoor_features":"<pre class=sf-dump id=sf-dump-1436906971 data-indent-pad=\"  \">\"\"
</pre><script>Sfdump(\"sf-dump-1436906971\", {\"maxDepth\":3,\"maxStringLength\":160})</script>
","indoor_features":"<pre class=sf-dump id=sf-dump-783165463 data-indent-pad=\"  \">\"\"
</pre><script>Sfdump(\"sf-dump-783165463\", {\"maxDepth\":3,\"maxStringLength\":160})</script>
","climatecontrol":"<pre class=sf-dump id=sf-dump-1141974553 data-indent-pad=\"  \">\"\"
</pre><script>Sfdump(\"sf-dump-1141974553\", {\"maxDepth\":3,\"maxStringLength\":160})</script>
","ecofriendly":"<pre class=sf-dump id=sf-dump-490030212 data-indent-pad=\"  \">\"\"
</pre><script>Sfdump(\"sf-dump-490030212\", {\"maxDepth\":3,\"maxStringLength\":160})</script>
","keyword":"<pre class=sf-dump id=sf-dump-1415276432 data-indent-pad=\"  \">\"\"
</pre><script>Sfdump(\"sf-dump-1415276432\", {\"maxDepth\":3,\"maxStringLength\":160})</script>
","keywordArray":"<pre class=sf-dump id=sf-dump-1742205885 data-indent-pad=\"  \">[]
</pre><script>Sfdump(\"sf-dump-1742205885\", {\"maxDepth\":3,\"maxStringLength\":160})</script>
","where":"<pre class=sf-dump id=sf-dump-1802751862 data-indent-pad=\"  \">\"\"
</pre><script>Sfdump(\"sf-dump-1802751862\", {\"maxDepth\":3,\"maxStringLength\":160})</script>
","result":"<pre class=sf-dump id=sf-dump-168711665 data-indent-pad=\"  \"><span class=sf-dump-note>Illuminate\\Pagination\\LengthAwarePaginator</span> {<a class=sf-dump-ref>#1527</a><samp data-depth=1 class=sf-dump-expanded>
  #<span class=sf-dump-protected title=\"Protected property\">total</span>: <span class=sf-dump-num>588</span>
  #<span class=sf-dump-protected title=\"Protected property\">lastPage</span>: <span class=sf-dump-num>49</span>
  #<span class=sf-dump-protected title=\"Protected property\">items</span>: <span class=sf-dump-note title=\"Illuminate\\Database\\Eloquent\\Collection
\"><span class=\"sf-dump-ellipsis sf-dump-ellipsis-note\">Illuminate\\Database\\Eloquent</span><span class=\"sf-dump-ellipsis sf-dump-ellipsis-note\">\\</span>Collection</span> {<a class=sf-dump-ref>#1536</a><samp data-depth=2 class=sf-dump-compact>
    #<span class=sf-dump-protected title=\"Protected property\">items</span>: <span class=sf-dump-note>array:12</span> [<samp data-depth=3 class=sf-dump-compact>
      <span class=sf-dump-index>0</span> => <span class=sf-dump-note title=\"App\\Model\\Property
\"><span class=\"sf-dump-ellipsis sf-dump-ellipsis-note\">App\\Model</span><span class=\"sf-dump-ellipsis sf-dump-ellipsis-note\">\\</span>Property</span> {<a class=sf-dump-ref>#1537</a> &hellip;30}
      <span class=sf-dump-index>1</span> => <span class=sf-dump-note title=\"App\\Model\\Property
\"><span class=\"sf-dump-ellipsis sf-dump-ellipsis-note\">App\\Model</span><span class=\"sf-dump-ellipsis sf-dump-ellipsis-note\">\\</span>Property</span> {<a class=sf-dump-ref>#1538</a> &hellip;30}
      <span class=sf-dump-index>2</span> => <span class=sf-dump-note title=\"App\\Model\\Property
\"><span class=\"sf-dump-ellipsis sf-dump-ellipsis-note\">App\\Model</span><span class=\"sf-dump-ellipsis sf-dump-ellipsis-note\">\\</span>Property</span> {<a class=sf-dump-ref>#1539</a> &hellip;30}
      <span class=sf-dump-index>3</span> => <span class=sf-dump-note title=\"App\\Model\\Property
\"><span class=\"sf-dump-ellipsis sf-dump-ellipsis-note\">App\\Model</span><span class=\"sf-dump-ellipsis sf-dump-ellipsis-note\">\\</span>Property</span> {<a class=sf-dump-ref>#1540</a> &hellip;30}
      <span class=sf-dump-index>4</span> => <span class=sf-dump-note title=\"App\\Model\\Property
\"><span class=\"sf-dump-ellipsis sf-dump-ellipsis-note\">App\\Model</span><span class=\"sf-dump-ellipsis sf-dump-ellipsis-note\">\\</span>Property</span> {<a class=sf-dump-ref>#1541</a> &hellip;30}
      <span class=sf-dump-index>5</span> => <span class=sf-dump-note title=\"App\\Model\\Property
\"><span class=\"sf-dump-ellipsis sf-dump-ellipsis-note\">App\\Model</span><span class=\"sf-dump-ellipsis sf-dump-ellipsis-note\">\\</span>Property</span> {<a class=sf-dump-ref>#1542</a> &hellip;30}
      <span class=sf-dump-index>6</span> => <span class=sf-dump-note title=\"App\\Model\\Property
\"><span class=\"sf-dump-ellipsis sf-dump-ellipsis-note\">App\\Model</span><span class=\"sf-dump-ellipsis sf-dump-ellipsis-note\">\\</span>Property</span> {<a class=sf-dump-ref>#1543</a> &hellip;30}
      <span class=sf-dump-index>7</span> => <span class=sf-dump-note title=\"App\\Model\\Property
\"><span class=\"sf-dump-ellipsis sf-dump-ellipsis-note\">App\\Model</span><span class=\"sf-dump-ellipsis sf-dump-ellipsis-note\">\\</span>Property</span> {<a class=sf-dump-ref>#1544</a> &hellip;30}
      <span class=sf-dump-index>8</span> => <span class=sf-dump-note title=\"App\\Model\\Property
\"><span class=\"sf-dump-ellipsis sf-dump-ellipsis-note\">App\\Model</span><span class=\"sf-dump-ellipsis sf-dump-ellipsis-note\">\\</span>Property</span> {<a class=sf-dump-ref>#1545</a> &hellip;30}
      <span class=sf-dump-index>9</span> => <span class=sf-dump-note title=\"App\\Model\\Property
\"><span class=\"sf-dump-ellipsis sf-dump-ellipsis-note\">App\\Model</span><span class=\"sf-dump-ellipsis sf-dump-ellipsis-note\">\\</span>Property</span> {<a class=sf-dump-ref>#1546</a> &hellip;30}
      <span class=sf-dump-index>10</span> => <span class=sf-dump-note title=\"App\\Model\\Property
\"><span class=\"sf-dump-ellipsis sf-dump-ellipsis-note\">App\\Model</span><span class=\"sf-dump-ellipsis sf-dump-ellipsis-note\">\\</span>Property</span> {<a class=sf-dump-ref>#1547</a> &hellip;30}
      <span class=sf-dump-index>11</span> => <span class=sf-dump-note title=\"App\\Model\\Property
\"><span class=\"sf-dump-ellipsis sf-dump-ellipsis-note\">App\\Model</span><span class=\"sf-dump-ellipsis sf-dump-ellipsis-note\">\\</span>Property</span> {<a class=sf-dump-ref>#1548</a> &hellip;30}
    </samp>]
    #<span class=sf-dump-protected title=\"Protected property\">escapeWhenCastingToString</span>: <span class=sf-dump-const>false</span>
  </samp>}
  #<span class=sf-dump-protected title=\"Protected property\">perPage</span>: \"<span class=sf-dump-str title=\"2 characters\">12</span>\"
  #<span class=sf-dump-protected title=\"Protected property\">currentPage</span>: <span class=sf-dump-num>43</span>
  #<span class=sf-dump-protected title=\"Protected property\">path</span>: \"<span class=sf-dump-str title=\"36 characters\">https://www.revoy.com.au/search.html</span>\"
  #<span class=sf-dump-protected title=\"Protected property\">query</span>: []
  #<span class=sf-dump-protected title=\"Protected property\">fragment</span>: <span class=sf-dump-const>null</span>
  #<span class=sf-dump-protected title=\"Protected property\">pageName</span>: \"<span class=sf-dump-str title=\"4 characters\">page</span>\"
  +<span class=sf-dump-public title=\"Public property\">onEachSide</span>: <span class=sf-dump-num>3</span>
  #<span class=sf-dump-protected title=\"Protected property\">options</span>: <span class=sf-dump-note>array:2</span> [<samp data-depth=2 class=sf-dump-compact>
    \"<span class=sf-dump-key>path</span>\" => \"<span class=sf-dump-str title=\"36 characters\">https://www.revoy.com.au/search.html</span>\"
    \"<span class=sf-dump-key>pageName</span>\" => \"<span class=sf-dump-str title=\"4 characters\">page</span>\"
  </samp>]
</samp>}
</pre><script>Sfdump(\"sf-dump-168711665\", {\"maxDepth\":3,\"maxStringLength\":160})</script>
","show_wp_button":"<pre class=sf-dump id=sf-dump-989435696 data-indent-pad=\"  \">\"<span class=sf-dump-str title=\"3 characters\">Yes</span>\"
</pre><script>Sfdump(\"sf-dump-989435696\", {\"maxDepth\":3,\"maxStringLength\":160})</script>
","whats_app_number":"<pre class=sf-dump id=sf-dump-451986858 data-indent-pad=\"  \">\"<span class=sf-dump-str title=\"12 characters\">+61494381040</span>\"
</pre><script>Sfdump(\"sf-dump-451986858\", {\"maxDepth\":3,\"maxStringLength\":160})</script>
","row_p":"<pre class=sf-dump id=sf-dump-1685287711 data-indent-pad=\"  \"><span class=sf-dump-note>App\\Model\\Property</span> {<a class=sf-dump-ref>#1537</a><samp data-depth=1 class=sf-dump-expanded>
  #<span class=sf-dump-protected title=\"Protected property\">table</span>: \"<span class=sf-dump-str title=\"12 characters\">tbl_property</span>\"
  #<span class=sf-dump-protected title=\"Protected property\">connection</span>: \"<span class=sf-dump-str title=\"5 characters\">mysql</span>\"
  #<span class=sf-dump-protected title=\"Protected property\">primaryKey</span>: \"<span class=sf-dump-str title=\"2 characters\">id</span>\"
  #<span class=sf-dump-protected title=\"Protected property\">keyType</span>: \"<span class=sf-dump-str title=\"3 characters\">int</span>\"
  +<span class=sf-dump-public title=\"Public property\">incrementing</span>: <span class=sf-dump-const>true</span>
  #<span class=sf-dump-protected title=\"Protected property\">with</span>: []
  #<span class=sf-dump-protected title=\"Protected property\">withCount</span>: []
  +<span class=sf-dump-public title=\"Public property\">preventsLazyLoading</span>: <span class=sf-dump-const>false</span>
  #<span class=sf-dump-protected title=\"Protected property\">perPage</span>: <span class=sf-dump-num>15</span>
  +<span class=sf-dump-public title=\"Public property\">exists</span>: <span class=sf-dump-const>true</span>
  +<span class=sf-dump-public title=\"Public property\">wasRecentlyCreated</span>: <span class=sf-dump-const>false</span>
  #<span class=sf-dump-protected title=\"Protected property\">escapeWhenCastingToString</span>: <span class=sf-dump-const>false</span>
  #<span class=sf-dump-protected title=\"Protected property\">attributes</span>: <span class=sf-dump-note>array:82</span> [<samp data-depth=2 class=sf-dump-compact>
    \"<span class=sf-dump-key>id</span>\" => <span class=sf-dump-num>64</span>
    \"<span class=sf-dump-key>property_id</span>\" => <span class=sf-dump-num>0</span>
    \"<span class=sf-dump-key>user_id</span>\" => <span class=sf-dump-num>57</span>
    \"<span class=sf-dump-key>agency_id</span>\" => <span class=sf-dump-num>0</span>
    \"<span class=sf-dump-key>assestant_user_id</span>\" => <span class=sf-dump-const>null</span>
    \"<span class=sf-dump-key>show_assestant_user</span>\" => <span class=sf-dump-num>0</span>
    \"<span class=sf-dump-key>category_id</span>\" => <span class=sf-dump-num>1</span>
    \"<span class=sf-dump-key>status_id</span>\" => <span class=sf-dump-num>0</span>
    \"<span class=sf-dump-key>package_id</span>\" => <span class=sf-dump-num>2</span>
    \"<span class=sf-dump-key>display_start_date</span>\" => <span class=sf-dump-const>null</span>
    \"<span class=sf-dump-key>display_end_date</span>\" => <span class=sf-dump-const>null</span>
    \"<span class=sf-dump-key>package_name</span>\" => \"<span class=sf-dump-str title=\"5 characters\">Elite</span>\"
    \"<span class=sf-dump-key>property_type_id</span>\" => <span class=sf-dump-num>2</span>
    \"<span class=sf-dump-key>property_status_type</span>\" => \"<span class=sf-dump-str title=\"16 characters\">New Construction</span>\"
    \"<span class=sf-dump-key>property_authority</span>\" => \"<span class=sf-dump-str>2</span>\"
    \"<span class=sf-dump-key>name</span>\" => \"<span class=sf-dump-str title=\"61 characters\">Construction in Progress &ndash; Future-Ready Townhouse in Victoria</span>\"
    \"<span class=sf-dump-key>slug</span>\" => \"<span class=sf-dump-str title=\"59 characters\">construction-in-progress-future-ready-townhouse-in-victoria</span>\"
    \"<span class=sf-dump-key>price</span>\" => \"<span class=sf-dump-str title=\"10 characters\">1380000.00</span>\"
    \"<span class=sf-dump-key>min_price</span>\" => \"<span class=sf-dump-str title=\"13 characters\">Contact Agent</span>\"
    \"<span class=sf-dump-key>max_price</span>\" => \"<span class=sf-dump-str title=\"4 characters\">0.00</span>\"
    \"<span class=sf-dump-key>show_price</span>\" => \"<span class=sf-dump-str>0</span>\"
    \"<span class=sf-dump-key>hide_price_show_contact_agent</span>\" => <span class=sf-dump-num>0</span>
    \"<span class=sf-dump-key>image</span>\" => \"<span class=sf-dump-str title=\"14 characters\">79283_main.jpg</span>\"
    \"<span class=sf-dump-key>floorplan</span>\" => <span class=sf-dump-const>null</span>
    \"<span class=sf-dump-key>statement_information</span>\" => <span class=sf-dump-const>null</span>
    \"<span class=sf-dump-key>front_page_image</span>\" => <span class=sf-dump-const>null</span>
    \"<span class=sf-dump-key>video_url</span>\" => <span class=sf-dump-const>null</span>
    \"<span class=sf-dump-key>banner</span>\" => <span class=sf-dump-const>null</span>
    \"<span class=sf-dump-key>is_featured</span>\" => \"<span class=sf-dump-str title=\"2 characters\">No</span>\"
    \"<span class=sf-dump-key>is_new</span>\" => \"<span class=sf-dump-str title=\"3 characters\">Yes</span>\"
    \"<span class=sf-dump-key>sort_order</span>\" => <span class=sf-dump-num>1</span>
    \"<span class=sf-dump-key>short_contents</span>\" => <span class=sf-dump-const>null</span>
    \"<span class=sf-dump-key>full_contents</span>\" => \"\"\"
      <span class=sf-dump-str title=\"1726 characters\">Under Constructions<span class=\"sf-dump-default sf-dump-ns\">\\
</span></span>
      <span class=sf-dump-str title=\"1726 characters\">Unit 3 1 Ivanhoe St, Glen Waverley VIC 3150<span class=\"sf-dump-default sf-dump-ns\">\\
</span></span>
      <span class=sf-dump-str title=\"1726 characters\"><span class=\"sf-dump-default sf-dump-ns\">\\
</span></span>
      <span class=sf-dump-str title=\"1726 characters\">Layout: | 4 Bedroom | 3.5 Bathroom | 2 Car | 1 Study<span class=\"sf-dump-default sf-dump-ns\">\\
</span></span>
      <span class=sf-dump-str title=\"1726 characters\"><span class=\"sf-dump-default sf-dump-ns\">\\
</span></span>
      <span class=sf-dump-str title=\"1726 characters\">Convenient Location | Close to all amenities | Walking distance to<span class=\"sf-dump-default sf-dump-ns\">\\
</span></span>
      <span class=sf-dump-str title=\"1726 characters\">* Shopping Mall<span class=\"sf-dump-default sf-dump-ns\">\\
</span></span>
      <span class=sf-dump-str title=\"1726 characters\">Property Highlights<span class=\"sf-dump-default sf-dump-ns\">\\
</span></span>
      <span class=sf-dump-str title=\"1726 characters\">- High-End Kitchen Appliances: Electrolux - Founded in Sweden in 1919<span class=\"sf-dump-default sf-dump-ns\">\\
</span></span>
      <span class=sf-dump-str title=\"1726 characters\">including a gas cooktop, oven, dishwasher, and rangehood,<span class=\"sf-dump-default sf-dump-ns\">\\
</span></span>
      <span class=sf-dump-str title=\"1726 characters\">catering to both family needs and culinary enthusiasts. The<span class=\"sf-dump-default sf-dump-ns\">\\
</span></span>
      <span class=sf-dump-str title=\"1726 characters\">beige stone benchtops and splash backs provide an elegant and<span class=\"sf-dump-default sf-dump-ns\">\\
</span></span>
      <span class=sf-dump-str title=\"1726 characters\">durable finish.<span class=\"sf-dump-default sf-dump-ns\">\\
</span></span>
      <span class=sf-dump-str title=\"1726 characters\"><span class=\"sf-dump-default sf-dump-ns\">\\
</span></span>
      <span class=sf-dump-str title=\"1726 characters\">- Stylish Bathrooms: Bathrooms are fitted with Belga grey tiles and<span class=\"sf-dump-default sf-dump-ns\">\\
</span></span>
      <span class=sf-dump-str title=\"1726 characters\">high-quality fixtures, offering a luxurious and functional space.<span class=\"sf-dump-default sf-dump-ns\">\\
</span></span>
      <span class=sf-dump-str title=\"1726 characters\"><span class=\"sf-dump-default sf-dump-ns\">\\
</span></span>
      <span class=sf-dump-str title=\"1726 characters\">- Modern Interiors: Living areas feature engineered timber flooring,<span class=\"sf-dump-default sf-dump-ns\">\\
</span></span>
      <span class=sf-dump-str title=\"1726 characters\">while bedrooms are carpeted with grey wool, creating a cozy and<span class=\"sf-dump-default sf-dump-ns\">\\
</span></span>
      <span class=sf-dump-str title=\"1726 characters\">inviting atmosphere. Laminated cabinetry throughout the homes<span class=\"sf-dump-default sf-dump-ns\">\\
</span></span>
      <span class=sf-dump-str title=\"1726 characters\">ensures stylish and practical storage solutions.<span class=\"sf-dump-default sf-dump-ns\">\\
</span></span>
      <span class=sf-dump-str title=\"1726 characters\"><span class=\"sf-dump-default sf-dump-ns\">\\
</span></span>
      <span class=sf-dump-str title=\"1726 characters\">- Energy-Efficient Comfort: Each home is fitted with LED downlights<span class=\"sf-dump-default sf-dump-ns\">\\
</span></span>
      <span class=sf-dump-str title=\"1726 characters\">and a split-system air conditioning unit, providing energy-efficient<span class=\"sf-dump-default sf-dump-ns\">\\
</span></span>
      <span class=sf-dump-str title=\"1726 characters\">lighting and year-round climate control.<span class=\"sf-dump-default sf-dump-ns\">\\
</span></span>
      <span class=sf-dump-str title=\"1726 characters\"><span class=\"sf-dump-default sf-dump-ns\">\\
</span></span>
      <span class=sf-dump-str title=\"1726 characters\">- Very Detail Counts: Every detail, from undermounted sinks and<span class=\"sf-dump-default sf-dump-ns\">\\
</span></span>
      <span class=sf-dump-str title=\"1726 characters\">basins to hardware fittings, has been thoughtfully curated to elevate<span class=\"sf-dump-default sf-dump-ns\">\\
</span></span>
      <span class=sf-dump-str title=\"1726 characters\">the living experience.<span class=\"sf-dump-default sf-dump-ns\">\\
</span></span>
      <span class=sf-dump-str title=\"1726 characters\"><span class=\"sf-dump-default sf-dump-ns\">\\
</span></span>
      <span class=sf-dump-str title=\"1726 characters\">School Zone&#65306;<span class=\"sf-dump-default sf-dump-ns\">\\
</span></span>
      <span class=sf-dump-str title=\"1726 characters\">Pinewood Primary School<span class=\"sf-dump-default sf-dump-ns\">\\
</span></span>
      <span class=sf-dump-str title=\"1726 characters\">Glen Waverley Secondary College<span class=\"sf-dump-default sf-dump-ns\">\\
</span></span>
      <span class=sf-dump-str title=\"1726 characters\"><span class=\"sf-dump-default sf-dump-ns\">\\
</span></span>
      <span class=sf-dump-str title=\"1726 characters\">High public school district<span class=\"sf-dump-default sf-dump-ns\">\\
</span></span>
      <span class=sf-dump-str title=\"1726 characters\">Pinewood Primary School | 1.4km<span class=\"sf-dump-default sf-dump-ns\">\\
</span></span>
      <span class=sf-dump-str title=\"1726 characters\">Glen Waverley Secondary College | 2.4km<span class=\"sf-dump-default sf-dump-ns\">\\
</span></span>
      <span class=sf-dump-str title=\"1726 characters\">Top private schools near<span class=\"sf-dump-default sf-dump-ns\">\\
</span></span>
      <span class=sf-dump-str title=\"1726 characters\">Wesley College | 3.4km<span class=\"sf-dump-default sf-dump-ns\">\\
</span></span>
      <span class=sf-dump-str title=\"1726 characters\"><span class=\"sf-dump-default sf-dump-ns\">\\
</span></span>
      <span class=sf-dump-str title=\"1726 characters\">Shopping in the neighbourhood &amp; Life Style<span class=\"sf-dump-default sf-dump-ns\">\\
</span></span>
      <span class=sf-dump-str title=\"1726 characters\">The Glen Shopping Centre | 2.2km<span class=\"sf-dump-default sf-dump-ns\">\\
</span></span>
      <span class=sf-dump-str title=\"1726 characters\">Monash Aquatic &amp; Recreation Centre | 220m<span class=\"sf-dump-default sf-dump-ns\">\\
</span></span>
      <span class=sf-dump-str title=\"1726 characters\">Central Reserve Park | 850m<span class=\"sf-dump-default sf-dump-ns\">\\
</span></span>
      <span class=sf-dump-str title=\"1726 characters\"><span class=\"sf-dump-default sf-dump-ns\">\\
</span></span>
      <span class=sf-dump-str title=\"1726 characters\">Convenient Transportation<span class=\"sf-dump-default sf-dump-ns\">\\
</span></span>
      <span class=sf-dump-str title=\"1726 characters\">Syndal Railway Station | 2.2km<span class=\"sf-dump-default sf-dump-ns\">\\
</span></span>
      <span class=sf-dump-str title=\"1726 characters\">Glen Waverley Railway Station&#65372;2.4km<span class=\"sf-dump-default sf-dump-ns\">\\
</span></span>
      <span class=sf-dump-str title=\"1726 characters\">Bus stop&#65372;140m</span>
      \"\"\"
    \"<span class=sf-dump-key>status</span>\" => \"<span class=sf-dump-str title=\"3 characters\">Yes</span>\"
    \"<span class=sf-dump-key>admin_status</span>\" => \"<span class=sf-dump-str title=\"3 characters\">Yes</span>\"
    \"<span class=sf-dump-key>vendor_name</span>\" => \"<span class=sf-dump-str title=\"3 characters\">zim</span>\"
    \"<span class=sf-dump-key>vendor_email</span>\" => \"<span class=sf-dump-str title=\"19 characters\">zimroy689@gmail.com</span>\"
    \"<span class=sf-dump-key>vendor_phone</span>\" => \"<span class=sf-dump-str title=\"10 characters\">0430883278</span>\"
    \"<span class=sf-dump-key>send_public_mail_to_vender</span>\" => <span class=sf-dump-num>0</span>
    \"<span class=sf-dump-key>send_weekly_mail_to_vender</span>\" => <span class=sf-dump-num>0</span>
    \"<span class=sf-dump-key>address_unit</span>\" => <span class=sf-dump-const>null</span>
    \"<span class=sf-dump-key>street_address</span>\" => \"<span class=sf-dump-str title=\"16 characters\">1 Ivanhoe Street</span>\"
    \"<span class=sf-dump-key>suburb</span>\" => \"<span class=sf-dump-str title=\"13 characters\">Glen Waverley</span>\"
    \"<span class=sf-dump-key>postcode</span>\" => \"<span class=sf-dump-str title=\"4 characters\">3150</span>\"
    \"<span class=sf-dump-key>state_id</span>\" => <span class=sf-dump-num>2</span>
    \"<span class=sf-dump-key>municipality</span>\" => <span class=sf-dump-const>null</span>
    \"<span class=sf-dump-key>hide_street_address</span>\" => <span class=sf-dump-num>1</span>
    \"<span class=sf-dump-key>hide_street_view</span>\" => <span class=sf-dump-num>0</span>
    \"<span class=sf-dump-key>auction_result</span>\" => \"<span class=sf-dump-str title=\"16 characters\">To be determined</span>\"
    \"<span class=sf-dump-key>maximum_bid</span>\" => \"<span class=sf-dump-str title=\"4 characters\">0.00</span>\"
    \"<span class=sf-dump-key>bedrooms</span>\" => \"<span class=sf-dump-str>4</span>\"
    \"<span class=sf-dump-key>bathrooms</span>\" => <span class=sf-dump-num>3</span>
    \"<span class=sf-dump-key>ensuites</span>\" => <span class=sf-dump-num>0</span>
    \"<span class=sf-dump-key>toilets</span>\" => <span class=sf-dump-num>0</span>
    \"<span class=sf-dump-key>garage_spaces</span>\" => <span class=sf-dump-num>2</span>
    \"<span class=sf-dump-key>carport_spaces</span>\" => <span class=sf-dump-num>0</span>
    \"<span class=sf-dump-key>popen_spaces</span>\" => <span class=sf-dump-num>0</span>
    \"<span class=sf-dump-key>living_areas</span>\" => <span class=sf-dump-const>null</span>
    \"<span class=sf-dump-key>house_size</span>\" => <span class=sf-dump-const>null</span>
    \"<span class=sf-dump-key>house_size_unit</span>\" => \"<span class=sf-dump-str title=\"7 characters\">Squares</span>\"
    \"<span class=sf-dump-key>land_size</span>\" => \"<span class=sf-dump-str title=\"3 characters\">158</span>\"
    \"<span class=sf-dump-key>land_size_unit</span>\" => \"<span class=sf-dump-str title=\"12 characters\">quare metres</span>\"
    \"<span class=sf-dump-key>energy_efficiency_rating</span>\" => <span class=sf-dump-const>null</span>
    \"<span class=sf-dump-key>outdoor_features</span>\" => \"<span class=sf-dump-str title=\"51 characters\">Ensuite,Fully Fenced,Garage,Shed,Undercover parking</span>\"
    \"<span class=sf-dump-key>indoor_features</span>\" => \"<span class=sf-dump-str title=\"16 characters\">Dishwasher,Study</span>\"
    \"<span class=sf-dump-key>heating_cooling</span>\" => \"<span class=sf-dump-str title=\"25 characters\">A / C,Evaporative Cooling</span>\"
    \"<span class=sf-dump-key>eco_friendly_features</span>\" => \"\"
    \"<span class=sf-dump-key>other_features</span>\" => <span class=sf-dump-const>null</span>
    \"<span class=sf-dump-key>published_date</span>\" => \"<span class=sf-dump-str title=\"10 characters\">2025-05-12</span>\"
    \"<span class=sf-dump-key>map_link_url</span>\" => <span class=sf-dump-const>null</span>
    \"<span class=sf-dump-key>latitude</span>\" => \"<span class=sf-dump-str title=\"11 characters\">-37.8883027</span>\"
    \"<span class=sf-dump-key>longitude</span>\" => \"<span class=sf-dump-str title=\"11 characters\">145.1538817</span>\"
    \"<span class=sf-dump-key>sold_date</span>\" => <span class=sf-dump-const>null</span>
    \"<span class=sf-dump-key>sold_price</span>\" => <span class=sf-dump-const>null</span>
    \"<span class=sf-dump-key>auction_date</span>\" => <span class=sf-dump-const>null</span>
    \"<span class=sf-dump-key>auction_time</span>\" => <span class=sf-dump-const>null</span>
    \"<span class=sf-dump-key>auction_location</span>\" => <span class=sf-dump-const>null</span>
    \"<span class=sf-dump-key>underContract</span>\" => \"<span class=sf-dump-str>0</span>\"
    \"<span class=sf-dump-key>leased_date</span>\" => <span class=sf-dump-const>null</span>
    \"<span class=sf-dump-key>bond</span>\" => <span class=sf-dump-const>null</span>
    \"<span class=sf-dump-key>created_at</span>\" => \"<span class=sf-dump-str title=\"19 characters\">2025-05-12 02:52:36</span>\"
    \"<span class=sf-dump-key>updated_at</span>\" => \"<span class=sf-dump-str title=\"19 characters\">2025-08-26 12:52:00</span>\"
  </samp>]
  #<span class=sf-dump-protected title=\"Protected property\">original</span>: <span class=sf-dump-note>array:82</span> [<samp data-depth=2 class=sf-dump-compact>
    \"<span class=sf-dump-key>id</span>\" => <span class=sf-dump-num>64</span>
    \"<span class=sf-dump-key>property_id</span>\" => <span class=sf-dump-num>0</span>
    \"<span class=sf-dump-key>user_id</span>\" => <span class=sf-dump-num>57</span>
    \"<span class=sf-dump-key>agency_id</span>\" => <span class=sf-dump-num>0</span>
    \"<span class=sf-dump-key>assestant_user_id</span>\" => <span class=sf-dump-const>null</span>
    \"<span class=sf-dump-key>show_assestant_user</span>\" => <span class=sf-dump-num>0</span>
    \"<span class=sf-dump-key>category_id</span>\" => <span class=sf-dump-num>1</span>
    \"<span class=sf-dump-key>status_id</span>\" => <span class=sf-dump-num>0</span>
    \"<span class=sf-dump-key>package_id</span>\" => <span class=sf-dump-num>3</span>
    \"<span class=sf-dump-key>display_start_date</span>\" => <span class=sf-dump-const>null</span>
    \"<span class=sf-dump-key>display_end_date</span>\" => <span class=sf-dump-const>null</span>
    \"<span class=sf-dump-key>package_name</span>\" => \"<span class=sf-dump-str title=\"5 characters\">Elite</span>\"
    \"<span class=sf-dump-key>property_type_id</span>\" => <span class=sf-dump-num>2</span>
    \"<span class=sf-dump-key>property_status_type</span>\" => \"<span class=sf-dump-str title=\"16 characters\">New Construction</span>\"
    \"<span class=sf-dump-key>property_authority</span>\" => \"<span class=sf-dump-str>2</span>\"
    \"<span class=sf-dump-key>name</span>\" => \"<span class=sf-dump-str title=\"61 characters\">Construction in Progress &ndash; Future-Ready Townhouse in Victoria</span>\"
    \"<span class=sf-dump-key>slug</span>\" => \"<span class=sf-dump-str title=\"59 characters\">construction-in-progress-future-ready-townhouse-in-victoria</span>\"
    \"<span class=sf-dump-key>price</span>\" => \"<span class=sf-dump-str title=\"10 characters\">1380000.00</span>\"
    \"<span class=sf-dump-key>min_price</span>\" => \"<span class=sf-dump-str title=\"13 characters\">Contact Agent</span>\"
    \"<span class=sf-dump-key>max_price</span>\" => \"<span class=sf-dump-str title=\"4 characters\">0.00</span>\"
    \"<span class=sf-dump-key>show_price</span>\" => \"<span class=sf-dump-str>0</span>\"
    \"<span class=sf-dump-key>hide_price_show_contact_agent</span>\" => <span class=sf-dump-num>0</span>
    \"<span class=sf-dump-key>image</span>\" => \"<span class=sf-dump-str title=\"14 characters\">79283_main.jpg</span>\"
    \"<span class=sf-dump-key>floorplan</span>\" => <span class=sf-dump-const>null</span>
    \"<span class=sf-dump-key>statement_information</span>\" => <span class=sf-dump-const>null</span>
    \"<span class=sf-dump-key>front_page_image</span>\" => <span class=sf-dump-const>null</span>
    \"<span class=sf-dump-key>video_url</span>\" => <span class=sf-dump-const>null</span>
    \"<span class=sf-dump-key>banner</span>\" => <span class=sf-dump-const>null</span>
    \"<span class=sf-dump-key>is_featured</span>\" => \"<span class=sf-dump-str title=\"2 characters\">No</span>\"
    \"<span class=sf-dump-key>is_new</span>\" => \"<span class=sf-dump-str title=\"3 characters\">Yes</span>\"
    \"<span class=sf-dump-key>sort_order</span>\" => <span class=sf-dump-num>1</span>
    \"<span class=sf-dump-key>short_contents</span>\" => <span class=sf-dump-const>null</span>
    \"<span class=sf-dump-key>full_contents</span>\" => \"\"\"
      <span class=sf-dump-str title=\"1726 characters\">Under Constructions<span class=\"sf-dump-default sf-dump-ns\">\\
</span></span>
      <span class=sf-dump-str title=\"1726 characters\">Unit 3 1 Ivanhoe St, Glen Waverley VIC 3150<span class=\"sf-dump-default sf-dump-ns\">\\
</span></span>
      <span class=sf-dump-str title=\"1726 characters\"><span class=\"sf-dump-default sf-dump-ns\">\\
</span></span>
      <span class=sf-dump-str title=\"1726 characters\">Layout: | 4 Bedroom | 3.5 Bathroom | 2 Car | 1 Study<span class=\"sf-dump-default sf-dump-ns\">\\
</span></span>
      <span class=sf-dump-str title=\"1726 characters\"><span class=\"sf-dump-default sf-dump-ns\">\\
</span></span>
      <span class=sf-dump-str title=\"1726 characters\">Convenient Location | Close to all amenities | Walking distance to<span class=\"sf-dump-default sf-dump-ns\">\\
</span></span>
      <span class=sf-dump-str title=\"1726 characters\">* Shopping Mall<span class=\"sf-dump-default sf-dump-ns\">\\
</span></span>
      <span class=sf-dump-str title=\"1726 characters\">Property Highlights<span class=\"sf-dump-default sf-dump-ns\">\\
</span></span>
      <span class=sf-dump-str title=\"1726 characters\">- High-End Kitchen Appliances: Electrolux - Founded in Sweden in 1919<span class=\"sf-dump-default sf-dump-ns\">\\
</span></span>
      <span class=sf-dump-str title=\"1726 characters\">including a gas cooktop, oven, dishwasher, and rangehood,<span class=\"sf-dump-default sf-dump-ns\">\\
</span></span>
      <span class=sf-dump-str title=\"1726 characters\">catering to both family needs and culinary enthusiasts. The<span class=\"sf-dump-default sf-dump-ns\">\\
</span></span>
      <span class=sf-dump-str title=\"1726 characters\">beige stone benchtops and splash backs provide an elegant and<span class=\"sf-dump-default sf-dump-ns\">\\
</span></span>
      <span class=sf-dump-str title=\"1726 characters\">durable finish.<span class=\"sf-dump-default sf-dump-ns\">\\
</span></span>
      <span class=sf-dump-str title=\"1726 characters\"><span class=\"sf-dump-default sf-dump-ns\">\\
</span></span>
      <span class=sf-dump-str title=\"1726 characters\">- Stylish Bathrooms: Bathrooms are fitted with Belga grey tiles and<span class=\"sf-dump-default sf-dump-ns\">\\
</span></span>
      <span class=sf-dump-str title=\"1726 characters\">high-quality fixtures, offering a luxurious and functional space.<span class=\"sf-dump-default sf-dump-ns\">\\
</span></span>
      <span class=sf-dump-str title=\"1726 characters\"><span class=\"sf-dump-default sf-dump-ns\">\\
</span></span>
      <span class=sf-dump-str title=\"1726 characters\">- Modern Interiors: Living areas feature engineered timber flooring,<span class=\"sf-dump-default sf-dump-ns\">\\
</span></span>
      <span class=sf-dump-str title=\"1726 characters\">while bedrooms are carpeted with grey wool, creating a cozy and<span class=\"sf-dump-default sf-dump-ns\">\\
</span></span>
      <span class=sf-dump-str title=\"1726 characters\">inviting atmosphere. Laminated cabinetry throughout the homes<span class=\"sf-dump-default sf-dump-ns\">\\
</span></span>
      <span class=sf-dump-str title=\"1726 characters\">ensures stylish and practical storage solutions.<span class=\"sf-dump-default sf-dump-ns\">\\
</span></span>
      <span class=sf-dump-str title=\"1726 characters\"><span class=\"sf-dump-default sf-dump-ns\">\\
</span></span>
      <span class=sf-dump-str title=\"1726 characters\">- Energy-Efficient Comfort: Each home is fitted with LED downlights<span class=\"sf-dump-default sf-dump-ns\">\\
</span></span>
      <span class=sf-dump-str title=\"1726 characters\">and a split-system air conditioning unit, providing energy-efficient<span class=\"sf-dump-default sf-dump-ns\">\\
</span></span>
      <span class=sf-dump-str title=\"1726 characters\">lighting and year-round climate control.<span class=\"sf-dump-default sf-dump-ns\">\\
</span></span>
      <span class=sf-dump-str title=\"1726 characters\"><span class=\"sf-dump-default sf-dump-ns\">\\
</span></span>
      <span class=sf-dump-str title=\"1726 characters\">- Very Detail Counts: Every detail, from undermounted sinks and<span class=\"sf-dump-default sf-dump-ns\">\\
</span></span>
      <span class=sf-dump-str title=\"1726 characters\">basins to hardware fittings, has been thoughtfully curated to elevate<span class=\"sf-dump-default sf-dump-ns\">\\
</span></span>
      <span class=sf-dump-str title=\"1726 characters\">the living experience.<span class=\"sf-dump-default sf-dump-ns\">\\
</span></span>
      <span class=sf-dump-str title=\"1726 characters\"><span class=\"sf-dump-default sf-dump-ns\">\\
</span></span>
      <span class=sf-dump-str title=\"1726 characters\">School Zone&#65306;<span class=\"sf-dump-default sf-dump-ns\">\\
</span></span>
      <span class=sf-dump-str title=\"1726 characters\">Pinewood Primary School<span class=\"sf-dump-default sf-dump-ns\">\\
</span></span>
      <span class=sf-dump-str title=\"1726 characters\">Glen Waverley Secondary College<span class=\"sf-dump-default sf-dump-ns\">\\
</span></span>
      <span class=sf-dump-str title=\"1726 characters\"><span class=\"sf-dump-default sf-dump-ns\">\\
</span></span>
      <span class=sf-dump-str title=\"1726 characters\">High public school district<span class=\"sf-dump-default sf-dump-ns\">\\
</span></span>
      <span class=sf-dump-str title=\"1726 characters\">Pinewood Primary School | 1.4km<span class=\"sf-dump-default sf-dump-ns\">\\
</span></span>
      <span class=sf-dump-str title=\"1726 characters\">Glen Waverley Secondary College | 2.4km<span class=\"sf-dump-default sf-dump-ns\">\\
</span></span>
      <span class=sf-dump-str title=\"1726 characters\">Top private schools near<span class=\"sf-dump-default sf-dump-ns\">\\
</span></span>
      <span class=sf-dump-str title=\"1726 characters\">Wesley College | 3.4km<span class=\"sf-dump-default sf-dump-ns\">\\
</span></span>
      <span class=sf-dump-str title=\"1726 characters\"><span class=\"sf-dump-default sf-dump-ns\">\\
</span></span>
      <span class=sf-dump-str title=\"1726 characters\">Shopping in the neighbourhood &amp; Life Style<span class=\"sf-dump-default sf-dump-ns\">\\
</span></span>
      <span class=sf-dump-str title=\"1726 characters\">The Glen Shopping Centre | 2.2km<span class=\"sf-dump-default sf-dump-ns\">\\
</span></span>
      <span class=sf-dump-str title=\"1726 characters\">Monash Aquatic &amp; Recreation Centre | 220m<span class=\"sf-dump-default sf-dump-ns\">\\
</span></span>
      <span class=sf-dump-str title=\"1726 characters\">Central Reserve Park | 850m<span class=\"sf-dump-default sf-dump-ns\">\\
</span></span>
      <span class=sf-dump-str title=\"1726 characters\"><span class=\"sf-dump-default sf-dump-ns\">\\
</span></span>
      <span class=sf-dump-str title=\"1726 characters\">Convenient Transportation<span class=\"sf-dump-default sf-dump-ns\">\\
</span></span>
      <span class=sf-dump-str title=\"1726 characters\">Syndal Railway Station | 2.2km<span class=\"sf-dump-default sf-dump-ns\">\\
</span></span>
      <span class=sf-dump-str title=\"1726 characters\">Glen Waverley Railway Station&#65372;2.4km<span class=\"sf-dump-default sf-dump-ns\">\\
</span></span>
      <span class=sf-dump-str title=\"1726 characters\">Bus stop&#65372;140m</span>
      \"\"\"
    \"<span class=sf-dump-key>status</span>\" => \"<span class=sf-dump-str title=\"3 characters\">Yes</span>\"
    \"<span class=sf-dump-key>admin_status</span>\" => \"<span class=sf-dump-str title=\"3 characters\">Yes</span>\"
    \"<span class=sf-dump-key>vendor_name</span>\" => \"<span class=sf-dump-str title=\"3 characters\">zim</span>\"
    \"<span class=sf-dump-key>vendor_email</span>\" => \"<span class=sf-dump-str title=\"19 characters\">zimroy689@gmail.com</span>\"
    \"<span class=sf-dump-key>vendor_phone</span>\" => \"<span class=sf-dump-str title=\"10 characters\">0430883278</span>\"
    \"<span class=sf-dump-key>send_public_mail_to_vender</span>\" => <span class=sf-dump-num>0</span>
    \"<span class=sf-dump-key>send_weekly_mail_to_vender</span>\" => <span class=sf-dump-num>0</span>
    \"<span class=sf-dump-key>address_unit</span>\" => <span class=sf-dump-const>null</span>
    \"<span class=sf-dump-key>street_address</span>\" => \"<span class=sf-dump-str title=\"16 characters\">1 Ivanhoe Street</span>\"
    \"<span class=sf-dump-key>suburb</span>\" => \"<span class=sf-dump-str title=\"13 characters\">Glen Waverley</span>\"
    \"<span class=sf-dump-key>postcode</span>\" => \"<span class=sf-dump-str title=\"4 characters\">3150</span>\"
    \"<span class=sf-dump-key>state_id</span>\" => <span class=sf-dump-num>2</span>
    \"<span class=sf-dump-key>municipality</span>\" => <span class=sf-dump-const>null</span>
    \"<span class=sf-dump-key>hide_street_address</span>\" => <span class=sf-dump-num>1</span>
    \"<span class=sf-dump-key>hide_street_view</span>\" => <span class=sf-dump-num>0</span>
    \"<span class=sf-dump-key>auction_result</span>\" => \"<span class=sf-dump-str title=\"16 characters\">To be determined</span>\"
    \"<span class=sf-dump-key>maximum_bid</span>\" => \"<span class=sf-dump-str title=\"4 characters\">0.00</span>\"
    \"<span class=sf-dump-key>bedrooms</span>\" => \"<span class=sf-dump-str>4</span>\"
    \"<span class=sf-dump-key>bathrooms</span>\" => <span class=sf-dump-num>3</span>
    \"<span class=sf-dump-key>ensuites</span>\" => <span class=sf-dump-num>0</span>
    \"<span class=sf-dump-key>toilets</span>\" => <span class=sf-dump-num>0</span>
    \"<span class=sf-dump-key>garage_spaces</span>\" => <span class=sf-dump-num>2</span>
    \"<span class=sf-dump-key>carport_spaces</span>\" => <span class=sf-dump-num>0</span>
    \"<span class=sf-dump-key>popen_spaces</span>\" => <span class=sf-dump-num>0</span>
    \"<span class=sf-dump-key>living_areas</span>\" => <span class=sf-dump-const>null</span>
    \"<span class=sf-dump-key>house_size</span>\" => <span class=sf-dump-const>null</span>
    \"<span class=sf-dump-key>house_size_unit</span>\" => \"<span class=sf-dump-str title=\"7 characters\">Squares</span>\"
    \"<span class=sf-dump-key>land_size</span>\" => \"<span class=sf-dump-str title=\"3 characters\">158</span>\"
    \"<span class=sf-dump-key>land_size_unit</span>\" => \"<span class=sf-dump-str title=\"12 characters\">quare metres</span>\"
    \"<span class=sf-dump-key>energy_efficiency_rating</span>\" => <span class=sf-dump-const>null</span>
    \"<span class=sf-dump-key>outdoor_features</span>\" => \"<span class=sf-dump-str title=\"51 characters\">Ensuite,Fully Fenced,Garage,Shed,Undercover parking</span>\"
    \"<span class=sf-dump-key>indoor_features</span>\" => \"<span class=sf-dump-str title=\"16 characters\">Dishwasher,Study</span>\"
    \"<span class=sf-dump-key>heating_cooling</span>\" => \"<span class=sf-dump-str title=\"25 characters\">A / C,Evaporative Cooling</span>\"
    \"<span class=sf-dump-key>eco_friendly_features</span>\" => \"\"
    \"<span class=sf-dump-key>other_features</span>\" => <span class=sf-dump-const>null</span>
    \"<span class=sf-dump-key>published_date</span>\" => \"<span class=sf-dump-str title=\"10 characters\">2025-05-12</span>\"
    \"<span class=sf-dump-key>map_link_url</span>\" => <span class=sf-dump-const>null</span>
    \"<span class=sf-dump-key>latitude</span>\" => \"<span class=sf-dump-str title=\"11 characters\">-37.8883027</span>\"
    \"<span class=sf-dump-key>longitude</span>\" => \"<span class=sf-dump-str title=\"11 characters\">145.1538817</span>\"
    \"<span class=sf-dump-key>sold_date</span>\" => <span class=sf-dump-const>null</span>
    \"<span class=sf-dump-key>sold_price</span>\" => <span class=sf-dump-const>null</span>
    \"<span class=sf-dump-key>auction_date</span>\" => <span class=sf-dump-const>null</span>
    \"<span class=sf-dump-key>auction_time</span>\" => <span class=sf-dump-const>null</span>
    \"<span class=sf-dump-key>auction_location</span>\" => <span class=sf-dump-const>null</span>
    \"<span class=sf-dump-key>underContract</span>\" => \"<span class=sf-dump-str>0</span>\"
    \"<span class=sf-dump-key>leased_date</span>\" => <span class=sf-dump-const>null</span>
    \"<span class=sf-dump-key>bond</span>\" => <span class=sf-dump-const>null</span>
    \"<span class=sf-dump-key>created_at</span>\" => \"<span class=sf-dump-str title=\"19 characters\">2025-05-12 02:52:36</span>\"
    \"<span class=sf-dump-key>updated_at</span>\" => \"<span class=sf-dump-str title=\"19 characters\">2025-08-26 12:52:00</span>\"
  </samp>]
  #<span class=sf-dump-protected title=\"Protected property\">changes</span>: []
  #<span class=sf-dump-protected title=\"Protected property\">casts</span>: []
  #<span class=sf-dump-protected title=\"Protected property\">classCastCache</span>: []
  #<span class=sf-dump-protected title=\"Protected property\">attributeCastCache</span>: []
  #<span class=sf-dump-protected title=\"Protected property\">dates</span>: []
  #<span class=sf-dump-protected title=\"Protected property\">dateFormat</span>: <span class=sf-dump-const>null</span>
  #<span class=sf-dump-protected title=\"Protected property\">appends</span>: []
  #<span class=sf-dump-protected title=\"Protected property\">dispatchesEvents</span>: []
  #<span class=sf-dump-protected title=\"Protected property\">observables</span>: []
  #<span class=sf-dump-protected title=\"Protected property\">relations</span>: <span class=sf-dump-note>array:4</span> [<samp data-depth=2 class=sf-dump-compact>
    \"<span class=sf-dump-key>agent</span>\" => <span class=sf-dump-note title=\"App\\Model\\Agents
\"><span class=\"sf-dump-ellipsis sf-dump-ellipsis-note\">App\\Model</span><span class=\"sf-dump-ellipsis sf-dump-ellipsis-note\">\\</span>Agents</span> {<a class=sf-dump-ref>#1566</a><samp data-depth=3 class=sf-dump-compact>
      #<span class=sf-dump-protected title=\"Protected property\">table</span>: \"<span class=sf-dump-str title=\"9 characters\">tbl_users</span>\"
      #<span class=sf-dump-protected title=\"Protected property\">primaryKey</span>: \"<span class=sf-dump-str title=\"2 characters\">id</span>\"
      #<span class=sf-dump-protected title=\"Protected property\">connection</span>: \"<span class=sf-dump-str title=\"5 characters\">mysql</span>\"
      #<span class=sf-dump-protected title=\"Protected property\">keyType</span>: \"<span class=sf-dump-str title=\"3 characters\">int</span>\"
      +<span class=sf-dump-public title=\"Public property\">incrementing</span>: <span class=sf-dump-const>true</span>
      #<span class=sf-dump-protected title=\"Protected property\">with</span>: []
      #<span class=sf-dump-protected title=\"Protected property\">withCount</span>: []
      +<span class=sf-dump-public title=\"Public property\">preventsLazyLoading</span>: <span class=sf-dump-const>false</span>
      #<span class=sf-dump-protected title=\"Protected property\">perPage</span>: <span class=sf-dump-num>15</span>
      +<span class=sf-dump-public title=\"Public property\">exists</span>: <span class=sf-dump-const>true</span>
      +<span class=sf-dump-public title=\"Public property\">wasRecentlyCreated</span>: <span class=sf-dump-const>false</span>
      #<span class=sf-dump-protected title=\"Protected property\">escapeWhenCastingToString</span>: <span class=sf-dump-const>false</span>
      #<span class=sf-dump-protected title=\"Protected property\">attributes</span>: <span class=sf-dump-note>array:77</span> [ &hellip;77]
      #<span class=sf-dump-protected title=\"Protected property\">original</span>: <span class=sf-dump-note>array:77</span> [ &hellip;77]
      #<span class=sf-dump-protected title=\"Protected property\">changes</span>: []
      #<span class=sf-dump-protected title=\"Protected property\">casts</span>: []
      #<span class=sf-dump-protected title=\"Protected property\">classCastCache</span>: []
      #<span class=sf-dump-protected title=\"Protected property\">attributeCastCache</span>: []
      #<span class=sf-dump-protected title=\"Protected property\">dates</span>: []
      #<span class=sf-dump-protected title=\"Protected property\">dateFormat</span>: <span class=sf-dump-const>null</span>
      #<span class=sf-dump-protected title=\"Protected property\">appends</span>: []
      #<span class=sf-dump-protected title=\"Protected property\">dispatchesEvents</span>: []
      #<span class=sf-dump-protected title=\"Protected property\">observables</span>: []
      #<span class=sf-dump-protected title=\"Protected property\">relations</span>: []
      #<span class=sf-dump-protected title=\"Protected property\">touches</span>: []
      +<span class=sf-dump-public title=\"Public property\">timestamps</span>: <span class=sf-dump-const>true</span>
      #<span class=sf-dump-protected title=\"Protected property\">hidden</span>: []
      #<span class=sf-dump-protected title=\"Protected property\">visible</span>: []
      #<span class=sf-dump-protected title=\"Protected property\">fillable</span>: []
      #<span class=sf-dump-protected title=\"Protected property\">guarded</span>: <span class=sf-dump-note>array:1</span> [ &hellip;1]
    </samp>}
    \"<span class=sf-dump-key>property_option</span>\" => <span class=sf-dump-note title=\"App\\Model\\Propertyoptions
\"><span class=\"sf-dump-ellipsis sf-dump-ellipsis-note\">App\\Model</span><span class=\"sf-dump-ellipsis sf-dump-ellipsis-note\">\\</span>Propertyoptions</span> {<a class=sf-dump-ref>#1563</a><samp data-depth=3 class=sf-dump-compact>
      #<span class=sf-dump-protected title=\"Protected property\">table</span>: \"<span class=sf-dump-str title=\"19 characters\">tbl_property_option</span>\"
      #<span class=sf-dump-protected title=\"Protected property\">primaryKey</span>: \"<span class=sf-dump-str title=\"2 characters\">id</span>\"
      +<span class=sf-dump-public title=\"Public property\">timestamps</span>: <span class=sf-dump-const>false</span>
      #<span class=sf-dump-protected title=\"Protected property\">connection</span>: \"<span class=sf-dump-str title=\"5 characters\">mysql</span>\"
      #<span class=sf-dump-protected title=\"Protected property\">keyType</span>: \"<span class=sf-dump-str title=\"3 characters\">int</span>\"
      +<span class=sf-dump-public title=\"Public property\">incrementing</span>: <span class=sf-dump-const>true</span>
      #<span class=sf-dump-protected title=\"Protected property\">with</span>: []
      #<span class=sf-dump-protected title=\"Protected property\">withCount</span>: []
      +<span class=sf-dump-public title=\"Public property\">preventsLazyLoading</span>: <span class=sf-dump-const>false</span>
      #<span class=sf-dump-protected title=\"Protected property\">perPage</span>: <span class=sf-dump-num>15</span>
      +<span class=sf-dump-public title=\"Public property\">exists</span>: <span class=sf-dump-const>true</span>
      +<span class=sf-dump-public title=\"Public property\">wasRecentlyCreated</span>: <span class=sf-dump-const>false</span>
      #<span class=sf-dump-protected title=\"Protected property\">escapeWhenCastingToString</span>: <span class=sf-dump-const>false</span>
      #<span class=sf-dump-protected title=\"Protected property\">attributes</span>: <span class=sf-dump-note>array:7</span> [ &hellip;7]
      #<span class=sf-dump-protected title=\"Protected property\">original</span>: <span class=sf-dump-note>array:7</span> [ &hellip;7]
      #<span class=sf-dump-protected title=\"Protected property\">changes</span>: []
      #<span class=sf-dump-protected title=\"Protected property\">casts</span>: []
      #<span class=sf-dump-protected title=\"Protected property\">classCastCache</span>: []
      #<span class=sf-dump-protected title=\"Protected property\">attributeCastCache</span>: []
      #<span class=sf-dump-protected title=\"Protected property\">dates</span>: []
      #<span class=sf-dump-protected title=\"Protected property\">dateFormat</span>: <span class=sf-dump-const>null</span>
      #<span class=sf-dump-protected title=\"Protected property\">appends</span>: []
      #<span class=sf-dump-protected title=\"Protected property\">dispatchesEvents</span>: []
      #<span class=sf-dump-protected title=\"Protected property\">observables</span>: []
      #<span class=sf-dump-protected title=\"Protected property\">relations</span>: []
      #<span class=sf-dump-protected title=\"Protected property\">touches</span>: []
      #<span class=sf-dump-protected title=\"Protected property\">hidden</span>: []
      #<span class=sf-dump-protected title=\"Protected property\">visible</span>: []
      #<span class=sf-dump-protected title=\"Protected property\">fillable</span>: []
      #<span class=sf-dump-protected title=\"Protected property\">guarded</span>: <span class=sf-dump-note>array:1</span> [ &hellip;1]
    </samp>}
    \"<span class=sf-dump-key>property_state</span>\" => <span class=sf-dump-note title=\"App\\Model\\States
\"><span class=\"sf-dump-ellipsis sf-dump-ellipsis-note\">App\\Model</span><span class=\"sf-dump-ellipsis sf-dump-ellipsis-note\">\\</span>States</span> {<a class=sf-dump-ref>#1567</a><samp data-depth=3 class=sf-dump-compact>
      #<span class=sf-dump-protected title=\"Protected property\">table</span>: \"<span class=sf-dump-str title=\"10 characters\">tbl_states</span>\"
      +<span class=sf-dump-public title=\"Public property\">timestamps</span>: <span class=sf-dump-const>false</span>
      #<span class=sf-dump-protected title=\"Protected property\">connection</span>: \"<span class=sf-dump-str title=\"5 characters\">mysql</span>\"
      #<span class=sf-dump-protected title=\"Protected property\">primaryKey</span>: \"<span class=sf-dump-str title=\"2 characters\">id</span>\"
      #<span class=sf-dump-protected title=\"Protected property\">keyType</span>: \"<span class=sf-dump-str title=\"3 characters\">int</span>\"
      +<span class=sf-dump-public title=\"Public property\">incrementing</span>: <span class=sf-dump-const>true</span>
      #<span class=sf-dump-protected title=\"Protected property\">with</span>: []
      #<span class=sf-dump-protected title=\"Protected property\">withCount</span>: []
      +<span class=sf-dump-public title=\"Public property\">preventsLazyLoading</span>: <span class=sf-dump-const>false</span>
      #<span class=sf-dump-protected title=\"Protected property\">perPage</span>: <span class=sf-dump-num>15</span>
      +<span class=sf-dump-public title=\"Public property\">exists</span>: <span class=sf-dump-const>true</span>
      +<span class=sf-dump-public title=\"Public property\">wasRecentlyCreated</span>: <span class=sf-dump-const>false</span>
      #<span class=sf-dump-protected title=\"Protected property\">escapeWhenCastingToString</span>: <span class=sf-dump-const>false</span>
      #<span class=sf-dump-protected title=\"Protected property\">attributes</span>: <span class=sf-dump-note>array:15</span> [ &hellip;15]
      #<span class=sf-dump-protected title=\"Protected property\">original</span>: <span class=sf-dump-note>array:15</span> [ &hellip;15]
      #<span class=sf-dump-protected title=\"Protected property\">changes</span>: []
      #<span class=sf-dump-protected title=\"Protected property\">casts</span>: []
      #<span class=sf-dump-protected title=\"Protected property\">classCastCache</span>: []
      #<span class=sf-dump-protected title=\"Protected property\">attributeCastCache</span>: []
      #<span class=sf-dump-protected title=\"Protected property\">dates</span>: []
      #<span class=sf-dump-protected title=\"Protected property\">dateFormat</span>: <span class=sf-dump-const>null</span>
      #<span class=sf-dump-protected title=\"Protected property\">appends</span>: []
      #<span class=sf-dump-protected title=\"Protected property\">dispatchesEvents</span>: []
      #<span class=sf-dump-protected title=\"Protected property\">observables</span>: []
      #<span class=sf-dump-protected title=\"Protected property\">relations</span>: []
      #<span class=sf-dump-protected title=\"Protected property\">touches</span>: []
      #<span class=sf-dump-protected title=\"Protected property\">hidden</span>: []
      #<span class=sf-dump-protected title=\"Protected property\">visible</span>: []
      #<span class=sf-dump-protected title=\"Protected property\">fillable</span>: []
      #<span class=sf-dump-protected title=\"Protected property\">guarded</span>: <span class=sf-dump-note>array:1</span> [ &hellip;1]
    </samp>}
    \"<span class=sf-dump-key>property_type</span>\" => <span class=sf-dump-note title=\"App\\Model\\Propertytypes
\"><span class=\"sf-dump-ellipsis sf-dump-ellipsis-note\">App\\Model</span><span class=\"sf-dump-ellipsis sf-dump-ellipsis-note\">\\</span>Propertytypes</span> {<a class=sf-dump-ref>#1569</a><samp data-depth=3 class=sf-dump-compact>
      #<span class=sf-dump-protected title=\"Protected property\">table</span>: \"<span class=sf-dump-str title=\"18 characters\">tbl_property_types</span>\"
      #<span class=sf-dump-protected title=\"Protected property\">primaryKey</span>: \"<span class=sf-dump-str title=\"2 characters\">id</span>\"
      +<span class=sf-dump-public title=\"Public property\">timestamps</span>: <span class=sf-dump-const>false</span>
      #<span class=sf-dump-protected title=\"Protected property\">connection</span>: \"<span class=sf-dump-str title=\"5 characters\">mysql</span>\"
      #<span class=sf-dump-protected title=\"Protected property\">keyType</span>: \"<span class=sf-dump-str title=\"3 characters\">int</span>\"
      +<span class=sf-dump-public title=\"Public property\">incrementing</span>: <span class=sf-dump-const>true</span>
      #<span class=sf-dump-protected title=\"Protected property\">with</span>: []
      #<span class=sf-dump-protected title=\"Protected property\">withCount</span>: []
      +<span class=sf-dump-public title=\"Public property\">preventsLazyLoading</span>: <span class=sf-dump-const>false</span>
      #<span class=sf-dump-protected title=\"Protected property\">perPage</span>: <span class=sf-dump-num>15</span>
      +<span class=sf-dump-public title=\"Public property\">exists</span>: <span class=sf-dump-const>true</span>
      +<span class=sf-dump-public title=\"Public property\">wasRecentlyCreated</span>: <span class=sf-dump-const>false</span>
      #<span class=sf-dump-protected title=\"Protected property\">escapeWhenCastingToString</span>: <span class=sf-dump-const>false</span>
      #<span class=sf-dump-protected title=\"Protected property\">attributes</span>: <span class=sf-dump-note>array:6</span> [ &hellip;6]
      #<span class=sf-dump-protected title=\"Protected property\">original</span>: <span class=sf-dump-note>array:6</span> [ &hellip;6]
      #<span class=sf-dump-protected title=\"Protected property\">changes</span>: []
      #<span class=sf-dump-protected title=\"Protected property\">casts</span>: []
      #<span class=sf-dump-protected title=\"Protected property\">classCastCache</span>: []
      #<span class=sf-dump-protected title=\"Protected property\">attributeCastCache</span>: []
      #<span class=sf-dump-protected title=\"Protected property\">dates</span>: []
      #<span class=sf-dump-protected title=\"Protected property\">dateFormat</span>: <span class=sf-dump-const>null</span>
      #<span class=sf-dump-protected title=\"Protected property\">appends</span>: []
      #<span class=sf-dump-protected title=\"Protected property\">dispatchesEvents</span>: []
      #<span class=sf-dump-protected title=\"Protected property\">observables</span>: []
      #<span class=sf-dump-protected title=\"Protected property\">relations</span>: []
      #<span class=sf-dump-protected title=\"Protected property\">touches</span>: []
      #<span class=sf-dump-protected title=\"Protected property\">hidden</span>: []
      #<span class=sf-dump-protected title=\"Protected property\">visible</span>: []
      #<span class=sf-dump-protected title=\"Protected property\">fillable</span>: []
      #<span class=sf-dump-protected title=\"Protected property\">guarded</span>: <span class=sf-dump-note>array:1</span> [ &hellip;1]
    </samp>}
  </samp>]
  #<span class=sf-dump-protected title=\"Protected property\">touches</span>: []
  +<span class=sf-dump-public title=\"Public property\">timestamps</span>: <span class=sf-dump-const>true</span>
  #<span class=sf-dump-protected title=\"Protected property\">hidden</span>: []
  #<span class=sf-dump-protected title=\"Protected property\">visible</span>: []
  #<span class=sf-dump-protected title=\"Protected property\">fillable</span>: []
  #<span class=sf-dump-protected title=\"Protected property\">guarded</span>: <span class=sf-dump-note>array:1</span> [<samp data-depth=2 class=sf-dump-compact>
    <span class=sf-dump-index>0</span> => \"<span class=sf-dump-str>*</span>\"
  </samp>]
</samp>}
</pre><script>Sfdump(\"sf-dump-1685287711\", {\"maxDepth\":3,\"maxStringLength\":160})</script>
","rs_images":"<pre class=sf-dump id=sf-dump-525917256 data-indent-pad=\"  \"><span class=sf-dump-note>array:7</span> [<samp data-depth=1 class=sf-dump-expanded>
  <span class=sf-dump-index>0</span> => <span class=sf-dump-note>array:9</span> [<samp data-depth=2 class=sf-dump-compact>
    \"<span class=sf-dump-key>id</span>\" => <span class=sf-dump-num>12752</span>
    \"<span class=sf-dump-key>img_type</span>\" => \"<span class=sf-dump-str title=\"6 characters\">images</span>\"
    \"<span class=sf-dump-key>property_id</span>\" => <span class=sf-dump-num>64</span>
    \"<span class=sf-dump-key>image</span>\" => \"<span class=sf-dump-str title=\"11 characters\">83872_1.jpg</span>\"
    \"<span class=sf-dump-key>sort_order</span>\" => <span class=sf-dump-const>null</span>
    \"<span class=sf-dump-key>featured</span>\" => \"<span class=sf-dump-str title=\"2 characters\">No</span>\"
    \"<span class=sf-dump-key>status</span>\" => \"<span class=sf-dump-str title=\"2 characters\">No</span>\"
    \"<span class=sf-dump-key>created_at</span>\" => \"<span class=sf-dump-str title=\"27 characters\">2025-05-12T02:55:41.000000Z</span>\"
    \"<span class=sf-dump-key>updated_at</span>\" => \"<span class=sf-dump-str title=\"27 characters\">2025-05-12T02:55:41.000000Z</span>\"
  </samp>]
  <span class=sf-dump-index>1</span> => <span class=sf-dump-note>array:9</span> [<samp data-depth=2 class=sf-dump-compact>
    \"<span class=sf-dump-key>id</span>\" => <span class=sf-dump-num>12753</span>
    \"<span class=sf-dump-key>img_type</span>\" => \"<span class=sf-dump-str title=\"6 characters\">images</span>\"
    \"<span class=sf-dump-key>property_id</span>\" => <span class=sf-dump-num>64</span>
    \"<span class=sf-dump-key>image</span>\" => \"<span class=sf-dump-str title=\"11 characters\">44616_2.jpg</span>\"
    \"<span class=sf-dump-key>sort_order</span>\" => <span class=sf-dump-const>null</span>
    \"<span class=sf-dump-key>featured</span>\" => \"<span class=sf-dump-str title=\"2 characters\">No</span>\"
    \"<span class=sf-dump-key>status</span>\" => \"<span class=sf-dump-str title=\"2 characters\">No</span>\"
    \"<span class=sf-dump-key>created_at</span>\" => \"<span class=sf-dump-str title=\"27 characters\">2025-05-12T02:55:41.000000Z</span>\"
    \"<span class=sf-dump-key>updated_at</span>\" => \"<span class=sf-dump-str title=\"27 characters\">2025-05-12T02:55:41.000000Z</span>\"
  </samp>]
  <span class=sf-dump-index>2</span> => <span class=sf-dump-note>array:9</span> [<samp data-depth=2 class=sf-dump-compact>
    \"<span class=sf-dump-key>id</span>\" => <span class=sf-dump-num>12754</span>
    \"<span class=sf-dump-key>img_type</span>\" => \"<span class=sf-dump-str title=\"6 characters\">images</span>\"
    \"<span class=sf-dump-key>property_id</span>\" => <span class=sf-dump-num>64</span>
    \"<span class=sf-dump-key>image</span>\" => \"<span class=sf-dump-str title=\"11 characters\">38950_3.jpg</span>\"
    \"<span class=sf-dump-key>sort_order</span>\" => <span class=sf-dump-const>null</span>
    \"<span class=sf-dump-key>featured</span>\" => \"<span class=sf-dump-str title=\"2 characters\">No</span>\"
    \"<span class=sf-dump-key>status</span>\" => \"<span class=sf-dump-str title=\"2 characters\">No</span>\"
    \"<span class=sf-dump-key>created_at</span>\" => \"<span class=sf-dump-str title=\"27 characters\">2025-05-12T02:55:41.000000Z</span>\"
    \"<span class=sf-dump-key>updated_at</span>\" => \"<span class=sf-dump-str title=\"27 characters\">2025-05-12T02:55:41.000000Z</span>\"
  </samp>]
  <span class=sf-dump-index>3</span> => <span class=sf-dump-note>array:9</span> [<samp data-depth=2 class=sf-dump-compact>
    \"<span class=sf-dump-key>id</span>\" => <span class=sf-dump-num>12755</span>
    \"<span class=sf-dump-key>img_type</span>\" => \"<span class=sf-dump-str title=\"6 characters\">images</span>\"
    \"<span class=sf-dump-key>property_id</span>\" => <span class=sf-dump-num>64</span>
    \"<span class=sf-dump-key>image</span>\" => \"<span class=sf-dump-str title=\"11 characters\">30635_4.jpg</span>\"
    \"<span class=sf-dump-key>sort_order</span>\" => <span class=sf-dump-const>null</span>
    \"<span class=sf-dump-key>featured</span>\" => \"<span class=sf-dump-str title=\"2 characters\">No</span>\"
    \"<span class=sf-dump-key>status</span>\" => \"<span class=sf-dump-str title=\"2 characters\">No</span>\"
    \"<span class=sf-dump-key>created_at</span>\" => \"<span class=sf-dump-str title=\"27 characters\">2025-05-12T02:55:41.000000Z</span>\"
    \"<span class=sf-dump-key>updated_at</span>\" => \"<span class=sf-dump-str title=\"27 characters\">2025-05-12T02:55:41.000000Z</span>\"
  </samp>]
  <span class=sf-dump-index>4</span> => <span class=sf-dump-note>array:9</span> [<samp data-depth=2 class=sf-dump-compact>
    \"<span class=sf-dump-key>id</span>\" => <span class=sf-dump-num>12756</span>
    \"<span class=sf-dump-key>img_type</span>\" => \"<span class=sf-dump-str title=\"6 characters\">images</span>\"
    \"<span class=sf-dump-key>property_id</span>\" => <span class=sf-dump-num>64</span>
    \"<span class=sf-dump-key>image</span>\" => \"<span class=sf-dump-str title=\"11 characters\">30170_5.jpg</span>\"
    \"<span class=sf-dump-key>sort_order</span>\" => <span class=sf-dump-const>null</span>
    \"<span class=sf-dump-key>featured</span>\" => \"<span class=sf-dump-str title=\"2 characters\">No</span>\"
    \"<span class=sf-dump-key>status</span>\" => \"<span class=sf-dump-str title=\"2 characters\">No</span>\"
    \"<span class=sf-dump-key>created_at</span>\" => \"<span class=sf-dump-str title=\"27 characters\">2025-05-12T02:55:41.000000Z</span>\"
    \"<span class=sf-dump-key>updated_at</span>\" => \"<span class=sf-dump-str title=\"27 characters\">2025-05-12T02:55:41.000000Z</span>\"
  </samp>]
  <span class=sf-dump-index>5</span> => <span class=sf-dump-note>array:9</span> [<samp data-depth=2 class=sf-dump-compact>
    \"<span class=sf-dump-key>id</span>\" => <span class=sf-dump-num>12757</span>
    \"<span class=sf-dump-key>img_type</span>\" => \"<span class=sf-dump-str title=\"6 characters\">images</span>\"
    \"<span class=sf-dump-key>property_id</span>\" => <span class=sf-dump-num>64</span>
    \"<span class=sf-dump-key>image</span>\" => \"<span class=sf-dump-str title=\"11 characters\">86848_6.jpg</span>\"
    \"<span class=sf-dump-key>sort_order</span>\" => <span class=sf-dump-const>null</span>
    \"<span class=sf-dump-key>featured</span>\" => \"<span class=sf-dump-str title=\"2 characters\">No</span>\"
    \"<span class=sf-dump-key>status</span>\" => \"<span class=sf-dump-str title=\"2 characters\">No</span>\"
    \"<span class=sf-dump-key>created_at</span>\" => \"<span class=sf-dump-str title=\"27 characters\">2025-05-12T02:55:41.000000Z</span>\"
    \"<span class=sf-dump-key>updated_at</span>\" => \"<span class=sf-dump-str title=\"27 characters\">2025-05-12T02:55:41.000000Z</span>\"
  </samp>]
  <span class=sf-dump-index>6</span> => <span class=sf-dump-note>array:9</span> [<samp data-depth=2 class=sf-dump-compact>
    \"<span class=sf-dump-key>id</span>\" => <span class=sf-dump-num>12758</span>
    \"<span class=sf-dump-key>img_type</span>\" => \"<span class=sf-dump-str title=\"6 characters\">images</span>\"
    \"<span class=sf-dump-key>property_id</span>\" => <span class=sf-dump-num>64</span>
    \"<span class=sf-dump-key>image</span>\" => \"<span class=sf-dump-str title=\"11 characters\">74337_7.jpg</span>\"
    \"<span class=sf-dump-key>sort_order</span>\" => <span class=sf-dump-const>null</span>
    \"<span class=sf-dump-key>featured</span>\" => \"<span class=sf-dump-str title=\"2 characters\">No</span>\"
    \"<span class=sf-dump-key>status</span>\" => \"<span class=sf-dump-str title=\"2 characters\">No</span>\"
    \"<span class=sf-dump-key>created_at</span>\" => \"<span class=sf-dump-str title=\"27 characters\">2025-05-12T02:55:41.000000Z</span>\"
    \"<span class=sf-dump-key>updated_at</span>\" => \"<span class=sf-dump-str title=\"27 characters\">2025-05-12T02:55:41.000000Z</span>\"
  </samp>]
</samp>]
</pre><script>Sfdump(\"sf-dump-525917256\", {\"maxDepth\":3,\"maxStringLength\":160})</script>
"}},"exception":"[object] (Facade\\Ignition\\Exceptions\\ViewException(code: 0): Trying to get property 'primary_colour' of non-object (View: /home/revoycom/public_html/resources/views/common/listing/branding.blade.php) at /home/revoycom/public_html/resources/views/common/listing/branding.blade.php:18)
[stacktrace]
#0 /home/revoycom/public_html/resources/views/common/listing/branding.blade.php(18): Illuminate\\Foundation\\Bootstrap\\HandleExceptions->handleError(8, 'Trying to get p...', '/home/revoycom/...', 18, Array)
#1 /home/revoycom/public_html/vendor/laravel/framework/src/Illuminate/Filesystem/Filesystem.php(107): require('/home/revoycom/...')
#2 /home/revoycom/public_html/vendor/laravel/framework/src/Illuminate/Filesystem/Filesystem.php(108): Illuminate\\Filesystem\\Filesystem::Illuminate\\Filesystem\\{closure}()
#3 /home/revoycom/public_html/vendor/laravel/framework/src/Illuminate/View/Engines/PhpEngine.php(58): Illuminate\\Filesystem\\Filesystem->getRequire('/home/revoycom/...', Array)
#4 /home/revoycom/public_html/vendor/laravel/framework/src/Illuminate/View/Engines/CompilerEngine.php(61): Illuminate\\View\\Engines\\PhpEngine->evaluatePath('/home/revoycom/...', Array)
#5 /home/revoycom/public_html/vendor/facade/ignition/src/Views/Engines/CompilerEngine.php(37): Illuminate\\View\\Engines\\CompilerEngine->get('/home/revoycom/...', Array)
#6 /home/revoycom/public_html/vendor/laravel/framework/src/Illuminate/View/View.php(139): Facade\\Ignition\\Views\\Engines\\CompilerEngine->get('/home/revoycom/...', Array)
#7 /home/revoycom/public_html/vendor/laravel/framework/src/Illuminate/View/View.php(122): Illuminate\\View\\View->getContents()
#8 /home/revoycom/public_html/vendor/laravel/framework/src/Illuminate/View/View.php(91): Illuminate\\View\\View->renderContents()
#9 /home/revoycom/public_html/resources/views/common/listing/view.blade.php(26): Illuminate\\View\\View->render()
#10 /home/revoycom/public_html/vendor/laravel/framework/src/Illuminate/Filesystem/Filesystem.php(107): require('/home/revoycom/...')
#11 /home/revoycom/public_html/vendor/laravel/framework/src/Illuminate/Filesystem/Filesystem.php(108): Illuminate\\Filesystem\\Filesystem::Illuminate\\Filesystem\\{closure}()
#12 /home/revoycom/public_html/vendor/laravel/framework/src/Illuminate/View/Engines/PhpEngine.php(58): Illuminate\\Filesystem\\Filesystem->getRequire('/home/revoycom/...', Array)
#13 /home/revoycom/public_html/vendor/laravel/framework/src/Illuminate/View/Engines/CompilerEngine.php(61): Illuminate\\View\\Engines\\PhpEngine->evaluatePath('/home/revoycom/...', Array)
#14 /home/revoycom/public_html/vendor/facade/ignition/src/Views/Engines/CompilerEngine.php(37): Illuminate\\View\\Engines\\CompilerEngine->get('/home/revoycom/...', Array)
#15 /home/revoycom/public_html/vendor/laravel/framework/src/Illuminate/View/View.php(139): Facade\\Ignition\\Views\\Engines\\CompilerEngine->get('/home/revoycom/...', Array)
#16 /home/revoycom/public_html/vendor/laravel/framework/src/Illuminate/View/View.php(122): Illuminate\\View\\View->getContents()
#17 /home/revoycom/public_html/vendor/laravel/framework/src/Illuminate/View/View.php(91): Illuminate\\View\\View->renderContents()
#18 /home/revoycom/public_html/resources/views/search.blade.php(230): Illuminate\\View\\View->render()
#19 /home/revoycom/public_html/vendor/laravel/framework/src/Illuminate/Filesystem/Filesystem.php(107): require('/home/revoycom/...')
#20 /home/revoycom/public_html/vendor/laravel/framework/src/Illuminate/Filesystem/Filesystem.php(108): Illuminate\\Filesystem\\Filesystem::Illuminate\\Filesystem\\{closure}()
#21 /home/revoycom/public_html/vendor/laravel/framework/src/Illuminate/View/Engines/PhpEngine.php(58): Illuminate\\Filesystem\\Filesystem->getRequire('/home/revoycom/...', Array)
#22 /home/revoycom/public_html/vendor/laravel/framework/src/Illuminate/View/Engines/CompilerEngine.php(61): Illuminate\\View\\Engines\\PhpEngine->evaluatePath('/home/revoycom/...', Array)
#23 /home/revoycom/public_html/vendor/facade/ignition/src/Views/Engines/CompilerEngine.php(37): Illuminate\\View\\Engines\\CompilerEngine->get('/home/revoycom/...', Array)
#24 /home/revoycom/public_html/vendor/laravel/framework/src/Illuminate/View/View.php(139): Facade\\Ignition\\Views\\Engines\\CompilerEngine->get('/home/revoycom/...', Array)
#25 /home/revoycom/public_html/vendor/laravel/framework/src/Illuminate/View/View.php(122): Illuminate\\View\\View->getContents()
#26 /home/revoycom/public_html/vendor/laravel/framework/src/Illuminate/View/View.php(91): Illuminate\\View\\View->renderContents()
#27 /home/revoycom/public_html/vendor/laravel/framework/src/Illuminate/Http/Response.php(69): Illuminate\\View\\View->render()
#28 /home/revoycom/public_html/vendor/laravel/framework/src/Illuminate/Http/Response.php(35): Illuminate\\Http\\Response->setContent(Object(Illuminate\\View\\View))
#29 /home/revoycom/public_html/vendor/laravel/framework/src/Illuminate/Routing/Router.php(794): Illuminate\\Http\\Response->__construct(Object(Illuminate\\View\\View), 200, Array)
#30 /home/revoycom/public_html/vendor/laravel/framework/src/Illuminate/Routing/Router.php(763): Illuminate\\Routing\\Router::toResponse(Object(Illuminate\\Http\\Request), Object(Illuminate\\View\\View))
#31 /home/revoycom/public_html/vendor/laravel/framework/src/Illuminate/Routing/Router.php(695): Illuminate\\Routing\\Router->prepareResponse(Object(Illuminate\\Http\\Request), Object(Illuminate\\View\\View))
#32 /home/revoycom/public_html/vendor/laravel/framework/src/Illuminate/Pipeline/Pipeline.php(128): Illuminate\\Routing\\Router->Illuminate\\Routing\\{closure}(Object(Illuminate\\Http\\Request))
#33 /home/revoycom/public_html/app/Http/Middleware/RedirectIfAuthenticated.php(29): Illuminate\\Pipeline\\Pipeline->Illuminate\\Pipeline\\{closure}(Object(Illuminate\\Http\\Request))
#34 /home/revoycom/public_html/vendor/laravel/framework/src/Illuminate/Pipeline/Pipeline.php(167): App\\Http\\Middleware\\RedirectIfAuthenticated->handle(Object(Illuminate\\Http\\Request), Object(Closure))
#35 /home/revoycom/public_html/vendor/laravel/framework/src/Illuminate/Routing/Middleware/SubstituteBindings.php(50): Illuminate\\Pipeline\\Pipeline->Illuminate\\Pipeline\\{closure}(Object(Illuminate\\Http\\Request))
#36 /home/revoycom/public_html/vendor/laravel/framework/src/Illuminate/Pipeline/Pipeline.php(167): Illuminate\\Routing\\Middleware\\SubstituteBindings->handle(Object(Illuminate\\Http\\Request), Object(Closure))
#37 /home/revoycom/public_html/vendor/laravel/framework/src/Illuminate/Foundation/Http/Middleware/VerifyCsrfToken.php(78): Illuminate\\Pipeline\\Pipeline->Illuminate\\Pipeline\\{closure}(Object(Illuminate\\Http\\Request))
#38 /home/revoycom/public_html/vendor/laravel/framework/src/Illuminate/Pipeline/Pipeline.php(167): Illuminate\\Foundation\\Http\\Middleware\\VerifyCsrfToken->handle(Object(Illuminate\\Http\\Request), Object(Closure))
#39 /home/revoycom/public_html/vendor/laravel/framework/src/Illuminate/View/Middleware/ShareErrorsFromSession.php(49): Illuminate\\Pipeline\\Pipeline->Illuminate\\Pipeline\\{closure}(Object(Illuminate\\Http\\Request))
#40 /home/revoycom/public_html/vendor/laravel/framework/src/Illuminate/Pipeline/Pipeline.php(167): Illuminate\\View\\Middleware\\ShareErrorsFromSession->handle(Object(Illuminate\\Http\\Request), Object(Closure))
#41 /home/revoycom/public_html/vendor/laravel/framework/src/Illuminate/Session/Middleware/StartSession.php(121): Illuminate\\Pipeline\\Pipeline->Illuminate\\Pipeline\\{closure}(Object(Illuminate\\Http\\Request))
#42 /home/revoycom/public_html/vendor/laravel/framework/src/Illuminate/Session/Middleware/StartSession.php(64): Illuminate\\Session\\Middleware\\StartSession->handleStatefulRequest(Object(Illuminate\\Http\\Request), Object(Illuminate\\Session\\Store), Object(Closure))
#43 /home/revoycom/public_html/vendor/laravel/framework/src/Illuminate/Pipeline/Pipeline.php(167): Illuminate\\Session\\Middleware\\StartSession->handle(Object(Illuminate\\Http\\Request), Object(Closure))
#44 /home/revoycom/public_html/vendor/laravel/framework/src/Illuminate/Cookie/Middleware/AddQueuedCookiesToResponse.php(37): Illuminate\\Pipeline\\Pipeline->Illuminate\\Pipeline\\{closure}(Object(Illuminate\\Http\\Request))
#45 /home/revoycom/public_html/vendor/laravel/framework/src/Illuminate/Pipeline/Pipeline.php(167): Illuminate\\Cookie\\Middleware\\AddQueuedCookiesToResponse->handle(Object(Illuminate\\Http\\Request), Object(Closure))
#46 /home/revoycom/public_html/vendor/laravel/framework/src/Illuminate/Cookie/Middleware/EncryptCookies.php(67): Illuminate\\Pipeline\\Pipeline->Illuminate\\Pipeline\\{closure}(Object(Illuminate\\Http\\Request))
#47 /home/revoycom/public_html/vendor/laravel/framework/src/Illuminate/Pipeline/Pipeline.php(167): Illuminate\\Cookie\\Middleware\\EncryptCookies->handle(Object(Illuminate\\Http\\Request), Object(Closure))
#48 /home/revoycom/public_html/vendor/laravel/framework/src/Illuminate/Pipeline/Pipeline.php(103): Illuminate\\Pipeline\\Pipeline->Illuminate\\Pipeline\\{closure}(Object(Illuminate\\Http\\Request))
#49 /home/revoycom/public_html/vendor/laravel/framework/src/Illuminate/Routing/Router.php(697): Illuminate\\Pipeline\\Pipeline->then(Object(Closure))
#50 /home/revoycom/public_html/vendor/laravel/framework/src/Illuminate/Routing/Router.php(672): Illuminate\\Routing\\Router->runRouteWithinStack(Object(Illuminate\\Routing\\Route), Object(Illuminate\\Http\\Request))
#51 /home/revoycom/public_html/vendor/laravel/framework/src/Illuminate/Routing/Router.php(636): Illuminate\\Routing\\Router->runRoute(Object(Illuminate\\Http\\Request), Object(Illuminate\\Routing\\Route))
#52 /home/revoycom/public_html/vendor/laravel/framework/src/Illuminate/Routing/Router.php(625): Illuminate\\Routing\\Router->dispatchToRoute(Object(Illuminate\\Http\\Request))
#53 /home/revoycom/public_html/vendor/laravel/framework/src/Illuminate/Foundation/Http/Kernel.php(167): Illuminate\\Routing\\Router->dispatch(Object(Illuminate\\Http\\Request))
#54 /home/revoycom/public_html/vendor/laravel/framework/src/Illuminate/Pipeline/Pipeline.php(128): Illuminate\\Foundation\\Http\\Kernel->Illuminate\\Foundation\\Http\\{closure}(Object(Illuminate\\Http\\Request))
#55 /home/revoycom/public_html/vendor/laravel/framework/src/Illuminate/Foundation/Http/Middleware/TransformsRequest.php(21): Illuminate\\Pipeline\\Pipeline->Illuminate\\Pipeline\\{closure}(Object(Illuminate\\Http\\Request))
#56 /home/revoycom/public_html/vendor/laravel/framework/src/Illuminate/Foundation/Http/Middleware/ConvertEmptyStringsToNull.php(31): Illuminate\\Foundation\\Http\\Middleware\\TransformsRequest->handle(Object(Illuminate\\Http\\Request), Object(Closure))
#57 /home/revoycom/public_html/vendor/laravel/framework/src/Illuminate/Pipeline/Pipeline.php(167): Illuminate\\Foundation\\Http\\Middleware\\ConvertEmptyStringsToNull->handle(Object(Illuminate\\Http\\Request), Object(Closure))
#58 /home/revoycom/public_html/vendor/laravel/framework/src/Illuminate/Foundation/Http/Middleware/TransformsRequest.php(21): Illuminate\\Pipeline\\Pipeline->Illuminate\\Pipeline\\{closure}(Object(Illuminate\\Http\\Request))
#59 /home/revoycom/public_html/vendor/laravel/framework/src/Illuminate/Foundation/Http/Middleware/TrimStrings.php(40): Illuminate\\Foundation\\Http\\Middleware\\TransformsRequest->handle(Object(Illuminate\\Http\\Request), Object(Closure))
#60 /home/revoycom/public_html/vendor/laravel/framework/src/Illuminate/Pipeline/Pipeline.php(167): Illuminate\\Foundation\\Http\\Middleware\\TrimStrings->handle(Object(Illuminate\\Http\\Request), Object(Closure))
#61 /home/revoycom/public_html/vendor/laravel/framework/src/Illuminate/Foundation/Http/Middleware/ValidatePostSize.php(27): Illuminate\\Pipeline\\Pipeline->Illuminate\\Pipeline\\{closure}(Object(Illuminate\\Http\\Request))
#62 /home/revoycom/public_html/vendor/laravel/framework/src/Illuminate/Pipeline/Pipeline.php(167): Illuminate\\Foundation\\Http\\Middleware\\ValidatePostSize->handle(Object(Illuminate\\Http\\Request), Object(Closure))
#63 /home/revoycom/public_html/vendor/laravel/framework/src/Illuminate/Foundation/Http/Middleware/PreventRequestsDuringMaintenance.php(86): Illuminate\\Pipeline\\Pipeline->Illuminate\\Pipeline\\{closure}(Object(Illuminate\\Http\\Request))
#64 /home/revoycom/public_html/vendor/laravel/framework/src/Illuminate/Pipeline/Pipeline.php(167): Illuminate\\Foundation\\Http\\Middleware\\PreventRequestsDuringMaintenance->handle(Object(Illuminate\\Http\\Request), Object(Closure))
#65 /home/revoycom/public_html/vendor/fruitcake/laravel-cors/src/HandleCors.php(38): Illuminate\\Pipeline\\Pipeline->Illuminate\\Pipeline\\{closure}(Object(Illuminate\\Http\\Request))
#66 /home/revoycom/public_html/vendor/laravel/framework/src/Illuminate/Pipeline/Pipeline.php(167): Fruitcake\\Cors\\HandleCors->handle(Object(Illuminate\\Http\\Request), Object(Closure))
#67 /home/revoycom/public_html/vendor/fideloper/proxy/src/TrustProxies.php(57): Illuminate\\Pipeline\\Pipeline->Illuminate\\Pipeline\\{closure}(Object(Illuminate\\Http\\Request))
#68 /home/revoycom/public_html/vendor/laravel/framework/src/Illuminate/Pipeline/Pipeline.php(167): Fideloper\\Proxy\\TrustProxies->handle(Object(Illuminate\\Http\\Request), Object(Closure))
#69 /home/revoycom/public_html/vendor/laravel/framework/src/Illuminate/Pipeline/Pipeline.php(103): Illuminate\\Pipeline\\Pipeline->Illuminate\\Pipeline\\{closure}(Object(Illuminate\\Http\\Request))
#70 /home/revoycom/public_html/vendor/laravel/framework/src/Illuminate/Foundation/Http/Kernel.php(142): Illuminate\\Pipeline\\Pipeline->then(Object(Closure))
#71 /home/revoycom/public_html/vendor/laravel/framework/src/Illuminate/Foundation/Http/Kernel.php(111): Illuminate\\Foundation\\Http\\Kernel->sendRequestThroughRouter(Object(Illuminate\\Http\\Request))
#72 /home/revoycom/public_html/index.php(52): Illuminate\\Foundation\\Http\\Kernel->handle(Object(Illuminate\\Http\\Request))
#73 {main}

[previous exception] [object] (ErrorException(code: 0): Trying to get property 'primary_colour' of non-object at /home/revoycom/public_html/storage/framework/views/737a6f054e3ed66a5272f2fb0316c14e188dc444.php:18)
[stacktrace]
#0 /home/revoycom/public_html/storage/framework/views/737a6f054e3ed66a5272f2fb0316c14e188dc444.php(18): Illuminate\\Foundation\\Bootstrap\\HandleExceptions->handleError(8, 'Trying to get p...', '/home/revoycom/...', 18, Array)
#1 /home/revoycom/public_html/vendor/laravel/framework/src/Illuminate/Filesystem/Filesystem.php(107): require('/home/revoycom/...')
#2 /home/revoycom/public_html/vendor/laravel/framework/src/Illuminate/Filesystem/Filesystem.php(108): Illuminate\\Filesystem\\Filesystem::Illuminate\\Filesystem\\{closure}()
#3 /home/revoycom/public_html/vendor/laravel/framework/src/Illuminate/View/Engines/PhpEngine.php(58): Illuminate\\Filesystem\\Filesystem->getRequire('/home/revoycom/...', Array)
#4 /home/revoycom/public_html/vendor/laravel/framework/src/Illuminate/View/Engines/CompilerEngine.php(61): Illuminate\\View\\Engines\\PhpEngine->evaluatePath('/home/revoycom/...', Array)
#5 /home/revoycom/public_html/vendor/facade/ignition/src/Views/Engines/CompilerEngine.php(37): Illuminate\\View\\Engines\\CompilerEngine->get('/home/revoycom/...', Array)
#6 /home/revoycom/public_html/vendor/laravel/framework/src/Illuminate/View/View.php(139): Facade\\Ignition\\Views\\Engines\\CompilerEngine->get('/home/revoycom/...', Array)
#7 /home/revoycom/public_html/vendor/laravel/framework/src/Illuminate/View/View.php(122): Illuminate\\View\\View->getContents()
#8 /home/revoycom/public_html/vendor/laravel/framework/src/Illuminate/View/View.php(91): Illuminate\\View\\View->renderContents()
#9 /home/revoycom/public_html/storage/framework/views/230a52106d2efcf258b20a80c213897c9ce1a0ae.php(26): Illuminate\\View\\View->render()
#10 /home/revoycom/public_html/vendor/laravel/framework/src/Illuminate/Filesystem/Filesystem.php(107): require('/home/revoycom/...')
#11 /home/revoycom/public_html/vendor/laravel/framework/src/Illuminate/Filesystem/Filesystem.php(108): Illuminate\\Filesystem\\Filesystem::Illuminate\\Filesystem\\{closure}()
#12 /home/revoycom/public_html/vendor/laravel/framework/src/Illuminate/View/Engines/PhpEngine.php(58): Illuminate\\Filesystem\\Filesystem->getRequire('/home/revoycom/...', Array)
#13 /home/revoycom/public_html/vendor/laravel/framework/src/Illuminate/View/Engines/CompilerEngine.php(61): Illuminate\\View\\Engines\\PhpEngine->evaluatePath('/home/revoycom/...', Array)
#14 /home/revoycom/public_html/vendor/facade/ignition/src/Views/Engines/CompilerEngine.php(37): Illuminate\\View\\Engines\\CompilerEngine->get('/home/revoycom/...', Array)
#15 /home/revoycom/public_html/vendor/laravel/framework/src/Illuminate/View/View.php(139): Facade\\Ignition\\Views\\Engines\\CompilerEngine->get('/home/revoycom/...', Array)
#16 /home/revoycom/public_html/vendor/laravel/framework/src/Illuminate/View/View.php(122): Illuminate\\View\\View->getContents()
#17 /home/revoycom/public_html/vendor/laravel/framework/src/Illuminate/View/View.php(91): Illuminate\\View\\View->renderContents()
#18 /home/revoycom/public_html/storage/framework/views/aea925323d6507f9236f0a52bc24fea4aa6aea65.php(230): Illuminate\\View\\View->render()
#19 /home/revoycom/public_html/vendor/laravel/framework/src/Illuminate/Filesystem/Filesystem.php(107): require('/home/revoycom/...')
#20 /home/revoycom/public_html/vendor/laravel/framework/src/Illuminate/Filesystem/Filesystem.php(108): Illuminate\\Filesystem\\Filesystem::Illuminate\\Filesystem\\{closure}()
#21 /home/revoycom/public_html/vendor/laravel/framework/src/Illuminate/View/Engines/PhpEngine.php(58): Illuminate\\Filesystem\\Filesystem->getRequire('/home/revoycom/...', Array)
#22 /home/revoycom/public_html/vendor/laravel/framework/src/Illuminate/View/Engines/CompilerEngine.php(61): Illuminate\\View\\Engines\\PhpEngine->evaluatePath('/home/revoycom/...', Array)
#23 /home/revoycom/public_html/vendor/facade/ignition/src/Views/Engines/CompilerEngine.php(37): Illuminate\\View\\Engines\\CompilerEngine->get('/home/revoycom/...', Array)
#24 /home/revoycom/public_html/vendor/laravel/framework/src/Illuminate/View/View.php(139): Facade\\Ignition\\Views\\Engines\\CompilerEngine->get('/home/revoycom/...', Array)
#25 /home/revoycom/public_html/vendor/laravel/framework/src/Illuminate/View/View.php(122): Illuminate\\View\\View->getContents()
#26 /home/revoycom/public_html/vendor/laravel/framework/src/Illuminate/View/View.php(91): Illuminate\\View\\View->renderContents()
#27 /home/revoycom/public_html/vendor/laravel/framework/src/Illuminate/Http/Response.php(69): Illuminate\\View\\View->render()
#28 /home/revoycom/public_html/vendor/laravel/framework/src/Illuminate/Http/Response.php(35): Illuminate\\Http\\Response->setContent(Object(Illuminate\\View\\View))
#29 /home/revoycom/public_html/vendor/laravel/framework/src/Illuminate/Routing/Router.php(794): Illuminate\\Http\\Response->__construct(Object(Illuminate\\View\\View), 200, Array)
#30 /home/revoycom/public_html/vendor/laravel/framework/src/Illuminate/Routing/Router.php(763): Illuminate\\Routing\\Router::toResponse(Object(Illuminate\\Http\\Request), Object(Illuminate\\View\\View))
#31 /home/revoycom/public_html/vendor/laravel/framework/src/Illuminate/Routing/Router.php(695): Illuminate\\Routing\\Router->prepareResponse(Object(Illuminate\\Http\\Request), Object(Illuminate\\View\\View))
#32 /home/revoycom/public_html/vendor/laravel/framework/src/Illuminate/Pipeline/Pipeline.php(128): Illuminate\\Routing\\Router->Illuminate\\Routing\\{closure}(Object(Illuminate\\Http\\Request))
#33 /home/revoycom/public_html/app/Http/Middleware/RedirectIfAuthenticated.php(29): Illuminate\\Pipeline\\Pipeline->Illuminate\\Pipeline\\{closure}(Object(Illuminate\\Http\\Request))
#34 /home/revoycom/public_html/vendor/laravel/framework/src/Illuminate/Pipeline/Pipeline.php(167): App\\Http\\Middleware\\RedirectIfAuthenticated->handle(Object(Illuminate\\Http\\Request), Object(Closure))
#35 /home/revoycom/public_html/vendor/laravel/framework/src/Illuminate/Routing/Middleware/SubstituteBindings.php(50): Illuminate\\Pipeline\\Pipeline->Illuminate\\Pipeline\\{closure}(Object(Illuminate\\Http\\Request))
#36 /home/revoycom/public_html/vendor/laravel/framework/src/Illuminate/Pipeline/Pipeline.php(167): Illuminate\\Routing\\Middleware\\SubstituteBindings->handle(Object(Illuminate\\Http\\Request), Object(Closure))
#37 /home/revoycom/public_html/vendor/laravel/framework/src/Illuminate/Foundation/Http/Middleware/VerifyCsrfToken.php(78): Illuminate\\Pipeline\\Pipeline->Illuminate\\Pipeline\\{closure}(Object(Illuminate\\Http\\Request))
#38 /home/revoycom/public_html/vendor/laravel/framework/src/Illuminate/Pipeline/Pipeline.php(167): Illuminate\\Foundation\\Http\\Middleware\\VerifyCsrfToken->handle(Object(Illuminate\\Http\\Request), Object(Closure))
#39 /home/revoycom/public_html/vendor/laravel/framework/src/Illuminate/View/Middleware/ShareErrorsFromSession.php(49): Illuminate\\Pipeline\\Pipeline->Illuminate\\Pipeline\\{closure}(Object(Illuminate\\Http\\Request))
#40 /home/revoycom/public_html/vendor/laravel/framework/src/Illuminate/Pipeline/Pipeline.php(167): Illuminate\\View\\Middleware\\ShareErrorsFromSession->handle(Object(Illuminate\\Http\\Request), Object(Closure))
#41 /home/revoycom/public_html/vendor/laravel/framework/src/Illuminate/Session/Middleware/StartSession.php(121): Illuminate\\Pipeline\\Pipeline->Illuminate\\Pipeline\\{closure}(Object(Illuminate\\Http\\Request))
#42 /home/revoycom/public_html/vendor/laravel/framework/src/Illuminate/Session/Middleware/StartSession.php(64): Illuminate\\Session\\Middleware\\StartSession->handleStatefulRequest(Object(Illuminate\\Http\\Request), Object(Illuminate\\Session\\Store), Object(Closure))
#43 /home/revoycom/public_html/vendor/laravel/framework/src/Illuminate/Pipeline/Pipeline.php(167): Illuminate\\Session\\Middleware\\StartSession->handle(Object(Illuminate\\Http\\Request), Object(Closure))
#44 /home/revoycom/public_html/vendor/laravel/framework/src/Illuminate/Cookie/Middleware/AddQueuedCookiesToResponse.php(37): Illuminate\\Pipeline\\Pipeline->Illuminate\\Pipeline\\{closure}(Object(Illuminate\\Http\\Request))
#45 /home/revoycom/public_html/vendor/laravel/framework/src/Illuminate/Pipeline/Pipeline.php(167): Illuminate\\Cookie\\Middleware\\AddQueuedCookiesToResponse->handle(Object(Illuminate\\Http\\Request), Object(Closure))
#46 /home/revoycom/public_html/vendor/laravel/framework/src/Illuminate/Cookie/Middleware/EncryptCookies.php(67): Illuminate\\Pipeline\\Pipeline->Illuminate\\Pipeline\\{closure}(Object(Illuminate\\Http\\Request))
#47 /home/revoycom/public_html/vendor/laravel/framework/src/Illuminate/Pipeline/Pipeline.php(167): Illuminate\\Cookie\\Middleware\\EncryptCookies->handle(Object(Illuminate\\Http\\Request), Object(Closure))
#48 /home/revoycom/public_html/vendor/laravel/framework/src/Illuminate/Pipeline/Pipeline.php(103): Illuminate\\Pipeline\\Pipeline->Illuminate\\Pipeline\\{closure}(Object(Illuminate\\Http\\Request))
#49 /home/revoycom/public_html/vendor/laravel/framework/src/Illuminate/Routing/Router.php(697): Illuminate\\Pipeline\\Pipeline->then(Object(Closure))
#50 /home/revoycom/public_html/vendor/laravel/framework/src/Illuminate/Routing/Router.php(672): Illuminate\\Routing\\Router->runRouteWithinStack(Object(Illuminate\\Routing\\Route), Object(Illuminate\\Http\\Request))
#51 /home/revoycom/public_html/vendor/laravel/framework/src/Illuminate/Routing/Router.php(636): Illuminate\\Routing\\Router->runRoute(Object(Illuminate\\Http\\Request), Object(Illuminate\\Routing\\Route))
#52 /home/revoycom/public_html/vendor/laravel/framework/src/Illuminate/Routing/Router.php(625): Illuminate\\Routing\\Router->dispatchToRoute(Object(Illuminate\\Http\\Request))
#53 /home/revoycom/public_html/vendor/laravel/framework/src/Illuminate/Foundation/Http/Kernel.php(167): Illuminate\\Routing\\Router->dispatch(Object(Illuminate\\Http\\Request))
#54 /home/revoycom/public_html/vendor/laravel/framework/src/Illuminate/Pipeline/Pipeline.php(128): Illuminate\\Foundation\\Http\\Kernel->Illuminate\\Foundation\\Http\\{closure}(Object(Illuminate\\Http\\Request))
#55 /home/revoycom/public_html/vendor/laravel/framework/src/Illuminate/Foundation/Http/Middleware/TransformsRequest.php(21): Illuminate\\Pipeline\\Pipeline->Illuminate\\Pipeline\\{closure}(Object(Illuminate\\Http\\Request))
#56 /home/revoycom/public_html/vendor/laravel/framework/src/Illuminate/Foundation/Http/Middleware/ConvertEmptyStringsToNull.php(31): Illuminate\\Foundation\\Http\\Middleware\\TransformsRequest->handle(Object(Illuminate\\Http\\Request), Object(Closure))
#57 /home/revoycom/public_html/vendor/laravel/framework/src/Illuminate/Pipeline/Pipeline.php(167): Illuminate\\Foundation\\Http\\Middleware\\ConvertEmptyStringsToNull->handle(Object(Illuminate\\Http\\Request), Object(Closure))
#58 /home/revoycom/public_html/vendor/laravel/framework/src/Illuminate/Foundation/Http/Middleware/TransformsRequest.php(21): Illuminate\\Pipeline\\Pipeline->Illuminate\\Pipeline\\{closure}(Object(Illuminate\\Http\\Request))
#59 /home/revoycom/public_html/vendor/laravel/framework/src/Illuminate/Foundation/Http/Middleware/TrimStrings.php(40): Illuminate\\Foundation\\Http\\Middleware\\TransformsRequest->handle(Object(Illuminate\\Http\\Request), Object(Closure))
#60 /home/revoycom/public_html/vendor/laravel/framework/src/Illuminate/Pipeline/Pipeline.php(167): Illuminate\\Foundation\\Http\\Middleware\\TrimStrings->handle(Object(Illuminate\\Http\\Request), Object(Closure))
#61 /home/revoycom/public_html/vendor/laravel/framework/src/Illuminate/Foundation/Http/Middleware/ValidatePostSize.php(27): Illuminate\\Pipeline\\Pipeline->Illuminate\\Pipeline\\{closure}(Object(Illuminate\\Http\\Request))
#62 /home/revoycom/public_html/vendor/laravel/framework/src/Illuminate/Pipeline/Pipeline.php(167): Illuminate\\Foundation\\Http\\Middleware\\ValidatePostSize->handle(Object(Illuminate\\Http\\Request), Object(Closure))
#63 /home/revoycom/public_html/vendor/laravel/framework/src/Illuminate/Foundation/Http/Middleware/PreventRequestsDuringMaintenance.php(86): Illuminate\\Pipeline\\Pipeline->Illuminate\\Pipeline\\{closure}(Object(Illuminate\\Http\\Request))
#64 /home/revoycom/public_html/vendor/laravel/framework/src/Illuminate/Pipeline/Pipeline.php(167): Illuminate\\Foundation\\Http\\Middleware\\PreventRequestsDuringMaintenance->handle(Object(Illuminate\\Http\\Request), Object(Closure))
#65 /home/revoycom/public_html/vendor/fruitcake/laravel-cors/src/HandleCors.php(38): Illuminate\\Pipeline\\Pipeline->Illuminate\\Pipeline\\{closure}(Object(Illuminate\\Http\\Request))
#66 /home/revoycom/public_html/vendor/laravel/framework/src/Illuminate/Pipeline/Pipeline.php(167): Fruitcake\\Cors\\HandleCors->handle(Object(Illuminate\\Http\\Request), Object(Closure))
#67 /home/revoycom/public_html/vendor/fideloper/proxy/src/TrustProxies.php(57): Illuminate\\Pipeline\\Pipeline->Illuminate\\Pipeline\\{closure}(Object(Illuminate\\Http\\Request))
#68 /home/revoycom/public_html/vendor/laravel/framework/src/Illuminate/Pipeline/Pipeline.php(167): Fideloper\\Proxy\\TrustProxies->handle(Object(Illuminate\\Http\\Request), Object(Closure))
#69 /home/revoycom/public_html/vendor/laravel/framework/src/Illuminate/Pipeline/Pipeline.php(103): Illuminate\\Pipeline\\Pipeline->Illuminate\\Pipeline\\{closure}(Object(Illuminate\\Http\\Request))
#70 /home/revoycom/public_html/vendor/laravel/framework/src/Illuminate/Foundation/Http/Kernel.php(142): Illuminate\\Pipeline\\Pipeline->then(Object(Closure))
#71 /home/revoycom/public_html/vendor/laravel/framework/src/Illuminate/Foundation/Http/Kernel.php(111): Illuminate\\Foundation\\Http\\Kernel->sendRequestThroughRouter(Object(Illuminate\\Http\\Request))
#72 /home/revoycom/public_html/index.php(52): Illuminate\\Foundation\\Http\\Kernel->handle(Object(Illuminate\\Http\\Request))
#73 {main}
"} 
[2026-06-07 18:13:47] local.ERROR: SQLSTATE[42000]: Syntax error or access violation: 1064 You have an error in your SQL syntax; check the manual that corresponds to your MariaDB server version for the right syntax to use near 'and (`suburb` LIKE ? or `street_address` LIKE ? or `name` LIKE ? or `full_con...' at line 1 (SQL: select count(*) as aggregate from `tbl_property` where status = 'Yes'  AND admin_status = 'Yes'  AND category_id =    and (`suburb` LIKE %Search% or `street_address` LIKE %Search% or `name` LIKE %Search% or `full_contents` LIKE %Search% or `street_address` LIKE %Search% or `address_unit` LIKE %Search%)) {"exception":"[object] (Illuminate\\Database\\QueryException(code: 42000): SQLSTATE[42000]: Syntax error or access violation: 1064 You have an error in your SQL syntax; check the manual that corresponds to your MariaDB server version for the right syntax to use near 'and (`suburb` LIKE ? or `street_address` LIKE ? or `name` LIKE ? or `full_con...' at line 1 (SQL: select count(*) as aggregate from `tbl_property` where status = 'Yes'  AND admin_status = 'Yes'  AND category_id =    and (`suburb` LIKE %Search% or `street_address` LIKE %Search% or `name` LIKE %Search% or `full_contents` LIKE %Search% or `street_address` LIKE %Search% or `address_unit` LIKE %Search%)) at /home/revoycom/public_html/vendor/laravel/framework/src/Illuminate/Database/Connection.php:703)
[stacktrace]
#0 /home/revoycom/public_html/vendor/laravel/framework/src/Illuminate/Database/Connection.php(663): Illuminate\\Database\\Connection->runQueryCallback('select count(*)...', Array, Object(Closure))
#1 /home/revoycom/public_html/vendor/laravel/framework/src/Illuminate/Database/Connection.php(367): Illuminate\\Database\\Connection->run('select count(*)...', Array, Object(Closure))
#2 /home/revoycom/public_html/vendor/laravel/framework/src/Illuminate/Database/Query/Builder.php(2352): Illuminate\\Database\\Connection->select('select count(*)...', Array, true)
#3 /home/revoycom/public_html/vendor/laravel/framework/src/Illuminate/Database/Query/Builder.php(2340): Illuminate\\Database\\Query\\Builder->runSelect()
#4 /home/revoycom/public_html/vendor/laravel/framework/src/Illuminate/Database/Query/Builder.php(2874): Illuminate\\Database\\Query\\Builder->Illuminate\\Database\\Query\\{closure}()
#5 /home/revoycom/public_html/vendor/laravel/framework/src/Illuminate/Database/Query/Builder.php(2341): Illuminate\\Database\\Query\\Builder->onceWithColumns(Array, Object(Closure))
#6 /home/revoycom/public_html/vendor/laravel/framework/src/Illuminate/Database/Query/Builder.php(2801): Illuminate\\Database\\Query\\Builder->get(Array)
#7 /home/revoycom/public_html/vendor/laravel/framework/src/Illuminate/Database/Query/Builder.php(2729): Illuminate\\Database\\Query\\Builder->aggregate('count', Array)
#8 /home/revoycom/public_html/vendor/laravel/framework/src/Illuminate/Database/Eloquent/Builder.php(1655): Illuminate\\Database\\Query\\Builder->count()
#9 /home/revoycom/public_html/app/Http/Controllers/CommonController.php(1617): Illuminate\\Database\\Eloquent\\Builder->__call('count', Array)
#10 /home/revoycom/public_html/vendor/laravel/framework/src/Illuminate/Routing/Controller.php(54): App\\Http\\Controllers\\CommonController->load_property(Object(Illuminate\\Http\\Request))
#11 /home/revoycom/public_html/vendor/laravel/framework/src/Illuminate/Routing/ControllerDispatcher.php(45): Illuminate\\Routing\\Controller->callAction('load_property', Array)
#12 /home/revoycom/public_html/vendor/laravel/framework/src/Illuminate/Routing/Route.php(262): Illuminate\\Routing\\ControllerDispatcher->dispatch(Object(Illuminate\\Routing\\Route), Object(App\\Http\\Controllers\\CommonController), 'load_property')
#13 /home/revoycom/public_html/vendor/laravel/framework/src/Illuminate/Routing/Route.php(205): Illuminate\\Routing\\Route->runController()
#14 /home/revoycom/public_html/vendor/laravel/framework/src/Illuminate/Routing/Router.php(695): Illuminate\\Routing\\Route->run()
#15 /home/revoycom/public_html/vendor/laravel/framework/src/Illuminate/Pipeline/Pipeline.php(128): Illuminate\\Routing\\Router->Illuminate\\Routing\\{closure}(Object(Illuminate\\Http\\Request))
#16 /home/revoycom/public_html/app/Http/Middleware/RedirectIfAuthenticated.php(29): Illuminate\\Pipeline\\Pipeline->Illuminate\\Pipeline\\{closure}(Object(Illuminate\\Http\\Request))
#17 /home/revoycom/public_html/vendor/laravel/framework/src/Illuminate/Pipeline/Pipeline.php(167): App\\Http\\Middleware\\RedirectIfAuthenticated->handle(Object(Illuminate\\Http\\Request), Object(Closure))
#18 /home/revoycom/public_html/vendor/laravel/framework/src/Illuminate/Routing/Middleware/SubstituteBindings.php(50): Illuminate\\Pipeline\\Pipeline->Illuminate\\Pipeline\\{closure}(Object(Illuminate\\Http\\Request))
#19 /home/revoycom/public_html/vendor/laravel/framework/src/Illuminate/Pipeline/Pipeline.php(167): Illuminate\\Routing\\Middleware\\SubstituteBindings->handle(Object(Illuminate\\Http\\Request), Object(Closure))
#20 /home/revoycom/public_html/vendor/laravel/framework/src/Illuminate/Foundation/Http/Middleware/VerifyCsrfToken.php(78): Illuminate\\Pipeline\\Pipeline->Illuminate\\Pipeline\\{closure}(Object(Illuminate\\Http\\Request))
#21 /home/revoycom/public_html/vendor/laravel/framework/src/Illuminate/Pipeline/Pipeline.php(167): Illuminate\\Foundation\\Http\\Middleware\\VerifyCsrfToken->handle(Object(Illuminate\\Http\\Request), Object(Closure))
#22 /home/revoycom/public_html/vendor/laravel/framework/src/Illuminate/View/Middleware/ShareErrorsFromSession.php(49): Illuminate\\Pipeline\\Pipeline->Illuminate\\Pipeline\\{closure}(Object(Illuminate\\Http\\Request))
#23 /home/revoycom/public_html/vendor/laravel/framework/src/Illuminate/Pipeline/Pipeline.php(167): Illuminate\\View\\Middleware\\ShareErrorsFromSession->handle(Object(Illuminate\\Http\\Request), Object(Closure))
#24 /home/revoycom/public_html/vendor/laravel/framework/src/Illuminate/Session/Middleware/StartSession.php(121): Illuminate\\Pipeline\\Pipeline->Illuminate\\Pipeline\\{closure}(Object(Illuminate\\Http\\Request))
#25 /home/revoycom/public_html/vendor/laravel/framework/src/Illuminate/Session/Middleware/StartSession.php(64): Illuminate\\Session\\Middleware\\StartSession->handleStatefulRequest(Object(Illuminate\\Http\\Request), Object(Illuminate\\Session\\Store), Object(Closure))
#26 /home/revoycom/public_html/vendor/laravel/framework/src/Illuminate/Pipeline/Pipeline.php(167): Illuminate\\Session\\Middleware\\StartSession->handle(Object(Illuminate\\Http\\Request), Object(Closure))
#27 /home/revoycom/public_html/vendor/laravel/framework/src/Illuminate/Cookie/Middleware/AddQueuedCookiesToResponse.php(37): Illuminate\\Pipeline\\Pipeline->Illuminate\\Pipeline\\{closure}(Object(Illuminate\\Http\\Request))
#28 /home/revoycom/public_html/vendor/laravel/framework/src/Illuminate/Pipeline/Pipeline.php(167): Illuminate\\Cookie\\Middleware\\AddQueuedCookiesToResponse->handle(Object(Illuminate\\Http\\Request), Object(Closure))
#29 /home/revoycom/public_html/vendor/laravel/framework/src/Illuminate/Cookie/Middleware/EncryptCookies.php(67): Illuminate\\Pipeline\\Pipeline->Illuminate\\Pipeline\\{closure}(Object(Illuminate\\Http\\Request))
#30 /home/revoycom/public_html/vendor/laravel/framework/src/Illuminate/Pipeline/Pipeline.php(167): Illuminate\\Cookie\\Middleware\\EncryptCookies->handle(Object(Illuminate\\Http\\Request), Object(Closure))
#31 /home/revoycom/public_html/vendor/laravel/framework/src/Illuminate/Pipeline/Pipeline.php(103): Illuminate\\Pipeline\\Pipeline->Illuminate\\Pipeline\\{closure}(Object(Illuminate\\Http\\Request))
#32 /home/revoycom/public_html/vendor/laravel/framework/src/Illuminate/Routing/Router.php(697): Illuminate\\Pipeline\\Pipeline->then(Object(Closure))
#33 /home/revoycom/public_html/vendor/laravel/framework/src/Illuminate/Routing/Router.php(672): Illuminate\\Routing\\Router->runRouteWithinStack(Object(Illuminate\\Routing\\Route), Object(Illuminate\\Http\\Request))
#34 /home/revoycom/public_html/vendor/laravel/framework/src/Illuminate/Routing/Router.php(636): Illuminate\\Routing\\Router->runRoute(Object(Illuminate\\Http\\Request), Object(Illuminate\\Routing\\Route))
#35 /home/revoycom/public_html/vendor/laravel/framework/src/Illuminate/Routing/Router.php(625): Illuminate\\Routing\\Router->dispatchToRoute(Object(Illuminate\\Http\\Request))
#36 /home/revoycom/public_html/vendor/laravel/framework/src/Illuminate/Foundation/Http/Kernel.php(167): Illuminate\\Routing\\Router->dispatch(Object(Illuminate\\Http\\Request))
#37 /home/revoycom/public_html/vendor/laravel/framework/src/Illuminate/Pipeline/Pipeline.php(128): Illuminate\\Foundation\\Http\\Kernel->Illuminate\\Foundation\\Http\\{closure}(Object(Illuminate\\Http\\Request))
#38 /home/revoycom/public_html/vendor/laravel/framework/src/Illuminate/Foundation/Http/Middleware/TransformsRequest.php(21): Illuminate\\Pipeline\\Pipeline->Illuminate\\Pipeline\\{closure}(Object(Illuminate\\Http\\Request))
#39 /home/revoycom/public_html/vendor/laravel/framework/src/Illuminate/Foundation/Http/Middleware/ConvertEmptyStringsToNull.php(31): Illuminate\\Foundation\\Http\\Middleware\\TransformsRequest->handle(Object(Illuminate\\Http\\Request), Object(Closure))
#40 /home/revoycom/public_html/vendor/laravel/framework/src/Illuminate/Pipeline/Pipeline.php(167): Illuminate\\Foundation\\Http\\Middleware\\ConvertEmptyStringsToNull->handle(Object(Illuminate\\Http\\Request), Object(Closure))
#41 /home/revoycom/public_html/vendor/laravel/framework/src/Illuminate/Foundation/Http/Middleware/TransformsRequest.php(21): Illuminate\\Pipeline\\Pipeline->Illuminate\\Pipeline\\{closure}(Object(Illuminate\\Http\\Request))
#42 /home/revoycom/public_html/vendor/laravel/framework/src/Illuminate/Foundation/Http/Middleware/TrimStrings.php(40): Illuminate\\Foundation\\Http\\Middleware\\TransformsRequest->handle(Object(Illuminate\\Http\\Request), Object(Closure))
#43 /home/revoycom/public_html/vendor/laravel/framework/src/Illuminate/Pipeline/Pipeline.php(167): Illuminate\\Foundation\\Http\\Middleware\\TrimStrings->handle(Object(Illuminate\\Http\\Request), Object(Closure))
#44 /home/revoycom/public_html/vendor/laravel/framework/src/Illuminate/Foundation/Http/Middleware/ValidatePostSize.php(27): Illuminate\\Pipeline\\Pipeline->Illuminate\\Pipeline\\{closure}(Object(Illuminate\\Http\\Request))
#45 /home/revoycom/public_html/vendor/laravel/framework/src/Illuminate/Pipeline/Pipeline.php(167): Illuminate\\Foundation\\Http\\Middleware\\ValidatePostSize->handle(Object(Illuminate\\Http\\Request), Object(Closure))
#46 /home/revoycom/public_html/vendor/laravel/framework/src/Illuminate/Foundation/Http/Middleware/PreventRequestsDuringMaintenance.php(86): Illuminate\\Pipeline\\Pipeline->Illuminate\\Pipeline\\{closure}(Object(Illuminate\\Http\\Request))
#47 /home/revoycom/public_html/vendor/laravel/framework/src/Illuminate/Pipeline/Pipeline.php(167): Illuminate\\Foundation\\Http\\Middleware\\PreventRequestsDuringMaintenance->handle(Object(Illuminate\\Http\\Request), Object(Closure))
#48 /home/revoycom/public_html/vendor/fruitcake/laravel-cors/src/HandleCors.php(38): Illuminate\\Pipeline\\Pipeline->Illuminate\\Pipeline\\{closure}(Object(Illuminate\\Http\\Request))
#49 /home/revoycom/public_html/vendor/laravel/framework/src/Illuminate/Pipeline/Pipeline.php(167): Fruitcake\\Cors\\HandleCors->handle(Object(Illuminate\\Http\\Request), Object(Closure))
#50 /home/revoycom/public_html/vendor/fideloper/proxy/src/TrustProxies.php(57): Illuminate\\Pipeline\\Pipeline->Illuminate\\Pipeline\\{closure}(Object(Illuminate\\Http\\Request))
#51 /home/revoycom/public_html/vendor/laravel/framework/src/Illuminate/Pipeline/Pipeline.php(167): Fideloper\\Proxy\\TrustProxies->handle(Object(Illuminate\\Http\\Request), Object(Closure))
#52 /home/revoycom/public_html/vendor/laravel/framework/src/Illuminate/Pipeline/Pipeline.php(103): Illuminate\\Pipeline\\Pipeline->Illuminate\\Pipeline\\{closure}(Object(Illuminate\\Http\\Request))
#53 /home/revoycom/public_html/vendor/laravel/framework/src/Illuminate/Foundation/Http/Kernel.php(142): Illuminate\\Pipeline\\Pipeline->then(Object(Closure))
#54 /home/revoycom/public_html/vendor/laravel/framework/src/Illuminate/Foundation/Http/Kernel.php(111): Illuminate\\Foundation\\Http\\Kernel->sendRequestThroughRouter(Object(Illuminate\\Http\\Request))
#55 /home/revoycom/public_html/index.php(52): Illuminate\\Foundation\\Http\\Kernel->handle(Object(Illuminate\\Http\\Request))
#56 {main}

[previous exception] [object] (PDOException(code: 42000): SQLSTATE[42000]: Syntax error or access violation: 1064 You have an error in your SQL syntax; check the manual that corresponds to your MariaDB server version for the right syntax to use near 'and (`suburb` LIKE ? or `street_address` LIKE ? or `name` LIKE ? or `full_con...' at line 1 at /home/revoycom/public_html/vendor/laravel/framework/src/Illuminate/Database/Connection.php:359)
[stacktrace]
#0 /home/revoycom/public_html/vendor/laravel/framework/src/Illuminate/Database/Connection.php(359): PDO->prepare('select count(*)...')
#1 /home/revoycom/public_html/vendor/laravel/framework/src/Illuminate/Database/Connection.php(696): Illuminate\\Database\\Connection->Illuminate\\Database\\{closure}('select count(*)...', Array)
#2 /home/revoycom/public_html/vendor/laravel/framework/src/Illuminate/Database/Connection.php(663): Illuminate\\Database\\Connection->runQueryCallback('select count(*)...', Array, Object(Closure))
#3 /home/revoycom/public_html/vendor/laravel/framework/src/Illuminate/Database/Connection.php(367): Illuminate\\Database\\Connection->run('select count(*)...', Array, Object(Closure))
#4 /home/revoycom/public_html/vendor/laravel/framework/src/Illuminate/Database/Query/Builder.php(2352): Illuminate\\Database\\Connection->select('select count(*)...', Array, true)
#5 /home/revoycom/public_html/vendor/laravel/framework/src/Illuminate/Database/Query/Builder.php(2340): Illuminate\\Database\\Query\\Builder->runSelect()
#6 /home/revoycom/public_html/vendor/laravel/framework/src/Illuminate/Database/Query/Builder.php(2874): Illuminate\\Database\\Query\\Builder->Illuminate\\Database\\Query\\{closure}()
#7 /home/revoycom/public_html/vendor/laravel/framework/src/Illuminate/Database/Query/Builder.php(2341): Illuminate\\Database\\Query\\Builder->onceWithColumns(Array, Object(Closure))
#8 /home/revoycom/public_html/vendor/laravel/framework/src/Illuminate/Database/Query/Builder.php(2801): Illuminate\\Database\\Query\\Builder->get(Array)
#9 /home/revoycom/public_html/vendor/laravel/framework/src/Illuminate/Database/Query/Builder.php(2729): Illuminate\\Database\\Query\\Builder->aggregate('count', Array)
#10 /home/revoycom/public_html/vendor/laravel/framework/src/Illuminate/Database/Eloquent/Builder.php(1655): Illuminate\\Database\\Query\\Builder->count()
#11 /home/revoycom/public_html/app/Http/Controllers/CommonController.php(1617): Illuminate\\Database\\Eloquent\\Builder->__call('count', Array)
#12 /home/revoycom/public_html/vendor/laravel/framework/src/Illuminate/Routing/Controller.php(54): App\\Http\\Controllers\\CommonController->load_property(Object(Illuminate\\Http\\Request))
#13 /home/revoycom/public_html/vendor/laravel/framework/src/Illuminate/Routing/ControllerDispatcher.php(45): Illuminate\\Routing\\Controller->callAction('load_property', Array)
#14 /home/revoycom/public_html/vendor/laravel/framework/src/Illuminate/Routing/Route.php(262): Illuminate\\Routing\\ControllerDispatcher->dispatch(Object(Illuminate\\Routing\\Route), Object(App\\Http\\Controllers\\CommonController), 'load_property')
#15 /home/revoycom/public_html/vendor/laravel/framework/src/Illuminate/Routing/Route.php(205): Illuminate\\Routing\\Route->runController()
#16 /home/revoycom/public_html/vendor/laravel/framework/src/Illuminate/Routing/Router.php(695): Illuminate\\Routing\\Route->run()
#17 /home/revoycom/public_html/vendor/laravel/framework/src/Illuminate/Pipeline/Pipeline.php(128): Illuminate\\Routing\\Router->Illuminate\\Routing\\{closure}(Object(Illuminate\\Http\\Request))
#18 /home/revoycom/public_html/app/Http/Middleware/RedirectIfAuthenticated.php(29): Illuminate\\Pipeline\\Pipeline->Illuminate\\Pipeline\\{closure}(Object(Illuminate\\Http\\Request))
#19 /home/revoycom/public_html/vendor/laravel/framework/src/Illuminate/Pipeline/Pipeline.php(167): App\\Http\\Middleware\\RedirectIfAuthenticated->handle(Object(Illuminate\\Http\\Request), Object(Closure))
#20 /home/revoycom/public_html/vendor/laravel/framework/src/Illuminate/Routing/Middleware/SubstituteBindings.php(50): Illuminate\\Pipeline\\Pipeline->Illuminate\\Pipeline\\{closure}(Object(Illuminate\\Http\\Request))
#21 /home/revoycom/public_html/vendor/laravel/framework/src/Illuminate/Pipeline/Pipeline.php(167): Illuminate\\Routing\\Middleware\\SubstituteBindings->handle(Object(Illuminate\\Http\\Request), Object(Closure))
#22 /home/revoycom/public_html/vendor/laravel/framework/src/Illuminate/Foundation/Http/Middleware/VerifyCsrfToken.php(78): Illuminate\\Pipeline\\Pipeline->Illuminate\\Pipeline\\{closure}(Object(Illuminate\\Http\\Request))
#23 /home/revoycom/public_html/vendor/laravel/framework/src/Illuminate/Pipeline/Pipeline.php(167): Illuminate\\Foundation\\Http\\Middleware\\VerifyCsrfToken->handle(Object(Illuminate\\Http\\Request), Object(Closure))
#24 /home/revoycom/public_html/vendor/laravel/framework/src/Illuminate/View/Middleware/ShareErrorsFromSession.php(49): Illuminate\\Pipeline\\Pipeline->Illuminate\\Pipeline\\{closure}(Object(Illuminate\\Http\\Request))
#25 /home/revoycom/public_html/vendor/laravel/framework/src/Illuminate/Pipeline/Pipeline.php(167): Illuminate\\View\\Middleware\\ShareErrorsFromSession->handle(Object(Illuminate\\Http\\Request), Object(Closure))
#26 /home/revoycom/public_html/vendor/laravel/framework/src/Illuminate/Session/Middleware/StartSession.php(121): Illuminate\\Pipeline\\Pipeline->Illuminate\\Pipeline\\{closure}(Object(Illuminate\\Http\\Request))
#27 /home/revoycom/public_html/vendor/laravel/framework/src/Illuminate/Session/Middleware/StartSession.php(64): Illuminate\\Session\\Middleware\\StartSession->handleStatefulRequest(Object(Illuminate\\Http\\Request), Object(Illuminate\\Session\\Store), Object(Closure))
#28 /home/revoycom/public_html/vendor/laravel/framework/src/Illuminate/Pipeline/Pipeline.php(167): Illuminate\\Session\\Middleware\\StartSession->handle(Object(Illuminate\\Http\\Request), Object(Closure))
#29 /home/revoycom/public_html/vendor/laravel/framework/src/Illuminate/Cookie/Middleware/AddQueuedCookiesToResponse.php(37): Illuminate\\Pipeline\\Pipeline->Illuminate\\Pipeline\\{closure}(Object(Illuminate\\Http\\Request))
#30 /home/revoycom/public_html/vendor/laravel/framework/src/Illuminate/Pipeline/Pipeline.php(167): Illuminate\\Cookie\\Middleware\\AddQueuedCookiesToResponse->handle(Object(Illuminate\\Http\\Request), Object(Closure))
#31 /home/revoycom/public_html/vendor/laravel/framework/src/Illuminate/Cookie/Middleware/EncryptCookies.php(67): Illuminate\\Pipeline\\Pipeline->Illuminate\\Pipeline\\{closure}(Object(Illuminate\\Http\\Request))
#32 /home/revoycom/public_html/vendor/laravel/framework/src/Illuminate/Pipeline/Pipeline.php(167): Illuminate\\Cookie\\Middleware\\EncryptCookies->handle(Object(Illuminate\\Http\\Request), Object(Closure))
#33 /home/revoycom/public_html/vendor/laravel/framework/src/Illuminate/Pipeline/Pipeline.php(103): Illuminate\\Pipeline\\Pipeline->Illuminate\\Pipeline\\{closure}(Object(Illuminate\\Http\\Request))
#34 /home/revoycom/public_html/vendor/laravel/framework/src/Illuminate/Routing/Router.php(697): Illuminate\\Pipeline\\Pipeline->then(Object(Closure))
#35 /home/revoycom/public_html/vendor/laravel/framework/src/Illuminate/Routing/Router.php(672): Illuminate\\Routing\\Router->runRouteWithinStack(Object(Illuminate\\Routing\\Route), Object(Illuminate\\Http\\Request))
#36 /home/revoycom/public_html/vendor/laravel/framework/src/Illuminate/Routing/Router.php(636): Illuminate\\Routing\\Router->runRoute(Object(Illuminate\\Http\\Request), Object(Illuminate\\Routing\\Route))
#37 /home/revoycom/public_html/vendor/laravel/framework/src/Illuminate/Routing/Router.php(625): Illuminate\\Routing\\Router->dispatchToRoute(Object(Illuminate\\Http\\Request))
#38 /home/revoycom/public_html/vendor/laravel/framework/src/Illuminate/Foundation/Http/Kernel.php(167): Illuminate\\Routing\\Router->dispatch(Object(Illuminate\\Http\\Request))
#39 /home/revoycom/public_html/vendor/laravel/framework/src/Illuminate/Pipeline/Pipeline.php(128): Illuminate\\Foundation\\Http\\Kernel->Illuminate\\Foundation\\Http\\{closure}(Object(Illuminate\\Http\\Request))
#40 /home/revoycom/public_html/vendor/laravel/framework/src/Illuminate/Foundation/Http/Middleware/TransformsRequest.php(21): Illuminate\\Pipeline\\Pipeline->Illuminate\\Pipeline\\{closure}(Object(Illuminate\\Http\\Request))
#41 /home/revoycom/public_html/vendor/laravel/framework/src/Illuminate/Foundation/Http/Middleware/ConvertEmptyStringsToNull.php(31): Illuminate\\Foundation\\Http\\Middleware\\TransformsRequest->handle(Object(Illuminate\\Http\\Request), Object(Closure))
#42 /home/revoycom/public_html/vendor/laravel/framework/src/Illuminate/Pipeline/Pipeline.php(167): Illuminate\\Foundation\\Http\\Middleware\\ConvertEmptyStringsToNull->handle(Object(Illuminate\\Http\\Request), Object(Closure))
#43 /home/revoycom/public_html/vendor/laravel/framework/src/Illuminate/Foundation/Http/Middleware/TransformsRequest.php(21): Illuminate\\Pipeline\\Pipeline->Illuminate\\Pipeline\\{closure}(Object(Illuminate\\Http\\Request))
#44 /home/revoycom/public_html/vendor/laravel/framework/src/Illuminate/Foundation/Http/Middleware/TrimStrings.php(40): Illuminate\\Foundation\\Http\\Middleware\\TransformsRequest->handle(Object(Illuminate\\Http\\Request), Object(Closure))
#45 /home/revoycom/public_html/vendor/laravel/framework/src/Illuminate/Pipeline/Pipeline.php(167): Illuminate\\Foundation\\Http\\Middleware\\TrimStrings->handle(Object(Illuminate\\Http\\Request), Object(Closure))
#46 /home/revoycom/public_html/vendor/laravel/framework/src/Illuminate/Foundation/Http/Middleware/ValidatePostSize.php(27): Illuminate\\Pipeline\\Pipeline->Illuminate\\Pipeline\\{closure}(Object(Illuminate\\Http\\Request))
#47 /home/revoycom/public_html/vendor/laravel/framework/src/Illuminate/Pipeline/Pipeline.php(167): Illuminate\\Foundation\\Http\\Middleware\\ValidatePostSize->handle(Object(Illuminate\\Http\\Request), Object(Closure))
#48 /home/revoycom/public_html/vendor/laravel/framework/src/Illuminate/Foundation/Http/Middleware/PreventRequestsDuringMaintenance.php(86): Illuminate\\Pipeline\\Pipeline->Illuminate\\Pipeline\\{closure}(Object(Illuminate\\Http\\Request))
#49 /home/revoycom/public_html/vendor/laravel/framework/src/Illuminate/Pipeline/Pipeline.php(167): Illuminate\\Foundation\\Http\\Middleware\\PreventRequestsDuringMaintenance->handle(Object(Illuminate\\Http\\Request), Object(Closure))
#50 /home/revoycom/public_html/vendor/fruitcake/laravel-cors/src/HandleCors.php(38): Illuminate\\Pipeline\\Pipeline->Illuminate\\Pipeline\\{closure}(Object(Illuminate\\Http\\Request))
#51 /home/revoycom/public_html/vendor/laravel/framework/src/Illuminate/Pipeline/Pipeline.php(167): Fruitcake\\Cors\\HandleCors->handle(Object(Illuminate\\Http\\Request), Object(Closure))
#52 /home/revoycom/public_html/vendor/fideloper/proxy/src/TrustProxies.php(57): Illuminate\\Pipeline\\Pipeline->Illuminate\\Pipeline\\{closure}(Object(Illuminate\\Http\\Request))
#53 /home/revoycom/public_html/vendor/laravel/framework/src/Illuminate/Pipeline/Pipeline.php(167): Fideloper\\Proxy\\TrustProxies->handle(Object(Illuminate\\Http\\Request), Object(Closure))
#54 /home/revoycom/public_html/vendor/laravel/framework/src/Illuminate/Pipeline/Pipeline.php(103): Illuminate\\Pipeline\\Pipeline->Illuminate\\Pipeline\\{closure}(Object(Illuminate\\Http\\Request))
#55 /home/revoycom/public_html/vendor/laravel/framework/src/Illuminate/Foundation/Http/Kernel.php(142): Illuminate\\Pipeline\\Pipeline->then(Object(Closure))
#56 /home/revoycom/public_html/vendor/laravel/framework/src/Illuminate/Foundation/Http/Kernel.php(111): Illuminate\\Foundation\\Http\\Kernel->sendRequestThroughRouter(Object(Illuminate\\Http\\Request))
#57 /home/revoycom/public_html/index.php(52): Illuminate\\Foundation\\Http\\Kernel->handle(Object(Illuminate\\Http\\Request))
#58 {main}
"} 
[2026-06-07 21:47:27] local.ERROR: SQLSTATE[42000]: Syntax error or access violation: 1064 You have an error in your SQL syntax; check the manual that corresponds to your MariaDB server version for the right syntax to use near 'and (`suburb` LIKE ? or `street_address` LIKE ? or `name` LIKE ? or `full_con...' at line 1 (SQL: select count(*) as aggregate from `tbl_property` where status = 'Yes'  AND admin_status = 'Yes'  AND category_id =    and (`suburb` LIKE %Search% or `street_address` LIKE %Search% or `name` LIKE %Search% or `full_contents` LIKE %Search% or `street_address` LIKE %Search% or `address_unit` LIKE %Search%)) {"exception":"[object] (Illuminate\\Database\\QueryException(code: 42000): SQLSTATE[42000]: Syntax error or access violation: 1064 You have an error in your SQL syntax; check the manual that corresponds to your MariaDB server version for the right syntax to use near 'and (`suburb` LIKE ? or `street_address` LIKE ? or `name` LIKE ? or `full_con...' at line 1 (SQL: select count(*) as aggregate from `tbl_property` where status = 'Yes'  AND admin_status = 'Yes'  AND category_id =    and (`suburb` LIKE %Search% or `street_address` LIKE %Search% or `name` LIKE %Search% or `full_contents` LIKE %Search% or `street_address` LIKE %Search% or `address_unit` LIKE %Search%)) at /home/revoycom/public_html/vendor/laravel/framework/src/Illuminate/Database/Connection.php:703)
[stacktrace]
#0 /home/revoycom/public_html/vendor/laravel/framework/src/Illuminate/Database/Connection.php(663): Illuminate\\Database\\Connection->runQueryCallback('select count(*)...', Array, Object(Closure))
#1 /home/revoycom/public_html/vendor/laravel/framework/src/Illuminate/Database/Connection.php(367): Illuminate\\Database\\Connection->run('select count(*)...', Array, Object(Closure))
#2 /home/revoycom/public_html/vendor/laravel/framework/src/Illuminate/Database/Query/Builder.php(2352): Illuminate\\Database\\Connection->select('select count(*)...', Array, true)
#3 /home/revoycom/public_html/vendor/laravel/framework/src/Illuminate/Database/Query/Builder.php(2340): Illuminate\\Database\\Query\\Builder->runSelect()
#4 /home/revoycom/public_html/vendor/laravel/framework/src/Illuminate/Database/Query/Builder.php(2874): Illuminate\\Database\\Query\\Builder->Illuminate\\Database\\Query\\{closure}()
#5 /home/revoycom/public_html/vendor/laravel/framework/src/Illuminate/Database/Query/Builder.php(2341): Illuminate\\Database\\Query\\Builder->onceWithColumns(Array, Object(Closure))
#6 /home/revoycom/public_html/vendor/laravel/framework/src/Illuminate/Database/Query/Builder.php(2801): Illuminate\\Database\\Query\\Builder->get(Array)
#7 /home/revoycom/public_html/vendor/laravel/framework/src/Illuminate/Database/Query/Builder.php(2729): Illuminate\\Database\\Query\\Builder->aggregate('count', Array)
#8 /home/revoycom/public_html/vendor/laravel/framework/src/Illuminate/Database/Eloquent/Builder.php(1655): Illuminate\\Database\\Query\\Builder->count()
#9 /home/revoycom/public_html/app/Http/Controllers/CommonController.php(1617): Illuminate\\Database\\Eloquent\\Builder->__call('count', Array)
#10 /home/revoycom/public_html/vendor/laravel/framework/src/Illuminate/Routing/Controller.php(54): App\\Http\\Controllers\\CommonController->load_property(Object(Illuminate\\Http\\Request))
#11 /home/revoycom/public_html/vendor/laravel/framework/src/Illuminate/Routing/ControllerDispatcher.php(45): Illuminate\\Routing\\Controller->callAction('load_property', Array)
#12 /home/revoycom/public_html/vendor/laravel/framework/src/Illuminate/Routing/Route.php(262): Illuminate\\Routing\\ControllerDispatcher->dispatch(Object(Illuminate\\Routing\\Route), Object(App\\Http\\Controllers\\CommonController), 'load_property')
#13 /home/revoycom/public_html/vendor/laravel/framework/src/Illuminate/Routing/Route.php(205): Illuminate\\Routing\\Route->runController()
#14 /home/revoycom/public_html/vendor/laravel/framework/src/Illuminate/Routing/Router.php(695): Illuminate\\Routing\\Route->run()
#15 /home/revoycom/public_html/vendor/laravel/framework/src/Illuminate/Pipeline/Pipeline.php(128): Illuminate\\Routing\\Router->Illuminate\\Routing\\{closure}(Object(Illuminate\\Http\\Request))
#16 /home/revoycom/public_html/app/Http/Middleware/RedirectIfAuthenticated.php(29): Illuminate\\Pipeline\\Pipeline->Illuminate\\Pipeline\\{closure}(Object(Illuminate\\Http\\Request))
#17 /home/revoycom/public_html/vendor/laravel/framework/src/Illuminate/Pipeline/Pipeline.php(167): App\\Http\\Middleware\\RedirectIfAuthenticated->handle(Object(Illuminate\\Http\\Request), Object(Closure))
#18 /home/revoycom/public_html/vendor/laravel/framework/src/Illuminate/Routing/Middleware/SubstituteBindings.php(50): Illuminate\\Pipeline\\Pipeline->Illuminate\\Pipeline\\{closure}(Object(Illuminate\\Http\\Request))
#19 /home/revoycom/public_html/vendor/laravel/framework/src/Illuminate/Pipeline/Pipeline.php(167): Illuminate\\Routing\\Middleware\\SubstituteBindings->handle(Object(Illuminate\\Http\\Request), Object(Closure))
#20 /home/revoycom/public_html/vendor/laravel/framework/src/Illuminate/Foundation/Http/Middleware/VerifyCsrfToken.php(78): Illuminate\\Pipeline\\Pipeline->Illuminate\\Pipeline\\{closure}(Object(Illuminate\\Http\\Request))
#21 /home/revoycom/public_html/vendor/laravel/framework/src/Illuminate/Pipeline/Pipeline.php(167): Illuminate\\Foundation\\Http\\Middleware\\VerifyCsrfToken->handle(Object(Illuminate\\Http\\Request), Object(Closure))
#22 /home/revoycom/public_html/vendor/laravel/framework/src/Illuminate/View/Middleware/ShareErrorsFromSession.php(49): Illuminate\\Pipeline\\Pipeline->Illuminate\\Pipeline\\{closure}(Object(Illuminate\\Http\\Request))
#23 /home/revoycom/public_html/vendor/laravel/framework/src/Illuminate/Pipeline/Pipeline.php(167): Illuminate\\View\\Middleware\\ShareErrorsFromSession->handle(Object(Illuminate\\Http\\Request), Object(Closure))
#24 /home/revoycom/public_html/vendor/laravel/framework/src/Illuminate/Session/Middleware/StartSession.php(121): Illuminate\\Pipeline\\Pipeline->Illuminate\\Pipeline\\{closure}(Object(Illuminate\\Http\\Request))
#25 /home/revoycom/public_html/vendor/laravel/framework/src/Illuminate/Session/Middleware/StartSession.php(64): Illuminate\\Session\\Middleware\\StartSession->handleStatefulRequest(Object(Illuminate\\Http\\Request), Object(Illuminate\\Session\\Store), Object(Closure))
#26 /home/revoycom/public_html/vendor/laravel/framework/src/Illuminate/Pipeline/Pipeline.php(167): Illuminate\\Session\\Middleware\\StartSession->handle(Object(Illuminate\\Http\\Request), Object(Closure))
#27 /home/revoycom/public_html/vendor/laravel/framework/src/Illuminate/Cookie/Middleware/AddQueuedCookiesToResponse.php(37): Illuminate\\Pipeline\\Pipeline->Illuminate\\Pipeline\\{closure}(Object(Illuminate\\Http\\Request))
#28 /home/revoycom/public_html/vendor/laravel/framework/src/Illuminate/Pipeline/Pipeline.php(167): Illuminate\\Cookie\\Middleware\\AddQueuedCookiesToResponse->handle(Object(Illuminate\\Http\\Request), Object(Closure))
#29 /home/revoycom/public_html/vendor/laravel/framework/src/Illuminate/Cookie/Middleware/EncryptCookies.php(67): Illuminate\\Pipeline\\Pipeline->Illuminate\\Pipeline\\{closure}(Object(Illuminate\\Http\\Request))
#30 /home/revoycom/public_html/vendor/laravel/framework/src/Illuminate/Pipeline/Pipeline.php(167): Illuminate\\Cookie\\Middleware\\EncryptCookies->handle(Object(Illuminate\\Http\\Request), Object(Closure))
#31 /home/revoycom/public_html/vendor/laravel/framework/src/Illuminate/Pipeline/Pipeline.php(103): Illuminate\\Pipeline\\Pipeline->Illuminate\\Pipeline\\{closure}(Object(Illuminate\\Http\\Request))
#32 /home/revoycom/public_html/vendor/laravel/framework/src/Illuminate/Routing/Router.php(697): Illuminate\\Pipeline\\Pipeline->then(Object(Closure))
#33 /home/revoycom/public_html/vendor/laravel/framework/src/Illuminate/Routing/Router.php(672): Illuminate\\Routing\\Router->runRouteWithinStack(Object(Illuminate\\Routing\\Route), Object(Illuminate\\Http\\Request))
#34 /home/revoycom/public_html/vendor/laravel/framework/src/Illuminate/Routing/Router.php(636): Illuminate\\Routing\\Router->runRoute(Object(Illuminate\\Http\\Request), Object(Illuminate\\Routing\\Route))
#35 /home/revoycom/public_html/vendor/laravel/framework/src/Illuminate/Routing/Router.php(625): Illuminate\\Routing\\Router->dispatchToRoute(Object(Illuminate\\Http\\Request))
#36 /home/revoycom/public_html/vendor/laravel/framework/src/Illuminate/Foundation/Http/Kernel.php(167): Illuminate\\Routing\\Router->dispatch(Object(Illuminate\\Http\\Request))
#37 /home/revoycom/public_html/vendor/laravel/framework/src/Illuminate/Pipeline/Pipeline.php(128): Illuminate\\Foundation\\Http\\Kernel->Illuminate\\Foundation\\Http\\{closure}(Object(Illuminate\\Http\\Request))
#38 /home/revoycom/public_html/vendor/laravel/framework/src/Illuminate/Foundation/Http/Middleware/TransformsRequest.php(21): Illuminate\\Pipeline\\Pipeline->Illuminate\\Pipeline\\{closure}(Object(Illuminate\\Http\\Request))
#39 /home/revoycom/public_html/vendor/laravel/framework/src/Illuminate/Foundation/Http/Middleware/ConvertEmptyStringsToNull.php(31): Illuminate\\Foundation\\Http\\Middleware\\TransformsRequest->handle(Object(Illuminate\\Http\\Request), Object(Closure))
#40 /home/revoycom/public_html/vendor/laravel/framework/src/Illuminate/Pipeline/Pipeline.php(167): Illuminate\\Foundation\\Http\\Middleware\\ConvertEmptyStringsToNull->handle(Object(Illuminate\\Http\\Request), Object(Closure))
#41 /home/revoycom/public_html/vendor/laravel/framework/src/Illuminate/Foundation/Http/Middleware/TransformsRequest.php(21): Illuminate\\Pipeline\\Pipeline->Illuminate\\Pipeline\\{closure}(Object(Illuminate\\Http\\Request))
#42 /home/revoycom/public_html/vendor/laravel/framework/src/Illuminate/Foundation/Http/Middleware/TrimStrings.php(40): Illuminate\\Foundation\\Http\\Middleware\\TransformsRequest->handle(Object(Illuminate\\Http\\Request), Object(Closure))
#43 /home/revoycom/public_html/vendor/laravel/framework/src/Illuminate/Pipeline/Pipeline.php(167): Illuminate\\Foundation\\Http\\Middleware\\TrimStrings->handle(Object(Illuminate\\Http\\Request), Object(Closure))
#44 /home/revoycom/public_html/vendor/laravel/framework/src/Illuminate/Foundation/Http/Middleware/ValidatePostSize.php(27): Illuminate\\Pipeline\\Pipeline->Illuminate\\Pipeline\\{closure}(Object(Illuminate\\Http\\Request))
#45 /home/revoycom/public_html/vendor/laravel/framework/src/Illuminate/Pipeline/Pipeline.php(167): Illuminate\\Foundation\\Http\\Middleware\\ValidatePostSize->handle(Object(Illuminate\\Http\\Request), Object(Closure))
#46 /home/revoycom/public_html/vendor/laravel/framework/src/Illuminate/Foundation/Http/Middleware/PreventRequestsDuringMaintenance.php(86): Illuminate\\Pipeline\\Pipeline->Illuminate\\Pipeline\\{closure}(Object(Illuminate\\Http\\Request))
#47 /home/revoycom/public_html/vendor/laravel/framework/src/Illuminate/Pipeline/Pipeline.php(167): Illuminate\\Foundation\\Http\\Middleware\\PreventRequestsDuringMaintenance->handle(Object(Illuminate\\Http\\Request), Object(Closure))
#48 /home/revoycom/public_html/vendor/fruitcake/laravel-cors/src/HandleCors.php(38): Illuminate\\Pipeline\\Pipeline->Illuminate\\Pipeline\\{closure}(Object(Illuminate\\Http\\Request))
#49 /home/revoycom/public_html/vendor/laravel/framework/src/Illuminate/Pipeline/Pipeline.php(167): Fruitcake\\Cors\\HandleCors->handle(Object(Illuminate\\Http\\Request), Object(Closure))
#50 /home/revoycom/public_html/vendor/fideloper/proxy/src/TrustProxies.php(57): Illuminate\\Pipeline\\Pipeline->Illuminate\\Pipeline\\{closure}(Object(Illuminate\\Http\\Request))
#51 /home/revoycom/public_html/vendor/laravel/framework/src/Illuminate/Pipeline/Pipeline.php(167): Fideloper\\Proxy\\TrustProxies->handle(Object(Illuminate\\Http\\Request), Object(Closure))
#52 /home/revoycom/public_html/vendor/laravel/framework/src/Illuminate/Pipeline/Pipeline.php(103): Illuminate\\Pipeline\\Pipeline->Illuminate\\Pipeline\\{closure}(Object(Illuminate\\Http\\Request))
#53 /home/revoycom/public_html/vendor/laravel/framework/src/Illuminate/Foundation/Http/Kernel.php(142): Illuminate\\Pipeline\\Pipeline->then(Object(Closure))
#54 /home/revoycom/public_html/vendor/laravel/framework/src/Illuminate/Foundation/Http/Kernel.php(111): Illuminate\\Foundation\\Http\\Kernel->sendRequestThroughRouter(Object(Illuminate\\Http\\Request))
#55 /home/revoycom/public_html/index.php(52): Illuminate\\Foundation\\Http\\Kernel->handle(Object(Illuminate\\Http\\Request))
#56 {main}

[previous exception] [object] (PDOException(code: 42000): SQLSTATE[42000]: Syntax error or access violation: 1064 You have an error in your SQL syntax; check the manual that corresponds to your MariaDB server version for the right syntax to use near 'and (`suburb` LIKE ? or `street_address` LIKE ? or `name` LIKE ? or `full_con...' at line 1 at /home/revoycom/public_html/vendor/laravel/framework/src/Illuminate/Database/Connection.php:359)
[stacktrace]
#0 /home/revoycom/public_html/vendor/laravel/framework/src/Illuminate/Database/Connection.php(359): PDO->prepare('select count(*)...')
#1 /home/revoycom/public_html/vendor/laravel/framework/src/Illuminate/Database/Connection.php(696): Illuminate\\Database\\Connection->Illuminate\\Database\\{closure}('select count(*)...', Array)
#2 /home/revoycom/public_html/vendor/laravel/framework/src/Illuminate/Database/Connection.php(663): Illuminate\\Database\\Connection->runQueryCallback('select count(*)...', Array, Object(Closure))
#3 /home/revoycom/public_html/vendor/laravel/framework/src/Illuminate/Database/Connection.php(367): Illuminate\\Database\\Connection->run('select count(*)...', Array, Object(Closure))
#4 /home/revoycom/public_html/vendor/laravel/framework/src/Illuminate/Database/Query/Builder.php(2352): Illuminate\\Database\\Connection->select('select count(*)...', Array, true)
#5 /home/revoycom/public_html/vendor/laravel/framework/src/Illuminate/Database/Query/Builder.php(2340): Illuminate\\Database\\Query\\Builder->runSelect()
#6 /home/revoycom/public_html/vendor/laravel/framework/src/Illuminate/Database/Query/Builder.php(2874): Illuminate\\Database\\Query\\Builder->Illuminate\\Database\\Query\\{closure}()
#7 /home/revoycom/public_html/vendor/laravel/framework/src/Illuminate/Database/Query/Builder.php(2341): Illuminate\\Database\\Query\\Builder->onceWithColumns(Array, Object(Closure))
#8 /home/revoycom/public_html/vendor/laravel/framework/src/Illuminate/Database/Query/Builder.php(2801): Illuminate\\Database\\Query\\Builder->get(Array)
#9 /home/revoycom/public_html/vendor/laravel/framework/src/Illuminate/Database/Query/Builder.php(2729): Illuminate\\Database\\Query\\Builder->aggregate('count', Array)
#10 /home/revoycom/public_html/vendor/laravel/framework/src/Illuminate/Database/Eloquent/Builder.php(1655): Illuminate\\Database\\Query\\Builder->count()
#11 /home/revoycom/public_html/app/Http/Controllers/CommonController.php(1617): Illuminate\\Database\\Eloquent\\Builder->__call('count', Array)
#12 /home/revoycom/public_html/vendor/laravel/framework/src/Illuminate/Routing/Controller.php(54): App\\Http\\Controllers\\CommonController->load_property(Object(Illuminate\\Http\\Request))
#13 /home/revoycom/public_html/vendor/laravel/framework/src/Illuminate/Routing/ControllerDispatcher.php(45): Illuminate\\Routing\\Controller->callAction('load_property', Array)
#14 /home/revoycom/public_html/vendor/laravel/framework/src/Illuminate/Routing/Route.php(262): Illuminate\\Routing\\ControllerDispatcher->dispatch(Object(Illuminate\\Routing\\Route), Object(App\\Http\\Controllers\\CommonController), 'load_property')
#15 /home/revoycom/public_html/vendor/laravel/framework/src/Illuminate/Routing/Route.php(205): Illuminate\\Routing\\Route->runController()
#16 /home/revoycom/public_html/vendor/laravel/framework/src/Illuminate/Routing/Router.php(695): Illuminate\\Routing\\Route->run()
#17 /home/revoycom/public_html/vendor/laravel/framework/src/Illuminate/Pipeline/Pipeline.php(128): Illuminate\\Routing\\Router->Illuminate\\Routing\\{closure}(Object(Illuminate\\Http\\Request))
#18 /home/revoycom/public_html/app/Http/Middleware/RedirectIfAuthenticated.php(29): Illuminate\\Pipeline\\Pipeline->Illuminate\\Pipeline\\{closure}(Object(Illuminate\\Http\\Request))
#19 /home/revoycom/public_html/vendor/laravel/framework/src/Illuminate/Pipeline/Pipeline.php(167): App\\Http\\Middleware\\RedirectIfAuthenticated->handle(Object(Illuminate\\Http\\Request), Object(Closure))
#20 /home/revoycom/public_html/vendor/laravel/framework/src/Illuminate/Routing/Middleware/SubstituteBindings.php(50): Illuminate\\Pipeline\\Pipeline->Illuminate\\Pipeline\\{closure}(Object(Illuminate\\Http\\Request))
#21 /home/revoycom/public_html/vendor/laravel/framework/src/Illuminate/Pipeline/Pipeline.php(167): Illuminate\\Routing\\Middleware\\SubstituteBindings->handle(Object(Illuminate\\Http\\Request), Object(Closure))
#22 /home/revoycom/public_html/vendor/laravel/framework/src/Illuminate/Foundation/Http/Middleware/VerifyCsrfToken.php(78): Illuminate\\Pipeline\\Pipeline->Illuminate\\Pipeline\\{closure}(Object(Illuminate\\Http\\Request))
#23 /home/revoycom/public_html/vendor/laravel/framework/src/Illuminate/Pipeline/Pipeline.php(167): Illuminate\\Foundation\\Http\\Middleware\\VerifyCsrfToken->handle(Object(Illuminate\\Http\\Request), Object(Closure))
#24 /home/revoycom/public_html/vendor/laravel/framework/src/Illuminate/View/Middleware/ShareErrorsFromSession.php(49): Illuminate\\Pipeline\\Pipeline->Illuminate\\Pipeline\\{closure}(Object(Illuminate\\Http\\Request))
#25 /home/revoycom/public_html/vendor/laravel/framework/src/Illuminate/Pipeline/Pipeline.php(167): Illuminate\\View\\Middleware\\ShareErrorsFromSession->handle(Object(Illuminate\\Http\\Request), Object(Closure))
#26 /home/revoycom/public_html/vendor/laravel/framework/src/Illuminate/Session/Middleware/StartSession.php(121): Illuminate\\Pipeline\\Pipeline->Illuminate\\Pipeline\\{closure}(Object(Illuminate\\Http\\Request))
#27 /home/revoycom/public_html/vendor/laravel/framework/src/Illuminate/Session/Middleware/StartSession.php(64): Illuminate\\Session\\Middleware\\StartSession->handleStatefulRequest(Object(Illuminate\\Http\\Request), Object(Illuminate\\Session\\Store), Object(Closure))
#28 /home/revoycom/public_html/vendor/laravel/framework/src/Illuminate/Pipeline/Pipeline.php(167): Illuminate\\Session\\Middleware\\StartSession->handle(Object(Illuminate\\Http\\Request), Object(Closure))
#29 /home/revoycom/public_html/vendor/laravel/framework/src/Illuminate/Cookie/Middleware/AddQueuedCookiesToResponse.php(37): Illuminate\\Pipeline\\Pipeline->Illuminate\\Pipeline\\{closure}(Object(Illuminate\\Http\\Request))
#30 /home/revoycom/public_html/vendor/laravel/framework/src/Illuminate/Pipeline/Pipeline.php(167): Illuminate\\Cookie\\Middleware\\AddQueuedCookiesToResponse->handle(Object(Illuminate\\Http\\Request), Object(Closure))
#31 /home/revoycom/public_html/vendor/laravel/framework/src/Illuminate/Cookie/Middleware/EncryptCookies.php(67): Illuminate\\Pipeline\\Pipeline->Illuminate\\Pipeline\\{closure}(Object(Illuminate\\Http\\Request))
#32 /home/revoycom/public_html/vendor/laravel/framework/src/Illuminate/Pipeline/Pipeline.php(167): Illuminate\\Cookie\\Middleware\\EncryptCookies->handle(Object(Illuminate\\Http\\Request), Object(Closure))
#33 /home/revoycom/public_html/vendor/laravel/framework/src/Illuminate/Pipeline/Pipeline.php(103): Illuminate\\Pipeline\\Pipeline->Illuminate\\Pipeline\\{closure}(Object(Illuminate\\Http\\Request))
#34 /home/revoycom/public_html/vendor/laravel/framework/src/Illuminate/Routing/Router.php(697): Illuminate\\Pipeline\\Pipeline->then(Object(Closure))
#35 /home/revoycom/public_html/vendor/laravel/framework/src/Illuminate/Routing/Router.php(672): Illuminate\\Routing\\Router->runRouteWithinStack(Object(Illuminate\\Routing\\Route), Object(Illuminate\\Http\\Request))
#36 /home/revoycom/public_html/vendor/laravel/framework/src/Illuminate/Routing/Router.php(636): Illuminate\\Routing\\Router->runRoute(Object(Illuminate\\Http\\Request), Object(Illuminate\\Routing\\Route))
#37 /home/revoycom/public_html/vendor/laravel/framework/src/Illuminate/Routing/Router.php(625): Illuminate\\Routing\\Router->dispatchToRoute(Object(Illuminate\\Http\\Request))
#38 /home/revoycom/public_html/vendor/laravel/framework/src/Illuminate/Foundation/Http/Kernel.php(167): Illuminate\\Routing\\Router->dispatch(Object(Illuminate\\Http\\Request))
#39 /home/revoycom/public_html/vendor/laravel/framework/src/Illuminate/Pipeline/Pipeline.php(128): Illuminate\\Foundation\\Http\\Kernel->Illuminate\\Foundation\\Http\\{closure}(Object(Illuminate\\Http\\Request))
#40 /home/revoycom/public_html/vendor/laravel/framework/src/Illuminate/Foundation/Http/Middleware/TransformsRequest.php(21): Illuminate\\Pipeline\\Pipeline->Illuminate\\Pipeline\\{closure}(Object(Illuminate\\Http\\Request))
#41 /home/revoycom/public_html/vendor/laravel/framework/src/Illuminate/Foundation/Http/Middleware/ConvertEmptyStringsToNull.php(31): Illuminate\\Foundation\\Http\\Middleware\\TransformsRequest->handle(Object(Illuminate\\Http\\Request), Object(Closure))
#42 /home/revoycom/public_html/vendor/laravel/framework/src/Illuminate/Pipeline/Pipeline.php(167): Illuminate\\Foundation\\Http\\Middleware\\ConvertEmptyStringsToNull->handle(Object(Illuminate\\Http\\Request), Object(Closure))
#43 /home/revoycom/public_html/vendor/laravel/framework/src/Illuminate/Foundation/Http/Middleware/TransformsRequest.php(21): Illuminate\\Pipeline\\Pipeline->Illuminate\\Pipeline\\{closure}(Object(Illuminate\\Http\\Request))
#44 /home/revoycom/public_html/vendor/laravel/framework/src/Illuminate/Foundation/Http/Middleware/TrimStrings.php(40): Illuminate\\Foundation\\Http\\Middleware\\TransformsRequest->handle(Object(Illuminate\\Http\\Request), Object(Closure))
#45 /home/revoycom/public_html/vendor/laravel/framework/src/Illuminate/Pipeline/Pipeline.php(167): Illuminate\\Foundation\\Http\\Middleware\\TrimStrings->handle(Object(Illuminate\\Http\\Request), Object(Closure))
#46 /home/revoycom/public_html/vendor/laravel/framework/src/Illuminate/Foundation/Http/Middleware/ValidatePostSize.php(27): Illuminate\\Pipeline\\Pipeline->Illuminate\\Pipeline\\{closure}(Object(Illuminate\\Http\\Request))
#47 /home/revoycom/public_html/vendor/laravel/framework/src/Illuminate/Pipeline/Pipeline.php(167): Illuminate\\Foundation\\Http\\Middleware\\ValidatePostSize->handle(Object(Illuminate\\Http\\Request), Object(Closure))
#48 /home/revoycom/public_html/vendor/laravel/framework/src/Illuminate/Foundation/Http/Middleware/PreventRequestsDuringMaintenance.php(86): Illuminate\\Pipeline\\Pipeline->Illuminate\\Pipeline\\{closure}(Object(Illuminate\\Http\\Request))
#49 /home/revoycom/public_html/vendor/laravel/framework/src/Illuminate/Pipeline/Pipeline.php(167): Illuminate\\Foundation\\Http\\Middleware\\PreventRequestsDuringMaintenance->handle(Object(Illuminate\\Http\\Request), Object(Closure))
#50 /home/revoycom/public_html/vendor/fruitcake/laravel-cors/src/HandleCors.php(38): Illuminate\\Pipeline\\Pipeline->Illuminate\\Pipeline\\{closure}(Object(Illuminate\\Http\\Request))
#51 /home/revoycom/public_html/vendor/laravel/framework/src/Illuminate/Pipeline/Pipeline.php(167): Fruitcake\\Cors\\HandleCors->handle(Object(Illuminate\\Http\\Request), Object(Closure))
#52 /home/revoycom/public_html/vendor/fideloper/proxy/src/TrustProxies.php(57): Illuminate\\Pipeline\\Pipeline->Illuminate\\Pipeline\\{closure}(Object(Illuminate\\Http\\Request))
#53 /home/revoycom/public_html/vendor/laravel/framework/src/Illuminate/Pipeline/Pipeline.php(167): Fideloper\\Proxy\\TrustProxies->handle(Object(Illuminate\\Http\\Request), Object(Closure))
#54 /home/revoycom/public_html/vendor/laravel/framework/src/Illuminate/Pipeline/Pipeline.php(103): Illuminate\\Pipeline\\Pipeline->Illuminate\\Pipeline\\{closure}(Object(Illuminate\\Http\\Request))
#55 /home/revoycom/public_html/vendor/laravel/framework/src/Illuminate/Foundation/Http/Kernel.php(142): Illuminate\\Pipeline\\Pipeline->then(Object(Closure))
#56 /home/revoycom/public_html/vendor/laravel/framework/src/Illuminate/Foundation/Http/Kernel.php(111): Illuminate\\Foundation\\Http\\Kernel->sendRequestThroughRouter(Object(Illuminate\\Http\\Request))
#57 /home/revoycom/public_html/index.php(52): Illuminate\\Foundation\\Http\\Kernel->handle(Object(Illuminate\\Http\\Request))
#58 {main}
"} 
[2026-06-07 22:02:01] local.ERROR: SQLSTATE[42000]: Syntax error or access violation: 1064 You have an error in your SQL syntax; check the manual that corresponds to your MariaDB server version for the right syntax to use near 'and (`suburb` LIKE ? or `street_address` LIKE ? or `name` LIKE ? or `full_con...' at line 1 (SQL: select count(*) as aggregate from `tbl_property` where status = 'Yes'  AND admin_status = 'Yes'  AND category_id =    and (`suburb` LIKE %Search% or `street_address` LIKE %Search% or `name` LIKE %Search% or `full_contents` LIKE %Search% or `street_address` LIKE %Search% or `address_unit` LIKE %Search%)) {"exception":"[object] (Illuminate\\Database\\QueryException(code: 42000): SQLSTATE[42000]: Syntax error or access violation: 1064 You have an error in your SQL syntax; check the manual that corresponds to your MariaDB server version for the right syntax to use near 'and (`suburb` LIKE ? or `street_address` LIKE ? or `name` LIKE ? or `full_con...' at line 1 (SQL: select count(*) as aggregate from `tbl_property` where status = 'Yes'  AND admin_status = 'Yes'  AND category_id =    and (`suburb` LIKE %Search% or `street_address` LIKE %Search% or `name` LIKE %Search% or `full_contents` LIKE %Search% or `street_address` LIKE %Search% or `address_unit` LIKE %Search%)) at /home/revoycom/public_html/vendor/laravel/framework/src/Illuminate/Database/Connection.php:703)
[stacktrace]
#0 /home/revoycom/public_html/vendor/laravel/framework/src/Illuminate/Database/Connection.php(663): Illuminate\\Database\\Connection->runQueryCallback('select count(*)...', Array, Object(Closure))
#1 /home/revoycom/public_html/vendor/laravel/framework/src/Illuminate/Database/Connection.php(367): Illuminate\\Database\\Connection->run('select count(*)...', Array, Object(Closure))
#2 /home/revoycom/public_html/vendor/laravel/framework/src/Illuminate/Database/Query/Builder.php(2352): Illuminate\\Database\\Connection->select('select count(*)...', Array, true)
#3 /home/revoycom/public_html/vendor/laravel/framework/src/Illuminate/Database/Query/Builder.php(2340): Illuminate\\Database\\Query\\Builder->runSelect()
#4 /home/revoycom/public_html/vendor/laravel/framework/src/Illuminate/Database/Query/Builder.php(2874): Illuminate\\Database\\Query\\Builder->Illuminate\\Database\\Query\\{closure}()
#5 /home/revoycom/public_html/vendor/laravel/framework/src/Illuminate/Database/Query/Builder.php(2341): Illuminate\\Database\\Query\\Builder->onceWithColumns(Array, Object(Closure))
#6 /home/revoycom/public_html/vendor/laravel/framework/src/Illuminate/Database/Query/Builder.php(2801): Illuminate\\Database\\Query\\Builder->get(Array)
#7 /home/revoycom/public_html/vendor/laravel/framework/src/Illuminate/Database/Query/Builder.php(2729): Illuminate\\Database\\Query\\Builder->aggregate('count', Array)
#8 /home/revoycom/public_html/vendor/laravel/framework/src/Illuminate/Database/Eloquent/Builder.php(1655): Illuminate\\Database\\Query\\Builder->count()
#9 /home/revoycom/public_html/app/Http/Controllers/CommonController.php(1617): Illuminate\\Database\\Eloquent\\Builder->__call('count', Array)
#10 /home/revoycom/public_html/vendor/laravel/framework/src/Illuminate/Routing/Controller.php(54): App\\Http\\Controllers\\CommonController->load_property(Object(Illuminate\\Http\\Request))
#11 /home/revoycom/public_html/vendor/laravel/framework/src/Illuminate/Routing/ControllerDispatcher.php(45): Illuminate\\Routing\\Controller->callAction('load_property', Array)
#12 /home/revoycom/public_html/vendor/laravel/framework/src/Illuminate/Routing/Route.php(262): Illuminate\\Routing\\ControllerDispatcher->dispatch(Object(Illuminate\\Routing\\Route), Object(App\\Http\\Controllers\\CommonController), 'load_property')
#13 /home/revoycom/public_html/vendor/laravel/framework/src/Illuminate/Routing/Route.php(205): Illuminate\\Routing\\Route->runController()
#14 /home/revoycom/public_html/vendor/laravel/framework/src/Illuminate/Routing/Router.php(695): Illuminate\\Routing\\Route->run()
#15 /home/revoycom/public_html/vendor/laravel/framework/src/Illuminate/Pipeline/Pipeline.php(128): Illuminate\\Routing\\Router->Illuminate\\Routing\\{closure}(Object(Illuminate\\Http\\Request))
#16 /home/revoycom/public_html/app/Http/Middleware/RedirectIfAuthenticated.php(29): Illuminate\\Pipeline\\Pipeline->Illuminate\\Pipeline\\{closure}(Object(Illuminate\\Http\\Request))
#17 /home/revoycom/public_html/vendor/laravel/framework/src/Illuminate/Pipeline/Pipeline.php(167): App\\Http\\Middleware\\RedirectIfAuthenticated->handle(Object(Illuminate\\Http\\Request), Object(Closure))
#18 /home/revoycom/public_html/vendor/laravel/framework/src/Illuminate/Routing/Middleware/SubstituteBindings.php(50): Illuminate\\Pipeline\\Pipeline->Illuminate\\Pipeline\\{closure}(Object(Illuminate\\Http\\Request))
#19 /home/revoycom/public_html/vendor/laravel/framework/src/Illuminate/Pipeline/Pipeline.php(167): Illuminate\\Routing\\Middleware\\SubstituteBindings->handle(Object(Illuminate\\Http\\Request), Object(Closure))
#20 /home/revoycom/public_html/vendor/laravel/framework/src/Illuminate/Foundation/Http/Middleware/VerifyCsrfToken.php(78): Illuminate\\Pipeline\\Pipeline->Illuminate\\Pipeline\\{closure}(Object(Illuminate\\Http\\Request))
#21 /home/revoycom/public_html/vendor/laravel/framework/src/Illuminate/Pipeline/Pipeline.php(167): Illuminate\\Foundation\\Http\\Middleware\\VerifyCsrfToken->handle(Object(Illuminate\\Http\\Request), Object(Closure))
#22 /home/revoycom/public_html/vendor/laravel/framework/src/Illuminate/View/Middleware/ShareErrorsFromSession.php(49): Illuminate\\Pipeline\\Pipeline->Illuminate\\Pipeline\\{closure}(Object(Illuminate\\Http\\Request))
#23 /home/revoycom/public_html/vendor/laravel/framework/src/Illuminate/Pipeline/Pipeline.php(167): Illuminate\\View\\Middleware\\ShareErrorsFromSession->handle(Object(Illuminate\\Http\\Request), Object(Closure))
#24 /home/revoycom/public_html/vendor/laravel/framework/src/Illuminate/Session/Middleware/StartSession.php(121): Illuminate\\Pipeline\\Pipeline->Illuminate\\Pipeline\\{closure}(Object(Illuminate\\Http\\Request))
#25 /home/revoycom/public_html/vendor/laravel/framework/src/Illuminate/Session/Middleware/StartSession.php(64): Illuminate\\Session\\Middleware\\StartSession->handleStatefulRequest(Object(Illuminate\\Http\\Request), Object(Illuminate\\Session\\Store), Object(Closure))
#26 /home/revoycom/public_html/vendor/laravel/framework/src/Illuminate/Pipeline/Pipeline.php(167): Illuminate\\Session\\Middleware\\StartSession->handle(Object(Illuminate\\Http\\Request), Object(Closure))
#27 /home/revoycom/public_html/vendor/laravel/framework/src/Illuminate/Cookie/Middleware/AddQueuedCookiesToResponse.php(37): Illuminate\\Pipeline\\Pipeline->Illuminate\\Pipeline\\{closure}(Object(Illuminate\\Http\\Request))
#28 /home/revoycom/public_html/vendor/laravel/framework/src/Illuminate/Pipeline/Pipeline.php(167): Illuminate\\Cookie\\Middleware\\AddQueuedCookiesToResponse->handle(Object(Illuminate\\Http\\Request), Object(Closure))
#29 /home/revoycom/public_html/vendor/laravel/framework/src/Illuminate/Cookie/Middleware/EncryptCookies.php(67): Illuminate\\Pipeline\\Pipeline->Illuminate\\Pipeline\\{closure}(Object(Illuminate\\Http\\Request))
#30 /home/revoycom/public_html/vendor/laravel/framework/src/Illuminate/Pipeline/Pipeline.php(167): Illuminate\\Cookie\\Middleware\\EncryptCookies->handle(Object(Illuminate\\Http\\Request), Object(Closure))
#31 /home/revoycom/public_html/vendor/laravel/framework/src/Illuminate/Pipeline/Pipeline.php(103): Illuminate\\Pipeline\\Pipeline->Illuminate\\Pipeline\\{closure}(Object(Illuminate\\Http\\Request))
#32 /home/revoycom/public_html/vendor/laravel/framework/src/Illuminate/Routing/Router.php(697): Illuminate\\Pipeline\\Pipeline->then(Object(Closure))
#33 /home/revoycom/public_html/vendor/laravel/framework/src/Illuminate/Routing/Router.php(672): Illuminate\\Routing\\Router->runRouteWithinStack(Object(Illuminate\\Routing\\Route), Object(Illuminate\\Http\\Request))
#34 /home/revoycom/public_html/vendor/laravel/framework/src/Illuminate/Routing/Router.php(636): Illuminate\\Routing\\Router->runRoute(Object(Illuminate\\Http\\Request), Object(Illuminate\\Routing\\Route))
#35 /home/revoycom/public_html/vendor/laravel/framework/src/Illuminate/Routing/Router.php(625): Illuminate\\Routing\\Router->dispatchToRoute(Object(Illuminate\\Http\\Request))
#36 /home/revoycom/public_html/vendor/laravel/framework/src/Illuminate/Foundation/Http/Kernel.php(167): Illuminate\\Routing\\Router->dispatch(Object(Illuminate\\Http\\Request))
#37 /home/revoycom/public_html/vendor/laravel/framework/src/Illuminate/Pipeline/Pipeline.php(128): Illuminate\\Foundation\\Http\\Kernel->Illuminate\\Foundation\\Http\\{closure}(Object(Illuminate\\Http\\Request))
#38 /home/revoycom/public_html/vendor/laravel/framework/src/Illuminate/Foundation/Http/Middleware/TransformsRequest.php(21): Illuminate\\Pipeline\\Pipeline->Illuminate\\Pipeline\\{closure}(Object(Illuminate\\Http\\Request))
#39 /home/revoycom/public_html/vendor/laravel/framework/src/Illuminate/Foundation/Http/Middleware/ConvertEmptyStringsToNull.php(31): Illuminate\\Foundation\\Http\\Middleware\\TransformsRequest->handle(Object(Illuminate\\Http\\Request), Object(Closure))
#40 /home/revoycom/public_html/vendor/laravel/framework/src/Illuminate/Pipeline/Pipeline.php(167): Illuminate\\Foundation\\Http\\Middleware\\ConvertEmptyStringsToNull->handle(Object(Illuminate\\Http\\Request), Object(Closure))
#41 /home/revoycom/public_html/vendor/laravel/framework/src/Illuminate/Foundation/Http/Middleware/TransformsRequest.php(21): Illuminate\\Pipeline\\Pipeline->Illuminate\\Pipeline\\{closure}(Object(Illuminate\\Http\\Request))
#42 /home/revoycom/public_html/vendor/laravel/framework/src/Illuminate/Foundation/Http/Middleware/TrimStrings.php(40): Illuminate\\Foundation\\Http\\Middleware\\TransformsRequest->handle(Object(Illuminate\\Http\\Request), Object(Closure))
#43 /home/revoycom/public_html/vendor/laravel/framework/src/Illuminate/Pipeline/Pipeline.php(167): Illuminate\\Foundation\\Http\\Middleware\\TrimStrings->handle(Object(Illuminate\\Http\\Request), Object(Closure))
#44 /home/revoycom/public_html/vendor/laravel/framework/src/Illuminate/Foundation/Http/Middleware/ValidatePostSize.php(27): Illuminate\\Pipeline\\Pipeline->Illuminate\\Pipeline\\{closure}(Object(Illuminate\\Http\\Request))
#45 /home/revoycom/public_html/vendor/laravel/framework/src/Illuminate/Pipeline/Pipeline.php(167): Illuminate\\Foundation\\Http\\Middleware\\ValidatePostSize->handle(Object(Illuminate\\Http\\Request), Object(Closure))
#46 /home/revoycom/public_html/vendor/laravel/framework/src/Illuminate/Foundation/Http/Middleware/PreventRequestsDuringMaintenance.php(86): Illuminate\\Pipeline\\Pipeline->Illuminate\\Pipeline\\{closure}(Object(Illuminate\\Http\\Request))
#47 /home/revoycom/public_html/vendor/laravel/framework/src/Illuminate/Pipeline/Pipeline.php(167): Illuminate\\Foundation\\Http\\Middleware\\PreventRequestsDuringMaintenance->handle(Object(Illuminate\\Http\\Request), Object(Closure))
#48 /home/revoycom/public_html/vendor/fruitcake/laravel-cors/src/HandleCors.php(38): Illuminate\\Pipeline\\Pipeline->Illuminate\\Pipeline\\{closure}(Object(Illuminate\\Http\\Request))
#49 /home/revoycom/public_html/vendor/laravel/framework/src/Illuminate/Pipeline/Pipeline.php(167): Fruitcake\\Cors\\HandleCors->handle(Object(Illuminate\\Http\\Request), Object(Closure))
#50 /home/revoycom/public_html/vendor/fideloper/proxy/src/TrustProxies.php(57): Illuminate\\Pipeline\\Pipeline->Illuminate\\Pipeline\\{closure}(Object(Illuminate\\Http\\Request))
#51 /home/revoycom/public_html/vendor/laravel/framework/src/Illuminate/Pipeline/Pipeline.php(167): Fideloper\\Proxy\\TrustProxies->handle(Object(Illuminate\\Http\\Request), Object(Closure))
#52 /home/revoycom/public_html/vendor/laravel/framework/src/Illuminate/Pipeline/Pipeline.php(103): Illuminate\\Pipeline\\Pipeline->Illuminate\\Pipeline\\{closure}(Object(Illuminate\\Http\\Request))
#53 /home/revoycom/public_html/vendor/laravel/framework/src/Illuminate/Foundation/Http/Kernel.php(142): Illuminate\\Pipeline\\Pipeline->then(Object(Closure))
#54 /home/revoycom/public_html/vendor/laravel/framework/src/Illuminate/Foundation/Http/Kernel.php(111): Illuminate\\Foundation\\Http\\Kernel->sendRequestThroughRouter(Object(Illuminate\\Http\\Request))
#55 /home/revoycom/public_html/index.php(52): Illuminate\\Foundation\\Http\\Kernel->handle(Object(Illuminate\\Http\\Request))
#56 {main}

[previous exception] [object] (PDOException(code: 42000): SQLSTATE[42000]: Syntax error or access violation: 1064 You have an error in your SQL syntax; check the manual that corresponds to your MariaDB server version for the right syntax to use near 'and (`suburb` LIKE ? or `street_address` LIKE ? or `name` LIKE ? or `full_con...' at line 1 at /home/revoycom/public_html/vendor/laravel/framework/src/Illuminate/Database/Connection.php:359)
[stacktrace]
#0 /home/revoycom/public_html/vendor/laravel/framework/src/Illuminate/Database/Connection.php(359): PDO->prepare('select count(*)...')
#1 /home/revoycom/public_html/vendor/laravel/framework/src/Illuminate/Database/Connection.php(696): Illuminate\\Database\\Connection->Illuminate\\Database\\{closure}('select count(*)...', Array)
#2 /home/revoycom/public_html/vendor/laravel/framework/src/Illuminate/Database/Connection.php(663): Illuminate\\Database\\Connection->runQueryCallback('select count(*)...', Array, Object(Closure))
#3 /home/revoycom/public_html/vendor/laravel/framework/src/Illuminate/Database/Connection.php(367): Illuminate\\Database\\Connection->run('select count(*)...', Array, Object(Closure))
#4 /home/revoycom/public_html/vendor/laravel/framework/src/Illuminate/Database/Query/Builder.php(2352): Illuminate\\Database\\Connection->select('select count(*)...', Array, true)
#5 /home/revoycom/public_html/vendor/laravel/framework/src/Illuminate/Database/Query/Builder.php(2340): Illuminate\\Database\\Query\\Builder->runSelect()
#6 /home/revoycom/public_html/vendor/laravel/framework/src/Illuminate/Database/Query/Builder.php(2874): Illuminate\\Database\\Query\\Builder->Illuminate\\Database\\Query\\{closure}()
#7 /home/revoycom/public_html/vendor/laravel/framework/src/Illuminate/Database/Query/Builder.php(2341): Illuminate\\Database\\Query\\Builder->onceWithColumns(Array, Object(Closure))
#8 /home/revoycom/public_html/vendor/laravel/framework/src/Illuminate/Database/Query/Builder.php(2801): Illuminate\\Database\\Query\\Builder->get(Array)
#9 /home/revoycom/public_html/vendor/laravel/framework/src/Illuminate/Database/Query/Builder.php(2729): Illuminate\\Database\\Query\\Builder->aggregate('count', Array)
#10 /home/revoycom/public_html/vendor/laravel/framework/src/Illuminate/Database/Eloquent/Builder.php(1655): Illuminate\\Database\\Query\\Builder->count()
#11 /home/revoycom/public_html/app/Http/Controllers/CommonController.php(1617): Illuminate\\Database\\Eloquent\\Builder->__call('count', Array)
#12 /home/revoycom/public_html/vendor/laravel/framework/src/Illuminate/Routing/Controller.php(54): App\\Http\\Controllers\\CommonController->load_property(Object(Illuminate\\Http\\Request))
#13 /home/revoycom/public_html/vendor/laravel/framework/src/Illuminate/Routing/ControllerDispatcher.php(45): Illuminate\\Routing\\Controller->callAction('load_property', Array)
#14 /home/revoycom/public_html/vendor/laravel/framework/src/Illuminate/Routing/Route.php(262): Illuminate\\Routing\\ControllerDispatcher->dispatch(Object(Illuminate\\Routing\\Route), Object(App\\Http\\Controllers\\CommonController), 'load_property')
#15 /home/revoycom/public_html/vendor/laravel/framework/src/Illuminate/Routing/Route.php(205): Illuminate\\Routing\\Route->runController()
#16 /home/revoycom/public_html/vendor/laravel/framework/src/Illuminate/Routing/Router.php(695): Illuminate\\Routing\\Route->run()
#17 /home/revoycom/public_html/vendor/laravel/framework/src/Illuminate/Pipeline/Pipeline.php(128): Illuminate\\Routing\\Router->Illuminate\\Routing\\{closure}(Object(Illuminate\\Http\\Request))
#18 /home/revoycom/public_html/app/Http/Middleware/RedirectIfAuthenticated.php(29): Illuminate\\Pipeline\\Pipeline->Illuminate\\Pipeline\\{closure}(Object(Illuminate\\Http\\Request))
#19 /home/revoycom/public_html/vendor/laravel/framework/src/Illuminate/Pipeline/Pipeline.php(167): App\\Http\\Middleware\\RedirectIfAuthenticated->handle(Object(Illuminate\\Http\\Request), Object(Closure))
#20 /home/revoycom/public_html/vendor/laravel/framework/src/Illuminate/Routing/Middleware/SubstituteBindings.php(50): Illuminate\\Pipeline\\Pipeline->Illuminate\\Pipeline\\{closure}(Object(Illuminate\\Http\\Request))
#21 /home/revoycom/public_html/vendor/laravel/framework/src/Illuminate/Pipeline/Pipeline.php(167): Illuminate\\Routing\\Middleware\\SubstituteBindings->handle(Object(Illuminate\\Http\\Request), Object(Closure))
#22 /home/revoycom/public_html/vendor/laravel/framework/src/Illuminate/Foundation/Http/Middleware/VerifyCsrfToken.php(78): Illuminate\\Pipeline\\Pipeline->Illuminate\\Pipeline\\{closure}(Object(Illuminate\\Http\\Request))
#23 /home/revoycom/public_html/vendor/laravel/framework/src/Illuminate/Pipeline/Pipeline.php(167): Illuminate\\Foundation\\Http\\Middleware\\VerifyCsrfToken->handle(Object(Illuminate\\Http\\Request), Object(Closure))
#24 /home/revoycom/public_html/vendor/laravel/framework/src/Illuminate/View/Middleware/ShareErrorsFromSession.php(49): Illuminate\\Pipeline\\Pipeline->Illuminate\\Pipeline\\{closure}(Object(Illuminate\\Http\\Request))
#25 /home/revoycom/public_html/vendor/laravel/framework/src/Illuminate/Pipeline/Pipeline.php(167): Illuminate\\View\\Middleware\\ShareErrorsFromSession->handle(Object(Illuminate\\Http\\Request), Object(Closure))
#26 /home/revoycom/public_html/vendor/laravel/framework/src/Illuminate/Session/Middleware/StartSession.php(121): Illuminate\\Pipeline\\Pipeline->Illuminate\\Pipeline\\{closure}(Object(Illuminate\\Http\\Request))
#27 /home/revoycom/public_html/vendor/laravel/framework/src/Illuminate/Session/Middleware/StartSession.php(64): Illuminate\\Session\\Middleware\\StartSession->handleStatefulRequest(Object(Illuminate\\Http\\Request), Object(Illuminate\\Session\\Store), Object(Closure))
#28 /home/revoycom/public_html/vendor/laravel/framework/src/Illuminate/Pipeline/Pipeline.php(167): Illuminate\\Session\\Middleware\\StartSession->handle(Object(Illuminate\\Http\\Request), Object(Closure))
#29 /home/revoycom/public_html/vendor/laravel/framework/src/Illuminate/Cookie/Middleware/AddQueuedCookiesToResponse.php(37): Illuminate\\Pipeline\\Pipeline->Illuminate\\Pipeline\\{closure}(Object(Illuminate\\Http\\Request))
#30 /home/revoycom/public_html/vendor/laravel/framework/src/Illuminate/Pipeline/Pipeline.php(167): Illuminate\\Cookie\\Middleware\\AddQueuedCookiesToResponse->handle(Object(Illuminate\\Http\\Request), Object(Closure))
#31 /home/revoycom/public_html/vendor/laravel/framework/src/Illuminate/Cookie/Middleware/EncryptCookies.php(67): Illuminate\\Pipeline\\Pipeline->Illuminate\\Pipeline\\{closure}(Object(Illuminate\\Http\\Request))
#32 /home/revoycom/public_html/vendor/laravel/framework/src/Illuminate/Pipeline/Pipeline.php(167): Illuminate\\Cookie\\Middleware\\EncryptCookies->handle(Object(Illuminate\\Http\\Request), Object(Closure))
#33 /home/revoycom/public_html/vendor/laravel/framework/src/Illuminate/Pipeline/Pipeline.php(103): Illuminate\\Pipeline\\Pipeline->Illuminate\\Pipeline\\{closure}(Object(Illuminate\\Http\\Request))
#34 /home/revoycom/public_html/vendor/laravel/framework/src/Illuminate/Routing/Router.php(697): Illuminate\\Pipeline\\Pipeline->then(Object(Closure))
#35 /home/revoycom/public_html/vendor/laravel/framework/src/Illuminate/Routing/Router.php(672): Illuminate\\Routing\\Router->runRouteWithinStack(Object(Illuminate\\Routing\\Route), Object(Illuminate\\Http\\Request))
#36 /home/revoycom/public_html/vendor/laravel/framework/src/Illuminate/Routing/Router.php(636): Illuminate\\Routing\\Router->runRoute(Object(Illuminate\\Http\\Request), Object(Illuminate\\Routing\\Route))
#37 /home/revoycom/public_html/vendor/laravel/framework/src/Illuminate/Routing/Router.php(625): Illuminate\\Routing\\Router->dispatchToRoute(Object(Illuminate\\Http\\Request))
#38 /home/revoycom/public_html/vendor/laravel/framework/src/Illuminate/Foundation/Http/Kernel.php(167): Illuminate\\Routing\\Router->dispatch(Object(Illuminate\\Http\\Request))
#39 /home/revoycom/public_html/vendor/laravel/framework/src/Illuminate/Pipeline/Pipeline.php(128): Illuminate\\Foundation\\Http\\Kernel->Illuminate\\Foundation\\Http\\{closure}(Object(Illuminate\\Http\\Request))
#40 /home/revoycom/public_html/vendor/laravel/framework/src/Illuminate/Foundation/Http/Middleware/TransformsRequest.php(21): Illuminate\\Pipeline\\Pipeline->Illuminate\\Pipeline\\{closure}(Object(Illuminate\\Http\\Request))
#41 /home/revoycom/public_html/vendor/laravel/framework/src/Illuminate/Foundation/Http/Middleware/ConvertEmptyStringsToNull.php(31): Illuminate\\Foundation\\Http\\Middleware\\TransformsRequest->handle(Object(Illuminate\\Http\\Request), Object(Closure))
#42 /home/revoycom/public_html/vendor/laravel/framework/src/Illuminate/Pipeline/Pipeline.php(167): Illuminate\\Foundation\\Http\\Middleware\\ConvertEmptyStringsToNull->handle(Object(Illuminate\\Http\\Request), Object(Closure))
#43 /home/revoycom/public_html/vendor/laravel/framework/src/Illuminate/Foundation/Http/Middleware/TransformsRequest.php(21): Illuminate\\Pipeline\\Pipeline->Illuminate\\Pipeline\\{closure}(Object(Illuminate\\Http\\Request))
#44 /home/revoycom/public_html/vendor/laravel/framework/src/Illuminate/Foundation/Http/Middleware/TrimStrings.php(40): Illuminate\\Foundation\\Http\\Middleware\\TransformsRequest->handle(Object(Illuminate\\Http\\Request), Object(Closure))
#45 /home/revoycom/public_html/vendor/laravel/framework/src/Illuminate/Pipeline/Pipeline.php(167): Illuminate\\Foundation\\Http\\Middleware\\TrimStrings->handle(Object(Illuminate\\Http\\Request), Object(Closure))
#46 /home/revoycom/public_html/vendor/laravel/framework/src/Illuminate/Foundation/Http/Middleware/ValidatePostSize.php(27): Illuminate\\Pipeline\\Pipeline->Illuminate\\Pipeline\\{closure}(Object(Illuminate\\Http\\Request))
#47 /home/revoycom/public_html/vendor/laravel/framework/src/Illuminate/Pipeline/Pipeline.php(167): Illuminate\\Foundation\\Http\\Middleware\\ValidatePostSize->handle(Object(Illuminate\\Http\\Request), Object(Closure))
#48 /home/revoycom/public_html/vendor/laravel/framework/src/Illuminate/Foundation/Http/Middleware/PreventRequestsDuringMaintenance.php(86): Illuminate\\Pipeline\\Pipeline->Illuminate\\Pipeline\\{closure}(Object(Illuminate\\Http\\Request))
#49 /home/revoycom/public_html/vendor/laravel/framework/src/Illuminate/Pipeline/Pipeline.php(167): Illuminate\\Foundation\\Http\\Middleware\\PreventRequestsDuringMaintenance->handle(Object(Illuminate\\Http\\Request), Object(Closure))
#50 /home/revoycom/public_html/vendor/fruitcake/laravel-cors/src/HandleCors.php(38): Illuminate\\Pipeline\\Pipeline->Illuminate\\Pipeline\\{closure}(Object(Illuminate\\Http\\Request))
#51 /home/revoycom/public_html/vendor/laravel/framework/src/Illuminate/Pipeline/Pipeline.php(167): Fruitcake\\Cors\\HandleCors->handle(Object(Illuminate\\Http\\Request), Object(Closure))
#52 /home/revoycom/public_html/vendor/fideloper/proxy/src/TrustProxies.php(57): Illuminate\\Pipeline\\Pipeline->Illuminate\\Pipeline\\{closure}(Object(Illuminate\\Http\\Request))
#53 /home/revoycom/public_html/vendor/laravel/framework/src/Illuminate/Pipeline/Pipeline.php(167): Fideloper\\Proxy\\TrustProxies->handle(Object(Illuminate\\Http\\Request), Object(Closure))
#54 /home/revoycom/public_html/vendor/laravel/framework/src/Illuminate/Pipeline/Pipeline.php(103): Illuminate\\Pipeline\\Pipeline->Illuminate\\Pipeline\\{closure}(Object(Illuminate\\Http\\Request))
#55 /home/revoycom/public_html/vendor/laravel/framework/src/Illuminate/Foundation/Http/Kernel.php(142): Illuminate\\Pipeline\\Pipeline->then(Object(Closure))
#56 /home/revoycom/public_html/vendor/laravel/framework/src/Illuminate/Foundation/Http/Kernel.php(111): Illuminate\\Foundation\\Http\\Kernel->sendRequestThroughRouter(Object(Illuminate\\Http\\Request))
#57 /home/revoycom/public_html/index.php(52): Illuminate\\Foundation\\Http\\Kernel->handle(Object(Illuminate\\Http\\Request))
#58 {main}
"} 
[2026-06-07 22:27:46] local.ERROR: SQLSTATE[42000]: Syntax error or access violation: 1064 You have an error in your SQL syntax; check the manual that corresponds to your MariaDB server version for the right syntax to use near 'and (`suburb` LIKE ? or `street_address` LIKE ? or `name` LIKE ? or `full_con...' at line 1 (SQL: select count(*) as aggregate from `tbl_property` where status = 'Yes'  AND admin_status = 'Yes'  AND category_id =    and (`suburb` LIKE %Search% or `street_address` LIKE %Search% or `name` LIKE %Search% or `full_contents` LIKE %Search% or `street_address` LIKE %Search% or `address_unit` LIKE %Search%)) {"exception":"[object] (Illuminate\\Database\\QueryException(code: 42000): SQLSTATE[42000]: Syntax error or access violation: 1064 You have an error in your SQL syntax; check the manual that corresponds to your MariaDB server version for the right syntax to use near 'and (`suburb` LIKE ? or `street_address` LIKE ? or `name` LIKE ? or `full_con...' at line 1 (SQL: select count(*) as aggregate from `tbl_property` where status = 'Yes'  AND admin_status = 'Yes'  AND category_id =    and (`suburb` LIKE %Search% or `street_address` LIKE %Search% or `name` LIKE %Search% or `full_contents` LIKE %Search% or `street_address` LIKE %Search% or `address_unit` LIKE %Search%)) at /home/revoycom/public_html/vendor/laravel/framework/src/Illuminate/Database/Connection.php:703)
[stacktrace]
#0 /home/revoycom/public_html/vendor/laravel/framework/src/Illuminate/Database/Connection.php(663): Illuminate\\Database\\Connection->runQueryCallback('select count(*)...', Array, Object(Closure))
#1 /home/revoycom/public_html/vendor/laravel/framework/src/Illuminate/Database/Connection.php(367): Illuminate\\Database\\Connection->run('select count(*)...', Array, Object(Closure))
#2 /home/revoycom/public_html/vendor/laravel/framework/src/Illuminate/Database/Query/Builder.php(2352): Illuminate\\Database\\Connection->select('select count(*)...', Array, true)
#3 /home/revoycom/public_html/vendor/laravel/framework/src/Illuminate/Database/Query/Builder.php(2340): Illuminate\\Database\\Query\\Builder->runSelect()
#4 /home/revoycom/public_html/vendor/laravel/framework/src/Illuminate/Database/Query/Builder.php(2874): Illuminate\\Database\\Query\\Builder->Illuminate\\Database\\Query\\{closure}()
#5 /home/revoycom/public_html/vendor/laravel/framework/src/Illuminate/Database/Query/Builder.php(2341): Illuminate\\Database\\Query\\Builder->onceWithColumns(Array, Object(Closure))
#6 /home/revoycom/public_html/vendor/laravel/framework/src/Illuminate/Database/Query/Builder.php(2801): Illuminate\\Database\\Query\\Builder->get(Array)
#7 /home/revoycom/public_html/vendor/laravel/framework/src/Illuminate/Database/Query/Builder.php(2729): Illuminate\\Database\\Query\\Builder->aggregate('count', Array)
#8 /home/revoycom/public_html/vendor/laravel/framework/src/Illuminate/Database/Eloquent/Builder.php(1655): Illuminate\\Database\\Query\\Builder->count()
#9 /home/revoycom/public_html/app/Http/Controllers/CommonController.php(1617): Illuminate\\Database\\Eloquent\\Builder->__call('count', Array)
#10 /home/revoycom/public_html/vendor/laravel/framework/src/Illuminate/Routing/Controller.php(54): App\\Http\\Controllers\\CommonController->load_property(Object(Illuminate\\Http\\Request))
#11 /home/revoycom/public_html/vendor/laravel/framework/src/Illuminate/Routing/ControllerDispatcher.php(45): Illuminate\\Routing\\Controller->callAction('load_property', Array)
#12 /home/revoycom/public_html/vendor/laravel/framework/src/Illuminate/Routing/Route.php(262): Illuminate\\Routing\\ControllerDispatcher->dispatch(Object(Illuminate\\Routing\\Route), Object(App\\Http\\Controllers\\CommonController), 'load_property')
#13 /home/revoycom/public_html/vendor/laravel/framework/src/Illuminate/Routing/Route.php(205): Illuminate\\Routing\\Route->runController()
#14 /home/revoycom/public_html/vendor/laravel/framework/src/Illuminate/Routing/Router.php(695): Illuminate\\Routing\\Route->run()
#15 /home/revoycom/public_html/vendor/laravel/framework/src/Illuminate/Pipeline/Pipeline.php(128): Illuminate\\Routing\\Router->Illuminate\\Routing\\{closure}(Object(Illuminate\\Http\\Request))
#16 /home/revoycom/public_html/app/Http/Middleware/RedirectIfAuthenticated.php(29): Illuminate\\Pipeline\\Pipeline->Illuminate\\Pipeline\\{closure}(Object(Illuminate\\Http\\Request))
#17 /home/revoycom/public_html/vendor/laravel/framework/src/Illuminate/Pipeline/Pipeline.php(167): App\\Http\\Middleware\\RedirectIfAuthenticated->handle(Object(Illuminate\\Http\\Request), Object(Closure))
#18 /home/revoycom/public_html/vendor/laravel/framework/src/Illuminate/Routing/Middleware/SubstituteBindings.php(50): Illuminate\\Pipeline\\Pipeline->Illuminate\\Pipeline\\{closure}(Object(Illuminate\\Http\\Request))
#19 /home/revoycom/public_html/vendor/laravel/framework/src/Illuminate/Pipeline/Pipeline.php(167): Illuminate\\Routing\\Middleware\\SubstituteBindings->handle(Object(Illuminate\\Http\\Request), Object(Closure))
#20 /home/revoycom/public_html/vendor/laravel/framework/src/Illuminate/Foundation/Http/Middleware/VerifyCsrfToken.php(78): Illuminate\\Pipeline\\Pipeline->Illuminate\\Pipeline\\{closure}(Object(Illuminate\\Http\\Request))
#21 /home/revoycom/public_html/vendor/laravel/framework/src/Illuminate/Pipeline/Pipeline.php(167): Illuminate\\Foundation\\Http\\Middleware\\VerifyCsrfToken->handle(Object(Illuminate\\Http\\Request), Object(Closure))
#22 /home/revoycom/public_html/vendor/laravel/framework/src/Illuminate/View/Middleware/ShareErrorsFromSession.php(49): Illuminate\\Pipeline\\Pipeline->Illuminate\\Pipeline\\{closure}(Object(Illuminate\\Http\\Request))
#23 /home/revoycom/public_html/vendor/laravel/framework/src/Illuminate/Pipeline/Pipeline.php(167): Illuminate\\View\\Middleware\\ShareErrorsFromSession->handle(Object(Illuminate\\Http\\Request), Object(Closure))
#24 /home/revoycom/public_html/vendor/laravel/framework/src/Illuminate/Session/Middleware/StartSession.php(121): Illuminate\\Pipeline\\Pipeline->Illuminate\\Pipeline\\{closure}(Object(Illuminate\\Http\\Request))
#25 /home/revoycom/public_html/vendor/laravel/framework/src/Illuminate/Session/Middleware/StartSession.php(64): Illuminate\\Session\\Middleware\\StartSession->handleStatefulRequest(Object(Illuminate\\Http\\Request), Object(Illuminate\\Session\\Store), Object(Closure))
#26 /home/revoycom/public_html/vendor/laravel/framework/src/Illuminate/Pipeline/Pipeline.php(167): Illuminate\\Session\\Middleware\\StartSession->handle(Object(Illuminate\\Http\\Request), Object(Closure))
#27 /home/revoycom/public_html/vendor/laravel/framework/src/Illuminate/Cookie/Middleware/AddQueuedCookiesToResponse.php(37): Illuminate\\Pipeline\\Pipeline->Illuminate\\Pipeline\\{closure}(Object(Illuminate\\Http\\Request))
#28 /home/revoycom/public_html/vendor/laravel/framework/src/Illuminate/Pipeline/Pipeline.php(167): Illuminate\\Cookie\\Middleware\\AddQueuedCookiesToResponse->handle(Object(Illuminate\\Http\\Request), Object(Closure))
#29 /home/revoycom/public_html/vendor/laravel/framework/src/Illuminate/Cookie/Middleware/EncryptCookies.php(67): Illuminate\\Pipeline\\Pipeline->Illuminate\\Pipeline\\{closure}(Object(Illuminate\\Http\\Request))
#30 /home/revoycom/public_html/vendor/laravel/framework/src/Illuminate/Pipeline/Pipeline.php(167): Illuminate\\Cookie\\Middleware\\EncryptCookies->handle(Object(Illuminate\\Http\\Request), Object(Closure))
#31 /home/revoycom/public_html/vendor/laravel/framework/src/Illuminate/Pipeline/Pipeline.php(103): Illuminate\\Pipeline\\Pipeline->Illuminate\\Pipeline\\{closure}(Object(Illuminate\\Http\\Request))
#32 /home/revoycom/public_html/vendor/laravel/framework/src/Illuminate/Routing/Router.php(697): Illuminate\\Pipeline\\Pipeline->then(Object(Closure))
#33 /home/revoycom/public_html/vendor/laravel/framework/src/Illuminate/Routing/Router.php(672): Illuminate\\Routing\\Router->runRouteWithinStack(Object(Illuminate\\Routing\\Route), Object(Illuminate\\Http\\Request))
#34 /home/revoycom/public_html/vendor/laravel/framework/src/Illuminate/Routing/Router.php(636): Illuminate\\Routing\\Router->runRoute(Object(Illuminate\\Http\\Request), Object(Illuminate\\Routing\\Route))
#35 /home/revoycom/public_html/vendor/laravel/framework/src/Illuminate/Routing/Router.php(625): Illuminate\\Routing\\Router->dispatchToRoute(Object(Illuminate\\Http\\Request))
#36 /home/revoycom/public_html/vendor/laravel/framework/src/Illuminate/Foundation/Http/Kernel.php(167): Illuminate\\Routing\\Router->dispatch(Object(Illuminate\\Http\\Request))
#37 /home/revoycom/public_html/vendor/laravel/framework/src/Illuminate/Pipeline/Pipeline.php(128): Illuminate\\Foundation\\Http\\Kernel->Illuminate\\Foundation\\Http\\{closure}(Object(Illuminate\\Http\\Request))
#38 /home/revoycom/public_html/vendor/laravel/framework/src/Illuminate/Foundation/Http/Middleware/TransformsRequest.php(21): Illuminate\\Pipeline\\Pipeline->Illuminate\\Pipeline\\{closure}(Object(Illuminate\\Http\\Request))
#39 /home/revoycom/public_html/vendor/laravel/framework/src/Illuminate/Foundation/Http/Middleware/ConvertEmptyStringsToNull.php(31): Illuminate\\Foundation\\Http\\Middleware\\TransformsRequest->handle(Object(Illuminate\\Http\\Request), Object(Closure))
#40 /home/revoycom/public_html/vendor/laravel/framework/src/Illuminate/Pipeline/Pipeline.php(167): Illuminate\\Foundation\\Http\\Middleware\\ConvertEmptyStringsToNull->handle(Object(Illuminate\\Http\\Request), Object(Closure))
#41 /home/revoycom/public_html/vendor/laravel/framework/src/Illuminate/Foundation/Http/Middleware/TransformsRequest.php(21): Illuminate\\Pipeline\\Pipeline->Illuminate\\Pipeline\\{closure}(Object(Illuminate\\Http\\Request))
#42 /home/revoycom/public_html/vendor/laravel/framework/src/Illuminate/Foundation/Http/Middleware/TrimStrings.php(40): Illuminate\\Foundation\\Http\\Middleware\\TransformsRequest->handle(Object(Illuminate\\Http\\Request), Object(Closure))
#43 /home/revoycom/public_html/vendor/laravel/framework/src/Illuminate/Pipeline/Pipeline.php(167): Illuminate\\Foundation\\Http\\Middleware\\TrimStrings->handle(Object(Illuminate\\Http\\Request), Object(Closure))
#44 /home/revoycom/public_html/vendor/laravel/framework/src/Illuminate/Foundation/Http/Middleware/ValidatePostSize.php(27): Illuminate\\Pipeline\\Pipeline->Illuminate\\Pipeline\\{closure}(Object(Illuminate\\Http\\Request))
#45 /home/revoycom/public_html/vendor/laravel/framework/src/Illuminate/Pipeline/Pipeline.php(167): Illuminate\\Foundation\\Http\\Middleware\\ValidatePostSize->handle(Object(Illuminate\\Http\\Request), Object(Closure))
#46 /home/revoycom/public_html/vendor/laravel/framework/src/Illuminate/Foundation/Http/Middleware/PreventRequestsDuringMaintenance.php(86): Illuminate\\Pipeline\\Pipeline->Illuminate\\Pipeline\\{closure}(Object(Illuminate\\Http\\Request))
#47 /home/revoycom/public_html/vendor/laravel/framework/src/Illuminate/Pipeline/Pipeline.php(167): Illuminate\\Foundation\\Http\\Middleware\\PreventRequestsDuringMaintenance->handle(Object(Illuminate\\Http\\Request), Object(Closure))
#48 /home/revoycom/public_html/vendor/fruitcake/laravel-cors/src/HandleCors.php(38): Illuminate\\Pipeline\\Pipeline->Illuminate\\Pipeline\\{closure}(Object(Illuminate\\Http\\Request))
#49 /home/revoycom/public_html/vendor/laravel/framework/src/Illuminate/Pipeline/Pipeline.php(167): Fruitcake\\Cors\\HandleCors->handle(Object(Illuminate\\Http\\Request), Object(Closure))
#50 /home/revoycom/public_html/vendor/fideloper/proxy/src/TrustProxies.php(57): Illuminate\\Pipeline\\Pipeline->Illuminate\\Pipeline\\{closure}(Object(Illuminate\\Http\\Request))
#51 /home/revoycom/public_html/vendor/laravel/framework/src/Illuminate/Pipeline/Pipeline.php(167): Fideloper\\Proxy\\TrustProxies->handle(Object(Illuminate\\Http\\Request), Object(Closure))
#52 /home/revoycom/public_html/vendor/laravel/framework/src/Illuminate/Pipeline/Pipeline.php(103): Illuminate\\Pipeline\\Pipeline->Illuminate\\Pipeline\\{closure}(Object(Illuminate\\Http\\Request))
#53 /home/revoycom/public_html/vendor/laravel/framework/src/Illuminate/Foundation/Http/Kernel.php(142): Illuminate\\Pipeline\\Pipeline->then(Object(Closure))
#54 /home/revoycom/public_html/vendor/laravel/framework/src/Illuminate/Foundation/Http/Kernel.php(111): Illuminate\\Foundation\\Http\\Kernel->sendRequestThroughRouter(Object(Illuminate\\Http\\Request))
#55 /home/revoycom/public_html/index.php(52): Illuminate\\Foundation\\Http\\Kernel->handle(Object(Illuminate\\Http\\Request))
#56 {main}

[previous exception] [object] (PDOException(code: 42000): SQLSTATE[42000]: Syntax error or access violation: 1064 You have an error in your SQL syntax; check the manual that corresponds to your MariaDB server version for the right syntax to use near 'and (`suburb` LIKE ? or `street_address` LIKE ? or `name` LIKE ? or `full_con...' at line 1 at /home/revoycom/public_html/vendor/laravel/framework/src/Illuminate/Database/Connection.php:359)
[stacktrace]
#0 /home/revoycom/public_html/vendor/laravel/framework/src/Illuminate/Database/Connection.php(359): PDO->prepare('select count(*)...')
#1 /home/revoycom/public_html/vendor/laravel/framework/src/Illuminate/Database/Connection.php(696): Illuminate\\Database\\Connection->Illuminate\\Database\\{closure}('select count(*)...', Array)
#2 /home/revoycom/public_html/vendor/laravel/framework/src/Illuminate/Database/Connection.php(663): Illuminate\\Database\\Connection->runQueryCallback('select count(*)...', Array, Object(Closure))
#3 /home/revoycom/public_html/vendor/laravel/framework/src/Illuminate/Database/Connection.php(367): Illuminate\\Database\\Connection->run('select count(*)...', Array, Object(Closure))
#4 /home/revoycom/public_html/vendor/laravel/framework/src/Illuminate/Database/Query/Builder.php(2352): Illuminate\\Database\\Connection->select('select count(*)...', Array, true)
#5 /home/revoycom/public_html/vendor/laravel/framework/src/Illuminate/Database/Query/Builder.php(2340): Illuminate\\Database\\Query\\Builder->runSelect()
#6 /home/revoycom/public_html/vendor/laravel/framework/src/Illuminate/Database/Query/Builder.php(2874): Illuminate\\Database\\Query\\Builder->Illuminate\\Database\\Query\\{closure}()
#7 /home/revoycom/public_html/vendor/laravel/framework/src/Illuminate/Database/Query/Builder.php(2341): Illuminate\\Database\\Query\\Builder->onceWithColumns(Array, Object(Closure))
#8 /home/revoycom/public_html/vendor/laravel/framework/src/Illuminate/Database/Query/Builder.php(2801): Illuminate\\Database\\Query\\Builder->get(Array)
#9 /home/revoycom/public_html/vendor/laravel/framework/src/Illuminate/Database/Query/Builder.php(2729): Illuminate\\Database\\Query\\Builder->aggregate('count', Array)
#10 /home/revoycom/public_html/vendor/laravel/framework/src/Illuminate/Database/Eloquent/Builder.php(1655): Illuminate\\Database\\Query\\Builder->count()
#11 /home/revoycom/public_html/app/Http/Controllers/CommonController.php(1617): Illuminate\\Database\\Eloquent\\Builder->__call('count', Array)
#12 /home/revoycom/public_html/vendor/laravel/framework/src/Illuminate/Routing/Controller.php(54): App\\Http\\Controllers\\CommonController->load_property(Object(Illuminate\\Http\\Request))
#13 /home/revoycom/public_html/vendor/laravel/framework/src/Illuminate/Routing/ControllerDispatcher.php(45): Illuminate\\Routing\\Controller->callAction('load_property', Array)
#14 /home/revoycom/public_html/vendor/laravel/framework/src/Illuminate/Routing/Route.php(262): Illuminate\\Routing\\ControllerDispatcher->dispatch(Object(Illuminate\\Routing\\Route), Object(App\\Http\\Controllers\\CommonController), 'load_property')
#15 /home/revoycom/public_html/vendor/laravel/framework/src/Illuminate/Routing/Route.php(205): Illuminate\\Routing\\Route->runController()
#16 /home/revoycom/public_html/vendor/laravel/framework/src/Illuminate/Routing/Router.php(695): Illuminate\\Routing\\Route->run()
#17 /home/revoycom/public_html/vendor/laravel/framework/src/Illuminate/Pipeline/Pipeline.php(128): Illuminate\\Routing\\Router->Illuminate\\Routing\\{closure}(Object(Illuminate\\Http\\Request))
#18 /home/revoycom/public_html/app/Http/Middleware/RedirectIfAuthenticated.php(29): Illuminate\\Pipeline\\Pipeline->Illuminate\\Pipeline\\{closure}(Object(Illuminate\\Http\\Request))
#19 /home/revoycom/public_html/vendor/laravel/framework/src/Illuminate/Pipeline/Pipeline.php(167): App\\Http\\Middleware\\RedirectIfAuthenticated->handle(Object(Illuminate\\Http\\Request), Object(Closure))
#20 /home/revoycom/public_html/vendor/laravel/framework/src/Illuminate/Routing/Middleware/SubstituteBindings.php(50): Illuminate\\Pipeline\\Pipeline->Illuminate\\Pipeline\\{closure}(Object(Illuminate\\Http\\Request))
#21 /home/revoycom/public_html/vendor/laravel/framework/src/Illuminate/Pipeline/Pipeline.php(167): Illuminate\\Routing\\Middleware\\SubstituteBindings->handle(Object(Illuminate\\Http\\Request), Object(Closure))
#22 /home/revoycom/public_html/vendor/laravel/framework/src/Illuminate/Foundation/Http/Middleware/VerifyCsrfToken.php(78): Illuminate\\Pipeline\\Pipeline->Illuminate\\Pipeline\\{closure}(Object(Illuminate\\Http\\Request))
#23 /home/revoycom/public_html/vendor/laravel/framework/src/Illuminate/Pipeline/Pipeline.php(167): Illuminate\\Foundation\\Http\\Middleware\\VerifyCsrfToken->handle(Object(Illuminate\\Http\\Request), Object(Closure))
#24 /home/revoycom/public_html/vendor/laravel/framework/src/Illuminate/View/Middleware/ShareErrorsFromSession.php(49): Illuminate\\Pipeline\\Pipeline->Illuminate\\Pipeline\\{closure}(Object(Illuminate\\Http\\Request))
#25 /home/revoycom/public_html/vendor/laravel/framework/src/Illuminate/Pipeline/Pipeline.php(167): Illuminate\\View\\Middleware\\ShareErrorsFromSession->handle(Object(Illuminate\\Http\\Request), Object(Closure))
#26 /home/revoycom/public_html/vendor/laravel/framework/src/Illuminate/Session/Middleware/StartSession.php(121): Illuminate\\Pipeline\\Pipeline->Illuminate\\Pipeline\\{closure}(Object(Illuminate\\Http\\Request))
#27 /home/revoycom/public_html/vendor/laravel/framework/src/Illuminate/Session/Middleware/StartSession.php(64): Illuminate\\Session\\Middleware\\StartSession->handleStatefulRequest(Object(Illuminate\\Http\\Request), Object(Illuminate\\Session\\Store), Object(Closure))
#28 /home/revoycom/public_html/vendor/laravel/framework/src/Illuminate/Pipeline/Pipeline.php(167): Illuminate\\Session\\Middleware\\StartSession->handle(Object(Illuminate\\Http\\Request), Object(Closure))
#29 /home/revoycom/public_html/vendor/laravel/framework/src/Illuminate/Cookie/Middleware/AddQueuedCookiesToResponse.php(37): Illuminate\\Pipeline\\Pipeline->Illuminate\\Pipeline\\{closure}(Object(Illuminate\\Http\\Request))
#30 /home/revoycom/public_html/vendor/laravel/framework/src/Illuminate/Pipeline/Pipeline.php(167): Illuminate\\Cookie\\Middleware\\AddQueuedCookiesToResponse->handle(Object(Illuminate\\Http\\Request), Object(Closure))
#31 /home/revoycom/public_html/vendor/laravel/framework/src/Illuminate/Cookie/Middleware/EncryptCookies.php(67): Illuminate\\Pipeline\\Pipeline->Illuminate\\Pipeline\\{closure}(Object(Illuminate\\Http\\Request))
#32 /home/revoycom/public_html/vendor/laravel/framework/src/Illuminate/Pipeline/Pipeline.php(167): Illuminate\\Cookie\\Middleware\\EncryptCookies->handle(Object(Illuminate\\Http\\Request), Object(Closure))
#33 /home/revoycom/public_html/vendor/laravel/framework/src/Illuminate/Pipeline/Pipeline.php(103): Illuminate\\Pipeline\\Pipeline->Illuminate\\Pipeline\\{closure}(Object(Illuminate\\Http\\Request))
#34 /home/revoycom/public_html/vendor/laravel/framework/src/Illuminate/Routing/Router.php(697): Illuminate\\Pipeline\\Pipeline->then(Object(Closure))
#35 /home/revoycom/public_html/vendor/laravel/framework/src/Illuminate/Routing/Router.php(672): Illuminate\\Routing\\Router->runRouteWithinStack(Object(Illuminate\\Routing\\Route), Object(Illuminate\\Http\\Request))
#36 /home/revoycom/public_html/vendor/laravel/framework/src/Illuminate/Routing/Router.php(636): Illuminate\\Routing\\Router->runRoute(Object(Illuminate\\Http\\Request), Object(Illuminate\\Routing\\Route))
#37 /home/revoycom/public_html/vendor/laravel/framework/src/Illuminate/Routing/Router.php(625): Illuminate\\Routing\\Router->dispatchToRoute(Object(Illuminate\\Http\\Request))
#38 /home/revoycom/public_html/vendor/laravel/framework/src/Illuminate/Foundation/Http/Kernel.php(167): Illuminate\\Routing\\Router->dispatch(Object(Illuminate\\Http\\Request))
#39 /home/revoycom/public_html/vendor/laravel/framework/src/Illuminate/Pipeline/Pipeline.php(128): Illuminate\\Foundation\\Http\\Kernel->Illuminate\\Foundation\\Http\\{closure}(Object(Illuminate\\Http\\Request))
#40 /home/revoycom/public_html/vendor/laravel/framework/src/Illuminate/Foundation/Http/Middleware/TransformsRequest.php(21): Illuminate\\Pipeline\\Pipeline->Illuminate\\Pipeline\\{closure}(Object(Illuminate\\Http\\Request))
#41 /home/revoycom/public_html/vendor/laravel/framework/src/Illuminate/Foundation/Http/Middleware/ConvertEmptyStringsToNull.php(31): Illuminate\\Foundation\\Http\\Middleware\\TransformsRequest->handle(Object(Illuminate\\Http\\Request), Object(Closure))
#42 /home/revoycom/public_html/vendor/laravel/framework/src/Illuminate/Pipeline/Pipeline.php(167): Illuminate\\Foundation\\Http\\Middleware\\ConvertEmptyStringsToNull->handle(Object(Illuminate\\Http\\Request), Object(Closure))
#43 /home/revoycom/public_html/vendor/laravel/framework/src/Illuminate/Foundation/Http/Middleware/TransformsRequest.php(21): Illuminate\\Pipeline\\Pipeline->Illuminate\\Pipeline\\{closure}(Object(Illuminate\\Http\\Request))
#44 /home/revoycom/public_html/vendor/laravel/framework/src/Illuminate/Foundation/Http/Middleware/TrimStrings.php(40): Illuminate\\Foundation\\Http\\Middleware\\TransformsRequest->handle(Object(Illuminate\\Http\\Request), Object(Closure))
#45 /home/revoycom/public_html/vendor/laravel/framework/src/Illuminate/Pipeline/Pipeline.php(167): Illuminate\\Foundation\\Http\\Middleware\\TrimStrings->handle(Object(Illuminate\\Http\\Request), Object(Closure))
#46 /home/revoycom/public_html/vendor/laravel/framework/src/Illuminate/Foundation/Http/Middleware/ValidatePostSize.php(27): Illuminate\\Pipeline\\Pipeline->Illuminate\\Pipeline\\{closure}(Object(Illuminate\\Http\\Request))
#47 /home/revoycom/public_html/vendor/laravel/framework/src/Illuminate/Pipeline/Pipeline.php(167): Illuminate\\Foundation\\Http\\Middleware\\ValidatePostSize->handle(Object(Illuminate\\Http\\Request), Object(Closure))
#48 /home/revoycom/public_html/vendor/laravel/framework/src/Illuminate/Foundation/Http/Middleware/PreventRequestsDuringMaintenance.php(86): Illuminate\\Pipeline\\Pipeline->Illuminate\\Pipeline\\{closure}(Object(Illuminate\\Http\\Request))
#49 /home/revoycom/public_html/vendor/laravel/framework/src/Illuminate/Pipeline/Pipeline.php(167): Illuminate\\Foundation\\Http\\Middleware\\PreventRequestsDuringMaintenance->handle(Object(Illuminate\\Http\\Request), Object(Closure))
#50 /home/revoycom/public_html/vendor/fruitcake/laravel-cors/src/HandleCors.php(38): Illuminate\\Pipeline\\Pipeline->Illuminate\\Pipeline\\{closure}(Object(Illuminate\\Http\\Request))
#51 /home/revoycom/public_html/vendor/laravel/framework/src/Illuminate/Pipeline/Pipeline.php(167): Fruitcake\\Cors\\HandleCors->handle(Object(Illuminate\\Http\\Request), Object(Closure))
#52 /home/revoycom/public_html/vendor/fideloper/proxy/src/TrustProxies.php(57): Illuminate\\Pipeline\\Pipeline->Illuminate\\Pipeline\\{closure}(Object(Illuminate\\Http\\Request))
#53 /home/revoycom/public_html/vendor/laravel/framework/src/Illuminate/Pipeline/Pipeline.php(167): Fideloper\\Proxy\\TrustProxies->handle(Object(Illuminate\\Http\\Request), Object(Closure))
#54 /home/revoycom/public_html/vendor/laravel/framework/src/Illuminate/Pipeline/Pipeline.php(103): Illuminate\\Pipeline\\Pipeline->Illuminate\\Pipeline\\{closure}(Object(Illuminate\\Http\\Request))
#55 /home/revoycom/public_html/vendor/laravel/framework/src/Illuminate/Foundation/Http/Kernel.php(142): Illuminate\\Pipeline\\Pipeline->then(Object(Closure))
#56 /home/revoycom/public_html/vendor/laravel/framework/src/Illuminate/Foundation/Http/Kernel.php(111): Illuminate\\Foundation\\Http\\Kernel->sendRequestThroughRouter(Object(Illuminate\\Http\\Request))
#57 /home/revoycom/public_html/index.php(52): Illuminate\\Foundation\\Http\\Kernel->handle(Object(Illuminate\\Http\\Request))
#58 {main}
"} 
