[2026-06-08 00:29:33] local.ERROR: SQLSTATE[22007]: Invalid datetime format: 1366 Incorrect string value: '\xF0\x9F\x94\xA5Ac...' for column `revoycom_dbrevoy25`.`tbl_property`.`full_contents` at row 1 (SQL: update `tbl_property` set `name` = Affordable Home ownership | South Ripley QLD 4306, `slug` = affordable-home-ownership-south-ripley-qld-4306, `image` = 84739_main-view-(4).png, `full_contents` = Property Description



Discover modern, low-maintenance living in the thriving community of South Ripley. Perfectly suited for first-home buyers, investors, and growing families, this brand-new single-storey home combines practical design, quality finishes, and everyday comfort.



Designed with affordability and functionality in mind, the home offers a bright open-plan layout featuring a contemporary kitchen, spacious living and dining area, comfortable bedrooms, modern bathrooms, and a secure single-car garage. Neutral colour palettes and abundant natural light create a welcoming atmosphere throughout, while the easy-care landscaping ensures more time enjoying your home and less time maintaining it.



Located within one of South East Queensland's fastest-growing residential communities, this home presents an outstanding opportunity to secure a quality property in a highly sought-after location.



Key Features



* Brand new single-storey home

* Modern brick veneer construction

* 3 generous bedrooms

* Master bedroom with built-in robe

* 2 stylish bathrooms

* Open-plan living and dining area

* Modern kitchen with quality appliances

* Single lock-up garage with internal access

* Fully fenced backyard

* Low-maintenance landscaping

* Energy-efficient design



Other Features



* LED downlights throughout

* Durable flooring to living areas

* Quality carpet to bedrooms

* Roller blinds throughout

* Modern colour scheme

* NBN-ready connectivity

* Smoke alarms installed

* Water-efficient fixtures

* Security screens (where applicable)

* Ample storage solutions



Home Design



This thoughtfully designed home maximises space and functionality within a compact footprint. The open-plan living, dining, and kitchen area forms the heart of the home, providing a seamless environment for everyday living and entertaining. The master bedroom is privately positioned and complemented by a built-in robe and ensuite, while the additional bedrooms are serviced by a contemporary family bathroom.



The practical floorplan offers excellent flow between indoor and outdoor spaces, making it ideal for modern Australian lifestyles.



Home Inclusions



* Modern kitchen with laminate benchtops

* White cabinetry and tiled splashback

* Stainless steel appliances

* Walk-in shower to bathrooms

* Contemporary vanities and tapware

* Built-in wardrobes

* Quality floor coverings throughout

* Colorbond roof

* Concrete driveway

* Turf and basic landscaping package

* Fencing package included

* Letterbox and clothesline

* Flyscreens to windows



Location Highlights



* Approximately 10 minutes to Ripley Town Centre

* Approximately 15 minutes to Orion Springfield Central

* Easy access to the Centenary Highway

* Close to local schools and childcare centres

* Nearby parks, playgrounds, and sporting facilities

* Convenient access to public transport

* Surrounded by walking and cycling pathways

* Close to future shopping and community infrastructure

* Approximately 40 minutes to Brisbane CBD

* Approximately 60 minutes to the Gold Coast



Why You'll Love South Ripley QLD 4306



South Ripley is one of South East Queensland's most exciting and rapidly growing master-planned communities. Known for its family-friendly atmosphere, modern infrastructure, and strong growth potential, the suburb offers the perfect balance of lifestyle and convenience.



Residents enjoy access to quality schools, parks, sporting facilities, shopping centres, and public transport, all while being surrounded by beautiful green spaces. With significant ongoing investment in the area and strong population growth, South Ripley continues to attract homeowners and investors seeking long-term value and an exceptional quality of life.



Whether you're purchasing your first home, upgrading your lifestyle, or expanding your investment portfolio, South Ripley offers a fantastic opportunity to be part of a vibrant and growing community.



🔥Act Fast – Limited Availability



Opportunities like this don’t last long. Withhigh inquiry levels and strong buyer demand, these packages are expected to move quickly.



📞Secure now or register your interest today to avoid missing out.





— hello@thepropertyrealtors.com.au



— 1300 821 614



— 150 George Street, Parramatta NSW 2150



Disclaimer:



The Property Realtors provides this information as a general guide only and does not constitute financial, legal, property, or investment advice. All information has been prepared in good faith and is believed to be accurate at the time of publication; however, no warranty or representation is made as to its accuracy, completeness, or reliability. The Property Realtors accepts no liability for any loss or damage (including indirect or consequential loss) arising from reliance on this information.



All images, photographs, floor plans, and illustrations are for marketing and illustrative purposes only and may include fixtures, finishes, landscaping, stock photos, artist impressions, or virtual staging that do not reflect the actual property. Any attached floor plan is indicative only and may be subject to change without notice. Property details, pricing, availability, inclusions, specifications, and timelines are subject to change without notice. The Property Realtors does not guarantee that any property advertised is currently available, constructed, or will be constructed as described.



Interested parties must rely on their own independent inquiries and should verify all information with relevant third parties, including builders, developers, and authorities. Buyers are strongly encouraged to obtain independent legal, financial, and professional advice before proceeding.



The Property Realtors makes no representations or guarantees regarding eligibility, compliance, or approval for NDIS, SDA, or accessibility requirements. Prospective purchasers must independently verify any such requirements, certifications, or approvals.



Buyers are encouraged to review current plans, specifications, and conduct physical inspections where possible prior to purchase. The Property Realtors acts solely as a marketing agent and does not warrant the performance or workmanship of any third-party builder or developer., `tbl_property`.`updated_at` = 2026-06-08 00:29:33 where `id` = 620) {"exception":"[object] (Illuminate\\Database\\QueryException(code: 22007): SQLSTATE[22007]: Invalid datetime format: 1366 Incorrect string value: '\\xF0\\x9F\\x94\\xA5Ac...' for column `revoycom_dbrevoy25`.`tbl_property`.`full_contents` at row 1 (SQL: update `tbl_property` set `name` = Affordable Home ownership | South Ripley QLD 4306, `slug` = affordable-home-ownership-south-ripley-qld-4306, `image` = 84739_main-view-(4).png, `full_contents` = Property Description



Discover modern, low-maintenance living in the thriving community of South Ripley. Perfectly suited for first-home buyers, investors, and growing families, this brand-new single-storey home combines practical design, quality finishes, and everyday comfort.



Designed with affordability and functionality in mind, the home offers a bright open-plan layout featuring a contemporary kitchen, spacious living and dining area, comfortable bedrooms, modern bathrooms, and a secure single-car garage. Neutral colour palettes and abundant natural light create a welcoming atmosphere throughout, while the easy-care landscaping ensures more time enjoying your home and less time maintaining it.



Located within one of South East Queensland's fastest-growing residential communities, this home presents an outstanding opportunity to secure a quality property in a highly sought-after location.



Key Features



* Brand new single-storey home

* Modern brick veneer construction

* 3 generous bedrooms

* Master bedroom with built-in robe

* 2 stylish bathrooms

* Open-plan living and dining area

* Modern kitchen with quality appliances

* Single lock-up garage with internal access

* Fully fenced backyard

* Low-maintenance landscaping

* Energy-efficient design



Other Features



* LED downlights throughout

* Durable flooring to living areas

* Quality carpet to bedrooms

* Roller blinds throughout

* Modern colour scheme

* NBN-ready connectivity

* Smoke alarms installed

* Water-efficient fixtures

* Security screens (where applicable)

* Ample storage solutions



Home Design



This thoughtfully designed home maximises space and functionality within a compact footprint. The open-plan living, dining, and kitchen area forms the heart of the home, providing a seamless environment for everyday living and entertaining. The master bedroom is privately positioned and complemented by a built-in robe and ensuite, while the additional bedrooms are serviced by a contemporary family bathroom.



The practical floorplan offers excellent flow between indoor and outdoor spaces, making it ideal for modern Australian lifestyles.



Home Inclusions



* Modern kitchen with laminate benchtops

* White cabinetry and tiled splashback

* Stainless steel appliances

* Walk-in shower to bathrooms

* Contemporary vanities and tapware

* Built-in wardrobes

* Quality floor coverings throughout

* Colorbond roof

* Concrete driveway

* Turf and basic landscaping package

* Fencing package included

* Letterbox and clothesline

* Flyscreens to windows



Location Highlights



* Approximately 10 minutes to Ripley Town Centre

* Approximately 15 minutes to Orion Springfield Central

* Easy access to the Centenary Highway

* Close to local schools and childcare centres

* Nearby parks, playgrounds, and sporting facilities

* Convenient access to public transport

* Surrounded by walking and cycling pathways

* Close to future shopping and community infrastructure

* Approximately 40 minutes to Brisbane CBD

* Approximately 60 minutes to the Gold Coast



Why You'll Love South Ripley QLD 4306



South Ripley is one of South East Queensland's most exciting and rapidly growing master-planned communities. Known for its family-friendly atmosphere, modern infrastructure, and strong growth potential, the suburb offers the perfect balance of lifestyle and convenience.



Residents enjoy access to quality schools, parks, sporting facilities, shopping centres, and public transport, all while being surrounded by beautiful green spaces. With significant ongoing investment in the area and strong population growth, South Ripley continues to attract homeowners and investors seeking long-term value and an exceptional quality of life.



Whether you're purchasing your first home, upgrading your lifestyle, or expanding your investment portfolio, South Ripley offers a fantastic opportunity to be part of a vibrant and growing community.



🔥Act Fast – Limited Availability



Opportunities like this don’t last long. Withhigh inquiry levels and strong buyer demand, these packages are expected to move quickly.



📞Secure now or register your interest today to avoid missing out.





— hello@thepropertyrealtors.com.au



— 1300 821 614



— 150 George Street, Parramatta NSW 2150



Disclaimer:



The Property Realtors provides this information as a general guide only and does not constitute financial, legal, property, or investment advice. All information has been prepared in good faith and is believed to be accurate at the time of publication; however, no warranty or representation is made as to its accuracy, completeness, or reliability. The Property Realtors accepts no liability for any loss or damage (including indirect or consequential loss) arising from reliance on this information.



All images, photographs, floor plans, and illustrations are for marketing and illustrative purposes only and may include fixtures, finishes, landscaping, stock photos, artist impressions, or virtual staging that do not reflect the actual property. Any attached floor plan is indicative only and may be subject to change without notice. Property details, pricing, availability, inclusions, specifications, and timelines are subject to change without notice. The Property Realtors does not guarantee that any property advertised is currently available, constructed, or will be constructed as described.



Interested parties must rely on their own independent inquiries and should verify all information with relevant third parties, including builders, developers, and authorities. Buyers are strongly encouraged to obtain independent legal, financial, and professional advice before proceeding.



The Property Realtors makes no representations or guarantees regarding eligibility, compliance, or approval for NDIS, SDA, or accessibility requirements. Prospective purchasers must independently verify any such requirements, certifications, or approvals.



Buyers are encouraged to review current plans, specifications, and conduct physical inspections where possible prior to purchase. The Property Realtors acts solely as a marketing agent and does not warrant the performance or workmanship of any third-party builder or developer., `tbl_property`.`updated_at` = 2026-06-08 00:29:33 where `id` = 620) at /home/revoycom/public_html/vendor/laravel/framework/src/Illuminate/Database/Connection.php:703)
[stacktrace]
#0 /home/revoycom/public_html/vendor/laravel/framework/src/Illuminate/Database/Connection.php(663): Illuminate\\Database\\Connection->runQueryCallback('update `tbl_pro...', Array, Object(Closure))
#1 /home/revoycom/public_html/vendor/laravel/framework/src/Illuminate/Database/Connection.php(524): Illuminate\\Database\\Connection->run('update `tbl_pro...', Array, Object(Closure))
#2 /home/revoycom/public_html/vendor/laravel/framework/src/Illuminate/Database/Connection.php(457): Illuminate\\Database\\Connection->affectingStatement('update `tbl_pro...', Array)
#3 /home/revoycom/public_html/vendor/laravel/framework/src/Illuminate/Database/Query/Builder.php(3001): Illuminate\\Database\\Connection->update('update `tbl_pro...', Array)
#4 /home/revoycom/public_html/vendor/laravel/framework/src/Illuminate/Database/Eloquent/Builder.php(919): Illuminate\\Database\\Query\\Builder->update(Array)
#5 /home/revoycom/public_html/vendor/laravel/framework/src/Illuminate/Database/Eloquent/Model.php(1072): Illuminate\\Database\\Eloquent\\Builder->update(Array)
#6 /home/revoycom/public_html/vendor/laravel/framework/src/Illuminate/Database/Eloquent/Model.php(987): Illuminate\\Database\\Eloquent\\Model->performUpdate(Object(Illuminate\\Database\\Eloquent\\Builder))
#7 /home/revoycom/public_html/app/Http/Controllers/AccountController.php(1562): Illuminate\\Database\\Eloquent\\Model->save()
#8 /home/revoycom/public_html/vendor/laravel/framework/src/Illuminate/Routing/Controller.php(54): App\\Http\\Controllers\\AccountController->update_property_images(Object(Illuminate\\Http\\Request))
#9 /home/revoycom/public_html/vendor/laravel/framework/src/Illuminate/Routing/ControllerDispatcher.php(45): Illuminate\\Routing\\Controller->callAction('update_property...', Array)
#10 /home/revoycom/public_html/vendor/laravel/framework/src/Illuminate/Routing/Route.php(262): Illuminate\\Routing\\ControllerDispatcher->dispatch(Object(Illuminate\\Routing\\Route), Object(App\\Http\\Controllers\\AccountController), 'update_property...')
#11 /home/revoycom/public_html/vendor/laravel/framework/src/Illuminate/Routing/Route.php(205): Illuminate\\Routing\\Route->runController()
#12 /home/revoycom/public_html/vendor/laravel/framework/src/Illuminate/Routing/Router.php(695): Illuminate\\Routing\\Route->run()
#13 /home/revoycom/public_html/vendor/laravel/framework/src/Illuminate/Pipeline/Pipeline.php(128): Illuminate\\Routing\\Router->Illuminate\\Routing\\{closure}(Object(Illuminate\\Http\\Request))
#14 /home/revoycom/public_html/app/Http/Middleware/UserAuth.php(24): Illuminate\\Pipeline\\Pipeline->Illuminate\\Pipeline\\{closure}(Object(Illuminate\\Http\\Request))
#15 /home/revoycom/public_html/vendor/laravel/framework/src/Illuminate/Pipeline/Pipeline.php(167): App\\Http\\Middleware\\UserAuth->handle(Object(Illuminate\\Http\\Request), Object(Closure))
#16 /home/revoycom/public_html/vendor/laravel/framework/src/Illuminate/Routing/Middleware/SubstituteBindings.php(50): Illuminate\\Pipeline\\Pipeline->Illuminate\\Pipeline\\{closure}(Object(Illuminate\\Http\\Request))
#17 /home/revoycom/public_html/vendor/laravel/framework/src/Illuminate/Pipeline/Pipeline.php(167): Illuminate\\Routing\\Middleware\\SubstituteBindings->handle(Object(Illuminate\\Http\\Request), Object(Closure))
#18 /home/revoycom/public_html/vendor/laravel/framework/src/Illuminate/Foundation/Http/Middleware/VerifyCsrfToken.php(78): Illuminate\\Pipeline\\Pipeline->Illuminate\\Pipeline\\{closure}(Object(Illuminate\\Http\\Request))
#19 /home/revoycom/public_html/vendor/laravel/framework/src/Illuminate/Pipeline/Pipeline.php(167): Illuminate\\Foundation\\Http\\Middleware\\VerifyCsrfToken->handle(Object(Illuminate\\Http\\Request), Object(Closure))
#20 /home/revoycom/public_html/vendor/laravel/framework/src/Illuminate/View/Middleware/ShareErrorsFromSession.php(49): Illuminate\\Pipeline\\Pipeline->Illuminate\\Pipeline\\{closure}(Object(Illuminate\\Http\\Request))
#21 /home/revoycom/public_html/vendor/laravel/framework/src/Illuminate/Pipeline/Pipeline.php(167): Illuminate\\View\\Middleware\\ShareErrorsFromSession->handle(Object(Illuminate\\Http\\Request), Object(Closure))
#22 /home/revoycom/public_html/vendor/laravel/framework/src/Illuminate/Session/Middleware/StartSession.php(121): Illuminate\\Pipeline\\Pipeline->Illuminate\\Pipeline\\{closure}(Object(Illuminate\\Http\\Request))
#23 /home/revoycom/public_html/vendor/laravel/framework/src/Illuminate/Session/Middleware/StartSession.php(64): Illuminate\\Session\\Middleware\\StartSession->handleStatefulRequest(Object(Illuminate\\Http\\Request), Object(Illuminate\\Session\\Store), Object(Closure))
#24 /home/revoycom/public_html/vendor/laravel/framework/src/Illuminate/Pipeline/Pipeline.php(167): Illuminate\\Session\\Middleware\\StartSession->handle(Object(Illuminate\\Http\\Request), Object(Closure))
#25 /home/revoycom/public_html/vendor/laravel/framework/src/Illuminate/Cookie/Middleware/AddQueuedCookiesToResponse.php(37): Illuminate\\Pipeline\\Pipeline->Illuminate\\Pipeline\\{closure}(Object(Illuminate\\Http\\Request))
#26 /home/revoycom/public_html/vendor/laravel/framework/src/Illuminate/Pipeline/Pipeline.php(167): Illuminate\\Cookie\\Middleware\\AddQueuedCookiesToResponse->handle(Object(Illuminate\\Http\\Request), Object(Closure))
#27 /home/revoycom/public_html/vendor/laravel/framework/src/Illuminate/Cookie/Middleware/EncryptCookies.php(67): Illuminate\\Pipeline\\Pipeline->Illuminate\\Pipeline\\{closure}(Object(Illuminate\\Http\\Request))
#28 /home/revoycom/public_html/vendor/laravel/framework/src/Illuminate/Pipeline/Pipeline.php(167): Illuminate\\Cookie\\Middleware\\EncryptCookies->handle(Object(Illuminate\\Http\\Request), Object(Closure))
#29 /home/revoycom/public_html/vendor/laravel/framework/src/Illuminate/Pipeline/Pipeline.php(103): Illuminate\\Pipeline\\Pipeline->Illuminate\\Pipeline\\{closure}(Object(Illuminate\\Http\\Request))
#30 /home/revoycom/public_html/vendor/laravel/framework/src/Illuminate/Routing/Router.php(697): Illuminate\\Pipeline\\Pipeline->then(Object(Closure))
#31 /home/revoycom/public_html/vendor/laravel/framework/src/Illuminate/Routing/Router.php(672): Illuminate\\Routing\\Router->runRouteWithinStack(Object(Illuminate\\Routing\\Route), Object(Illuminate\\Http\\Request))
#32 /home/revoycom/public_html/vendor/laravel/framework/src/Illuminate/Routing/Router.php(636): Illuminate\\Routing\\Router->runRoute(Object(Illuminate\\Http\\Request), Object(Illuminate\\Routing\\Route))
#33 /home/revoycom/public_html/vendor/laravel/framework/src/Illuminate/Routing/Router.php(625): Illuminate\\Routing\\Router->dispatchToRoute(Object(Illuminate\\Http\\Request))
#34 /home/revoycom/public_html/vendor/laravel/framework/src/Illuminate/Foundation/Http/Kernel.php(167): Illuminate\\Routing\\Router->dispatch(Object(Illuminate\\Http\\Request))
#35 /home/revoycom/public_html/vendor/laravel/framework/src/Illuminate/Pipeline/Pipeline.php(128): Illuminate\\Foundation\\Http\\Kernel->Illuminate\\Foundation\\Http\\{closure}(Object(Illuminate\\Http\\Request))
#36 /home/revoycom/public_html/vendor/laravel/framework/src/Illuminate/Foundation/Http/Middleware/TransformsRequest.php(21): Illuminate\\Pipeline\\Pipeline->Illuminate\\Pipeline\\{closure}(Object(Illuminate\\Http\\Request))
#37 /home/revoycom/public_html/vendor/laravel/framework/src/Illuminate/Foundation/Http/Middleware/ConvertEmptyStringsToNull.php(31): Illuminate\\Foundation\\Http\\Middleware\\TransformsRequest->handle(Object(Illuminate\\Http\\Request), Object(Closure))
#38 /home/revoycom/public_html/vendor/laravel/framework/src/Illuminate/Pipeline/Pipeline.php(167): Illuminate\\Foundation\\Http\\Middleware\\ConvertEmptyStringsToNull->handle(Object(Illuminate\\Http\\Request), Object(Closure))
#39 /home/revoycom/public_html/vendor/laravel/framework/src/Illuminate/Foundation/Http/Middleware/TransformsRequest.php(21): Illuminate\\Pipeline\\Pipeline->Illuminate\\Pipeline\\{closure}(Object(Illuminate\\Http\\Request))
#40 /home/revoycom/public_html/vendor/laravel/framework/src/Illuminate/Foundation/Http/Middleware/TrimStrings.php(40): Illuminate\\Foundation\\Http\\Middleware\\TransformsRequest->handle(Object(Illuminate\\Http\\Request), Object(Closure))
#41 /home/revoycom/public_html/vendor/laravel/framework/src/Illuminate/Pipeline/Pipeline.php(167): Illuminate\\Foundation\\Http\\Middleware\\TrimStrings->handle(Object(Illuminate\\Http\\Request), Object(Closure))
#42 /home/revoycom/public_html/vendor/laravel/framework/src/Illuminate/Foundation/Http/Middleware/ValidatePostSize.php(27): Illuminate\\Pipeline\\Pipeline->Illuminate\\Pipeline\\{closure}(Object(Illuminate\\Http\\Request))
#43 /home/revoycom/public_html/vendor/laravel/framework/src/Illuminate/Pipeline/Pipeline.php(167): Illuminate\\Foundation\\Http\\Middleware\\ValidatePostSize->handle(Object(Illuminate\\Http\\Request), Object(Closure))
#44 /home/revoycom/public_html/vendor/laravel/framework/src/Illuminate/Foundation/Http/Middleware/PreventRequestsDuringMaintenance.php(86): Illuminate\\Pipeline\\Pipeline->Illuminate\\Pipeline\\{closure}(Object(Illuminate\\Http\\Request))
#45 /home/revoycom/public_html/vendor/laravel/framework/src/Illuminate/Pipeline/Pipeline.php(167): Illuminate\\Foundation\\Http\\Middleware\\PreventRequestsDuringMaintenance->handle(Object(Illuminate\\Http\\Request), Object(Closure))
#46 /home/revoycom/public_html/vendor/fruitcake/laravel-cors/src/HandleCors.php(38): Illuminate\\Pipeline\\Pipeline->Illuminate\\Pipeline\\{closure}(Object(Illuminate\\Http\\Request))
#47 /home/revoycom/public_html/vendor/laravel/framework/src/Illuminate/Pipeline/Pipeline.php(167): Fruitcake\\Cors\\HandleCors->handle(Object(Illuminate\\Http\\Request), Object(Closure))
#48 /home/revoycom/public_html/vendor/fideloper/proxy/src/TrustProxies.php(57): Illuminate\\Pipeline\\Pipeline->Illuminate\\Pipeline\\{closure}(Object(Illuminate\\Http\\Request))
#49 /home/revoycom/public_html/vendor/laravel/framework/src/Illuminate/Pipeline/Pipeline.php(167): Fideloper\\Proxy\\TrustProxies->handle(Object(Illuminate\\Http\\Request), Object(Closure))
#50 /home/revoycom/public_html/vendor/laravel/framework/src/Illuminate/Pipeline/Pipeline.php(103): Illuminate\\Pipeline\\Pipeline->Illuminate\\Pipeline\\{closure}(Object(Illuminate\\Http\\Request))
#51 /home/revoycom/public_html/vendor/laravel/framework/src/Illuminate/Foundation/Http/Kernel.php(142): Illuminate\\Pipeline\\Pipeline->then(Object(Closure))
#52 /home/revoycom/public_html/vendor/laravel/framework/src/Illuminate/Foundation/Http/Kernel.php(111): Illuminate\\Foundation\\Http\\Kernel->sendRequestThroughRouter(Object(Illuminate\\Http\\Request))
#53 /home/revoycom/public_html/index.php(52): Illuminate\\Foundation\\Http\\Kernel->handle(Object(Illuminate\\Http\\Request))
#54 {main}

[previous exception] [object] (PDOException(code: 22007): SQLSTATE[22007]: Invalid datetime format: 1366 Incorrect string value: '\\xF0\\x9F\\x94\\xA5Ac...' for column `revoycom_dbrevoy25`.`tbl_property`.`full_contents` at row 1 at /home/revoycom/public_html/vendor/laravel/framework/src/Illuminate/Database/Connection.php:517)
[stacktrace]
#0 /home/revoycom/public_html/vendor/laravel/framework/src/Illuminate/Database/Connection.php(517): PDOStatement->execute()
#1 /home/revoycom/public_html/vendor/laravel/framework/src/Illuminate/Database/Connection.php(696): Illuminate\\Database\\Connection->Illuminate\\Database\\{closure}('update `tbl_pro...', Array)
#2 /home/revoycom/public_html/vendor/laravel/framework/src/Illuminate/Database/Connection.php(663): Illuminate\\Database\\Connection->runQueryCallback('update `tbl_pro...', Array, Object(Closure))
#3 /home/revoycom/public_html/vendor/laravel/framework/src/Illuminate/Database/Connection.php(524): Illuminate\\Database\\Connection->run('update `tbl_pro...', Array, Object(Closure))
#4 /home/revoycom/public_html/vendor/laravel/framework/src/Illuminate/Database/Connection.php(457): Illuminate\\Database\\Connection->affectingStatement('update `tbl_pro...', Array)
#5 /home/revoycom/public_html/vendor/laravel/framework/src/Illuminate/Database/Query/Builder.php(3001): Illuminate\\Database\\Connection->update('update `tbl_pro...', Array)
#6 /home/revoycom/public_html/vendor/laravel/framework/src/Illuminate/Database/Eloquent/Builder.php(919): Illuminate\\Database\\Query\\Builder->update(Array)
#7 /home/revoycom/public_html/vendor/laravel/framework/src/Illuminate/Database/Eloquent/Model.php(1072): Illuminate\\Database\\Eloquent\\Builder->update(Array)
#8 /home/revoycom/public_html/vendor/laravel/framework/src/Illuminate/Database/Eloquent/Model.php(987): Illuminate\\Database\\Eloquent\\Model->performUpdate(Object(Illuminate\\Database\\Eloquent\\Builder))
#9 /home/revoycom/public_html/app/Http/Controllers/AccountController.php(1562): Illuminate\\Database\\Eloquent\\Model->save()
#10 /home/revoycom/public_html/vendor/laravel/framework/src/Illuminate/Routing/Controller.php(54): App\\Http\\Controllers\\AccountController->update_property_images(Object(Illuminate\\Http\\Request))
#11 /home/revoycom/public_html/vendor/laravel/framework/src/Illuminate/Routing/ControllerDispatcher.php(45): Illuminate\\Routing\\Controller->callAction('update_property...', Array)
#12 /home/revoycom/public_html/vendor/laravel/framework/src/Illuminate/Routing/Route.php(262): Illuminate\\Routing\\ControllerDispatcher->dispatch(Object(Illuminate\\Routing\\Route), Object(App\\Http\\Controllers\\AccountController), 'update_property...')
#13 /home/revoycom/public_html/vendor/laravel/framework/src/Illuminate/Routing/Route.php(205): Illuminate\\Routing\\Route->runController()
#14 /home/revoycom/public_html/vendor/laravel/framework/src/Illuminate/Routing/Router.php(695): Illuminate\\Routing\\Route->run()
#15 /home/revoycom/public_html/vendor/laravel/framework/src/Illuminate/Pipeline/Pipeline.php(128): Illuminate\\Routing\\Router->Illuminate\\Routing\\{closure}(Object(Illuminate\\Http\\Request))
#16 /home/revoycom/public_html/app/Http/Middleware/UserAuth.php(24): Illuminate\\Pipeline\\Pipeline->Illuminate\\Pipeline\\{closure}(Object(Illuminate\\Http\\Request))
#17 /home/revoycom/public_html/vendor/laravel/framework/src/Illuminate/Pipeline/Pipeline.php(167): App\\Http\\Middleware\\UserAuth->handle(Object(Illuminate\\Http\\Request), Object(Closure))
#18 /home/revoycom/public_html/vendor/laravel/framework/src/Illuminate/Routing/Middleware/SubstituteBindings.php(50): Illuminate\\Pipeline\\Pipeline->Illuminate\\Pipeline\\{closure}(Object(Illuminate\\Http\\Request))
#19 /home/revoycom/public_html/vendor/laravel/framework/src/Illuminate/Pipeline/Pipeline.php(167): Illuminate\\Routing\\Middleware\\SubstituteBindings->handle(Object(Illuminate\\Http\\Request), Object(Closure))
#20 /home/revoycom/public_html/vendor/laravel/framework/src/Illuminate/Foundation/Http/Middleware/VerifyCsrfToken.php(78): Illuminate\\Pipeline\\Pipeline->Illuminate\\Pipeline\\{closure}(Object(Illuminate\\Http\\Request))
#21 /home/revoycom/public_html/vendor/laravel/framework/src/Illuminate/Pipeline/Pipeline.php(167): Illuminate\\Foundation\\Http\\Middleware\\VerifyCsrfToken->handle(Object(Illuminate\\Http\\Request), Object(Closure))
#22 /home/revoycom/public_html/vendor/laravel/framework/src/Illuminate/View/Middleware/ShareErrorsFromSession.php(49): Illuminate\\Pipeline\\Pipeline->Illuminate\\Pipeline\\{closure}(Object(Illuminate\\Http\\Request))
#23 /home/revoycom/public_html/vendor/laravel/framework/src/Illuminate/Pipeline/Pipeline.php(167): Illuminate\\View\\Middleware\\ShareErrorsFromSession->handle(Object(Illuminate\\Http\\Request), Object(Closure))
#24 /home/revoycom/public_html/vendor/laravel/framework/src/Illuminate/Session/Middleware/StartSession.php(121): Illuminate\\Pipeline\\Pipeline->Illuminate\\Pipeline\\{closure}(Object(Illuminate\\Http\\Request))
#25 /home/revoycom/public_html/vendor/laravel/framework/src/Illuminate/Session/Middleware/StartSession.php(64): Illuminate\\Session\\Middleware\\StartSession->handleStatefulRequest(Object(Illuminate\\Http\\Request), Object(Illuminate\\Session\\Store), Object(Closure))
#26 /home/revoycom/public_html/vendor/laravel/framework/src/Illuminate/Pipeline/Pipeline.php(167): Illuminate\\Session\\Middleware\\StartSession->handle(Object(Illuminate\\Http\\Request), Object(Closure))
#27 /home/revoycom/public_html/vendor/laravel/framework/src/Illuminate/Cookie/Middleware/AddQueuedCookiesToResponse.php(37): Illuminate\\Pipeline\\Pipeline->Illuminate\\Pipeline\\{closure}(Object(Illuminate\\Http\\Request))
#28 /home/revoycom/public_html/vendor/laravel/framework/src/Illuminate/Pipeline/Pipeline.php(167): Illuminate\\Cookie\\Middleware\\AddQueuedCookiesToResponse->handle(Object(Illuminate\\Http\\Request), Object(Closure))
#29 /home/revoycom/public_html/vendor/laravel/framework/src/Illuminate/Cookie/Middleware/EncryptCookies.php(67): Illuminate\\Pipeline\\Pipeline->Illuminate\\Pipeline\\{closure}(Object(Illuminate\\Http\\Request))
#30 /home/revoycom/public_html/vendor/laravel/framework/src/Illuminate/Pipeline/Pipeline.php(167): Illuminate\\Cookie\\Middleware\\EncryptCookies->handle(Object(Illuminate\\Http\\Request), Object(Closure))
#31 /home/revoycom/public_html/vendor/laravel/framework/src/Illuminate/Pipeline/Pipeline.php(103): Illuminate\\Pipeline\\Pipeline->Illuminate\\Pipeline\\{closure}(Object(Illuminate\\Http\\Request))
#32 /home/revoycom/public_html/vendor/laravel/framework/src/Illuminate/Routing/Router.php(697): Illuminate\\Pipeline\\Pipeline->then(Object(Closure))
#33 /home/revoycom/public_html/vendor/laravel/framework/src/Illuminate/Routing/Router.php(672): Illuminate\\Routing\\Router->runRouteWithinStack(Object(Illuminate\\Routing\\Route), Object(Illuminate\\Http\\Request))
#34 /home/revoycom/public_html/vendor/laravel/framework/src/Illuminate/Routing/Router.php(636): Illuminate\\Routing\\Router->runRoute(Object(Illuminate\\Http\\Request), Object(Illuminate\\Routing\\Route))
#35 /home/revoycom/public_html/vendor/laravel/framework/src/Illuminate/Routing/Router.php(625): Illuminate\\Routing\\Router->dispatchToRoute(Object(Illuminate\\Http\\Request))
#36 /home/revoycom/public_html/vendor/laravel/framework/src/Illuminate/Foundation/Http/Kernel.php(167): Illuminate\\Routing\\Router->dispatch(Object(Illuminate\\Http\\Request))
#37 /home/revoycom/public_html/vendor/laravel/framework/src/Illuminate/Pipeline/Pipeline.php(128): Illuminate\\Foundation\\Http\\Kernel->Illuminate\\Foundation\\Http\\{closure}(Object(Illuminate\\Http\\Request))
#38 /home/revoycom/public_html/vendor/laravel/framework/src/Illuminate/Foundation/Http/Middleware/TransformsRequest.php(21): Illuminate\\Pipeline\\Pipeline->Illuminate\\Pipeline\\{closure}(Object(Illuminate\\Http\\Request))
#39 /home/revoycom/public_html/vendor/laravel/framework/src/Illuminate/Foundation/Http/Middleware/ConvertEmptyStringsToNull.php(31): Illuminate\\Foundation\\Http\\Middleware\\TransformsRequest->handle(Object(Illuminate\\Http\\Request), Object(Closure))
#40 /home/revoycom/public_html/vendor/laravel/framework/src/Illuminate/Pipeline/Pipeline.php(167): Illuminate\\Foundation\\Http\\Middleware\\ConvertEmptyStringsToNull->handle(Object(Illuminate\\Http\\Request), Object(Closure))
#41 /home/revoycom/public_html/vendor/laravel/framework/src/Illuminate/Foundation/Http/Middleware/TransformsRequest.php(21): Illuminate\\Pipeline\\Pipeline->Illuminate\\Pipeline\\{closure}(Object(Illuminate\\Http\\Request))
#42 /home/revoycom/public_html/vendor/laravel/framework/src/Illuminate/Foundation/Http/Middleware/TrimStrings.php(40): Illuminate\\Foundation\\Http\\Middleware\\TransformsRequest->handle(Object(Illuminate\\Http\\Request), Object(Closure))
#43 /home/revoycom/public_html/vendor/laravel/framework/src/Illuminate/Pipeline/Pipeline.php(167): Illuminate\\Foundation\\Http\\Middleware\\TrimStrings->handle(Object(Illuminate\\Http\\Request), Object(Closure))
#44 /home/revoycom/public_html/vendor/laravel/framework/src/Illuminate/Foundation/Http/Middleware/ValidatePostSize.php(27): Illuminate\\Pipeline\\Pipeline->Illuminate\\Pipeline\\{closure}(Object(Illuminate\\Http\\Request))
#45 /home/revoycom/public_html/vendor/laravel/framework/src/Illuminate/Pipeline/Pipeline.php(167): Illuminate\\Foundation\\Http\\Middleware\\ValidatePostSize->handle(Object(Illuminate\\Http\\Request), Object(Closure))
#46 /home/revoycom/public_html/vendor/laravel/framework/src/Illuminate/Foundation/Http/Middleware/PreventRequestsDuringMaintenance.php(86): Illuminate\\Pipeline\\Pipeline->Illuminate\\Pipeline\\{closure}(Object(Illuminate\\Http\\Request))
#47 /home/revoycom/public_html/vendor/laravel/framework/src/Illuminate/Pipeline/Pipeline.php(167): Illuminate\\Foundation\\Http\\Middleware\\PreventRequestsDuringMaintenance->handle(Object(Illuminate\\Http\\Request), Object(Closure))
#48 /home/revoycom/public_html/vendor/fruitcake/laravel-cors/src/HandleCors.php(38): Illuminate\\Pipeline\\Pipeline->Illuminate\\Pipeline\\{closure}(Object(Illuminate\\Http\\Request))
#49 /home/revoycom/public_html/vendor/laravel/framework/src/Illuminate/Pipeline/Pipeline.php(167): Fruitcake\\Cors\\HandleCors->handle(Object(Illuminate\\Http\\Request), Object(Closure))
#50 /home/revoycom/public_html/vendor/fideloper/proxy/src/TrustProxies.php(57): Illuminate\\Pipeline\\Pipeline->Illuminate\\Pipeline\\{closure}(Object(Illuminate\\Http\\Request))
#51 /home/revoycom/public_html/vendor/laravel/framework/src/Illuminate/Pipeline/Pipeline.php(167): Fideloper\\Proxy\\TrustProxies->handle(Object(Illuminate\\Http\\Request), Object(Closure))
#52 /home/revoycom/public_html/vendor/laravel/framework/src/Illuminate/Pipeline/Pipeline.php(103): Illuminate\\Pipeline\\Pipeline->Illuminate\\Pipeline\\{closure}(Object(Illuminate\\Http\\Request))
#53 /home/revoycom/public_html/vendor/laravel/framework/src/Illuminate/Foundation/Http/Kernel.php(142): Illuminate\\Pipeline\\Pipeline->then(Object(Closure))
#54 /home/revoycom/public_html/vendor/laravel/framework/src/Illuminate/Foundation/Http/Kernel.php(111): Illuminate\\Foundation\\Http\\Kernel->sendRequestThroughRouter(Object(Illuminate\\Http\\Request))
#55 /home/revoycom/public_html/index.php(52): Illuminate\\Foundation\\Http\\Kernel->handle(Object(Illuminate\\Http\\Request))
#56 {main}
"} 
[2026-06-08 03:43:40] local.ERROR: SQLSTATE[42000]: Syntax error or access violation: 1064 You have an error in your SQL syntax; check the manual that corresponds to your MariaDB server version for the right syntax to use near 'and (`suburb` LIKE ? or `street_address` LIKE ? or `name` LIKE ? or `full_con...' at line 1 (SQL: select count(*) as aggregate from `tbl_property` where status = 'Yes'  AND admin_status = 'Yes'  AND category_id =    and (`suburb` LIKE %Search% or `street_address` LIKE %Search% or `name` LIKE %Search% or `full_contents` LIKE %Search% or `street_address` LIKE %Search% or `address_unit` LIKE %Search%)) {"exception":"[object] (Illuminate\\Database\\QueryException(code: 42000): SQLSTATE[42000]: Syntax error or access violation: 1064 You have an error in your SQL syntax; check the manual that corresponds to your MariaDB server version for the right syntax to use near 'and (`suburb` LIKE ? or `street_address` LIKE ? or `name` LIKE ? or `full_con...' at line 1 (SQL: select count(*) as aggregate from `tbl_property` where status = 'Yes'  AND admin_status = 'Yes'  AND category_id =    and (`suburb` LIKE %Search% or `street_address` LIKE %Search% or `name` LIKE %Search% or `full_contents` LIKE %Search% or `street_address` LIKE %Search% or `address_unit` LIKE %Search%)) at /home/revoycom/public_html/vendor/laravel/framework/src/Illuminate/Database/Connection.php:703)
[stacktrace]
#0 /home/revoycom/public_html/vendor/laravel/framework/src/Illuminate/Database/Connection.php(663): Illuminate\\Database\\Connection->runQueryCallback('select count(*)...', Array, Object(Closure))
#1 /home/revoycom/public_html/vendor/laravel/framework/src/Illuminate/Database/Connection.php(367): Illuminate\\Database\\Connection->run('select count(*)...', Array, Object(Closure))
#2 /home/revoycom/public_html/vendor/laravel/framework/src/Illuminate/Database/Query/Builder.php(2352): Illuminate\\Database\\Connection->select('select count(*)...', Array, true)
#3 /home/revoycom/public_html/vendor/laravel/framework/src/Illuminate/Database/Query/Builder.php(2340): Illuminate\\Database\\Query\\Builder->runSelect()
#4 /home/revoycom/public_html/vendor/laravel/framework/src/Illuminate/Database/Query/Builder.php(2874): Illuminate\\Database\\Query\\Builder->Illuminate\\Database\\Query\\{closure}()
#5 /home/revoycom/public_html/vendor/laravel/framework/src/Illuminate/Database/Query/Builder.php(2341): Illuminate\\Database\\Query\\Builder->onceWithColumns(Array, Object(Closure))
#6 /home/revoycom/public_html/vendor/laravel/framework/src/Illuminate/Database/Query/Builder.php(2801): Illuminate\\Database\\Query\\Builder->get(Array)
#7 /home/revoycom/public_html/vendor/laravel/framework/src/Illuminate/Database/Query/Builder.php(2729): Illuminate\\Database\\Query\\Builder->aggregate('count', Array)
#8 /home/revoycom/public_html/vendor/laravel/framework/src/Illuminate/Database/Eloquent/Builder.php(1655): Illuminate\\Database\\Query\\Builder->count()
#9 /home/revoycom/public_html/app/Http/Controllers/CommonController.php(1617): Illuminate\\Database\\Eloquent\\Builder->__call('count', Array)
#10 /home/revoycom/public_html/vendor/laravel/framework/src/Illuminate/Routing/Controller.php(54): App\\Http\\Controllers\\CommonController->load_property(Object(Illuminate\\Http\\Request))
#11 /home/revoycom/public_html/vendor/laravel/framework/src/Illuminate/Routing/ControllerDispatcher.php(45): Illuminate\\Routing\\Controller->callAction('load_property', Array)
#12 /home/revoycom/public_html/vendor/laravel/framework/src/Illuminate/Routing/Route.php(262): Illuminate\\Routing\\ControllerDispatcher->dispatch(Object(Illuminate\\Routing\\Route), Object(App\\Http\\Controllers\\CommonController), 'load_property')
#13 /home/revoycom/public_html/vendor/laravel/framework/src/Illuminate/Routing/Route.php(205): Illuminate\\Routing\\Route->runController()
#14 /home/revoycom/public_html/vendor/laravel/framework/src/Illuminate/Routing/Router.php(695): Illuminate\\Routing\\Route->run()
#15 /home/revoycom/public_html/vendor/laravel/framework/src/Illuminate/Pipeline/Pipeline.php(128): Illuminate\\Routing\\Router->Illuminate\\Routing\\{closure}(Object(Illuminate\\Http\\Request))
#16 /home/revoycom/public_html/app/Http/Middleware/RedirectIfAuthenticated.php(29): Illuminate\\Pipeline\\Pipeline->Illuminate\\Pipeline\\{closure}(Object(Illuminate\\Http\\Request))
#17 /home/revoycom/public_html/vendor/laravel/framework/src/Illuminate/Pipeline/Pipeline.php(167): App\\Http\\Middleware\\RedirectIfAuthenticated->handle(Object(Illuminate\\Http\\Request), Object(Closure))
#18 /home/revoycom/public_html/vendor/laravel/framework/src/Illuminate/Routing/Middleware/SubstituteBindings.php(50): Illuminate\\Pipeline\\Pipeline->Illuminate\\Pipeline\\{closure}(Object(Illuminate\\Http\\Request))
#19 /home/revoycom/public_html/vendor/laravel/framework/src/Illuminate/Pipeline/Pipeline.php(167): Illuminate\\Routing\\Middleware\\SubstituteBindings->handle(Object(Illuminate\\Http\\Request), Object(Closure))
#20 /home/revoycom/public_html/vendor/laravel/framework/src/Illuminate/Foundation/Http/Middleware/VerifyCsrfToken.php(78): Illuminate\\Pipeline\\Pipeline->Illuminate\\Pipeline\\{closure}(Object(Illuminate\\Http\\Request))
#21 /home/revoycom/public_html/vendor/laravel/framework/src/Illuminate/Pipeline/Pipeline.php(167): Illuminate\\Foundation\\Http\\Middleware\\VerifyCsrfToken->handle(Object(Illuminate\\Http\\Request), Object(Closure))
#22 /home/revoycom/public_html/vendor/laravel/framework/src/Illuminate/View/Middleware/ShareErrorsFromSession.php(49): Illuminate\\Pipeline\\Pipeline->Illuminate\\Pipeline\\{closure}(Object(Illuminate\\Http\\Request))
#23 /home/revoycom/public_html/vendor/laravel/framework/src/Illuminate/Pipeline/Pipeline.php(167): Illuminate\\View\\Middleware\\ShareErrorsFromSession->handle(Object(Illuminate\\Http\\Request), Object(Closure))
#24 /home/revoycom/public_html/vendor/laravel/framework/src/Illuminate/Session/Middleware/StartSession.php(121): Illuminate\\Pipeline\\Pipeline->Illuminate\\Pipeline\\{closure}(Object(Illuminate\\Http\\Request))
#25 /home/revoycom/public_html/vendor/laravel/framework/src/Illuminate/Session/Middleware/StartSession.php(64): Illuminate\\Session\\Middleware\\StartSession->handleStatefulRequest(Object(Illuminate\\Http\\Request), Object(Illuminate\\Session\\Store), Object(Closure))
#26 /home/revoycom/public_html/vendor/laravel/framework/src/Illuminate/Pipeline/Pipeline.php(167): Illuminate\\Session\\Middleware\\StartSession->handle(Object(Illuminate\\Http\\Request), Object(Closure))
#27 /home/revoycom/public_html/vendor/laravel/framework/src/Illuminate/Cookie/Middleware/AddQueuedCookiesToResponse.php(37): Illuminate\\Pipeline\\Pipeline->Illuminate\\Pipeline\\{closure}(Object(Illuminate\\Http\\Request))
#28 /home/revoycom/public_html/vendor/laravel/framework/src/Illuminate/Pipeline/Pipeline.php(167): Illuminate\\Cookie\\Middleware\\AddQueuedCookiesToResponse->handle(Object(Illuminate\\Http\\Request), Object(Closure))
#29 /home/revoycom/public_html/vendor/laravel/framework/src/Illuminate/Cookie/Middleware/EncryptCookies.php(67): Illuminate\\Pipeline\\Pipeline->Illuminate\\Pipeline\\{closure}(Object(Illuminate\\Http\\Request))
#30 /home/revoycom/public_html/vendor/laravel/framework/src/Illuminate/Pipeline/Pipeline.php(167): Illuminate\\Cookie\\Middleware\\EncryptCookies->handle(Object(Illuminate\\Http\\Request), Object(Closure))
#31 /home/revoycom/public_html/vendor/laravel/framework/src/Illuminate/Pipeline/Pipeline.php(103): Illuminate\\Pipeline\\Pipeline->Illuminate\\Pipeline\\{closure}(Object(Illuminate\\Http\\Request))
#32 /home/revoycom/public_html/vendor/laravel/framework/src/Illuminate/Routing/Router.php(697): Illuminate\\Pipeline\\Pipeline->then(Object(Closure))
#33 /home/revoycom/public_html/vendor/laravel/framework/src/Illuminate/Routing/Router.php(672): Illuminate\\Routing\\Router->runRouteWithinStack(Object(Illuminate\\Routing\\Route), Object(Illuminate\\Http\\Request))
#34 /home/revoycom/public_html/vendor/laravel/framework/src/Illuminate/Routing/Router.php(636): Illuminate\\Routing\\Router->runRoute(Object(Illuminate\\Http\\Request), Object(Illuminate\\Routing\\Route))
#35 /home/revoycom/public_html/vendor/laravel/framework/src/Illuminate/Routing/Router.php(625): Illuminate\\Routing\\Router->dispatchToRoute(Object(Illuminate\\Http\\Request))
#36 /home/revoycom/public_html/vendor/laravel/framework/src/Illuminate/Foundation/Http/Kernel.php(167): Illuminate\\Routing\\Router->dispatch(Object(Illuminate\\Http\\Request))
#37 /home/revoycom/public_html/vendor/laravel/framework/src/Illuminate/Pipeline/Pipeline.php(128): Illuminate\\Foundation\\Http\\Kernel->Illuminate\\Foundation\\Http\\{closure}(Object(Illuminate\\Http\\Request))
#38 /home/revoycom/public_html/vendor/laravel/framework/src/Illuminate/Foundation/Http/Middleware/TransformsRequest.php(21): Illuminate\\Pipeline\\Pipeline->Illuminate\\Pipeline\\{closure}(Object(Illuminate\\Http\\Request))
#39 /home/revoycom/public_html/vendor/laravel/framework/src/Illuminate/Foundation/Http/Middleware/ConvertEmptyStringsToNull.php(31): Illuminate\\Foundation\\Http\\Middleware\\TransformsRequest->handle(Object(Illuminate\\Http\\Request), Object(Closure))
#40 /home/revoycom/public_html/vendor/laravel/framework/src/Illuminate/Pipeline/Pipeline.php(167): Illuminate\\Foundation\\Http\\Middleware\\ConvertEmptyStringsToNull->handle(Object(Illuminate\\Http\\Request), Object(Closure))
#41 /home/revoycom/public_html/vendor/laravel/framework/src/Illuminate/Foundation/Http/Middleware/TransformsRequest.php(21): Illuminate\\Pipeline\\Pipeline->Illuminate\\Pipeline\\{closure}(Object(Illuminate\\Http\\Request))
#42 /home/revoycom/public_html/vendor/laravel/framework/src/Illuminate/Foundation/Http/Middleware/TrimStrings.php(40): Illuminate\\Foundation\\Http\\Middleware\\TransformsRequest->handle(Object(Illuminate\\Http\\Request), Object(Closure))
#43 /home/revoycom/public_html/vendor/laravel/framework/src/Illuminate/Pipeline/Pipeline.php(167): Illuminate\\Foundation\\Http\\Middleware\\TrimStrings->handle(Object(Illuminate\\Http\\Request), Object(Closure))
#44 /home/revoycom/public_html/vendor/laravel/framework/src/Illuminate/Foundation/Http/Middleware/ValidatePostSize.php(27): Illuminate\\Pipeline\\Pipeline->Illuminate\\Pipeline\\{closure}(Object(Illuminate\\Http\\Request))
#45 /home/revoycom/public_html/vendor/laravel/framework/src/Illuminate/Pipeline/Pipeline.php(167): Illuminate\\Foundation\\Http\\Middleware\\ValidatePostSize->handle(Object(Illuminate\\Http\\Request), Object(Closure))
#46 /home/revoycom/public_html/vendor/laravel/framework/src/Illuminate/Foundation/Http/Middleware/PreventRequestsDuringMaintenance.php(86): Illuminate\\Pipeline\\Pipeline->Illuminate\\Pipeline\\{closure}(Object(Illuminate\\Http\\Request))
#47 /home/revoycom/public_html/vendor/laravel/framework/src/Illuminate/Pipeline/Pipeline.php(167): Illuminate\\Foundation\\Http\\Middleware\\PreventRequestsDuringMaintenance->handle(Object(Illuminate\\Http\\Request), Object(Closure))
#48 /home/revoycom/public_html/vendor/fruitcake/laravel-cors/src/HandleCors.php(38): Illuminate\\Pipeline\\Pipeline->Illuminate\\Pipeline\\{closure}(Object(Illuminate\\Http\\Request))
#49 /home/revoycom/public_html/vendor/laravel/framework/src/Illuminate/Pipeline/Pipeline.php(167): Fruitcake\\Cors\\HandleCors->handle(Object(Illuminate\\Http\\Request), Object(Closure))
#50 /home/revoycom/public_html/vendor/fideloper/proxy/src/TrustProxies.php(57): Illuminate\\Pipeline\\Pipeline->Illuminate\\Pipeline\\{closure}(Object(Illuminate\\Http\\Request))
#51 /home/revoycom/public_html/vendor/laravel/framework/src/Illuminate/Pipeline/Pipeline.php(167): Fideloper\\Proxy\\TrustProxies->handle(Object(Illuminate\\Http\\Request), Object(Closure))
#52 /home/revoycom/public_html/vendor/laravel/framework/src/Illuminate/Pipeline/Pipeline.php(103): Illuminate\\Pipeline\\Pipeline->Illuminate\\Pipeline\\{closure}(Object(Illuminate\\Http\\Request))
#53 /home/revoycom/public_html/vendor/laravel/framework/src/Illuminate/Foundation/Http/Kernel.php(142): Illuminate\\Pipeline\\Pipeline->then(Object(Closure))
#54 /home/revoycom/public_html/vendor/laravel/framework/src/Illuminate/Foundation/Http/Kernel.php(111): Illuminate\\Foundation\\Http\\Kernel->sendRequestThroughRouter(Object(Illuminate\\Http\\Request))
#55 /home/revoycom/public_html/index.php(52): Illuminate\\Foundation\\Http\\Kernel->handle(Object(Illuminate\\Http\\Request))
#56 {main}

[previous exception] [object] (PDOException(code: 42000): SQLSTATE[42000]: Syntax error or access violation: 1064 You have an error in your SQL syntax; check the manual that corresponds to your MariaDB server version for the right syntax to use near 'and (`suburb` LIKE ? or `street_address` LIKE ? or `name` LIKE ? or `full_con...' at line 1 at /home/revoycom/public_html/vendor/laravel/framework/src/Illuminate/Database/Connection.php:359)
[stacktrace]
#0 /home/revoycom/public_html/vendor/laravel/framework/src/Illuminate/Database/Connection.php(359): PDO->prepare('select count(*)...')
#1 /home/revoycom/public_html/vendor/laravel/framework/src/Illuminate/Database/Connection.php(696): Illuminate\\Database\\Connection->Illuminate\\Database\\{closure}('select count(*)...', Array)
#2 /home/revoycom/public_html/vendor/laravel/framework/src/Illuminate/Database/Connection.php(663): Illuminate\\Database\\Connection->runQueryCallback('select count(*)...', Array, Object(Closure))
#3 /home/revoycom/public_html/vendor/laravel/framework/src/Illuminate/Database/Connection.php(367): Illuminate\\Database\\Connection->run('select count(*)...', Array, Object(Closure))
#4 /home/revoycom/public_html/vendor/laravel/framework/src/Illuminate/Database/Query/Builder.php(2352): Illuminate\\Database\\Connection->select('select count(*)...', Array, true)
#5 /home/revoycom/public_html/vendor/laravel/framework/src/Illuminate/Database/Query/Builder.php(2340): Illuminate\\Database\\Query\\Builder->runSelect()
#6 /home/revoycom/public_html/vendor/laravel/framework/src/Illuminate/Database/Query/Builder.php(2874): Illuminate\\Database\\Query\\Builder->Illuminate\\Database\\Query\\{closure}()
#7 /home/revoycom/public_html/vendor/laravel/framework/src/Illuminate/Database/Query/Builder.php(2341): Illuminate\\Database\\Query\\Builder->onceWithColumns(Array, Object(Closure))
#8 /home/revoycom/public_html/vendor/laravel/framework/src/Illuminate/Database/Query/Builder.php(2801): Illuminate\\Database\\Query\\Builder->get(Array)
#9 /home/revoycom/public_html/vendor/laravel/framework/src/Illuminate/Database/Query/Builder.php(2729): Illuminate\\Database\\Query\\Builder->aggregate('count', Array)
#10 /home/revoycom/public_html/vendor/laravel/framework/src/Illuminate/Database/Eloquent/Builder.php(1655): Illuminate\\Database\\Query\\Builder->count()
#11 /home/revoycom/public_html/app/Http/Controllers/CommonController.php(1617): Illuminate\\Database\\Eloquent\\Builder->__call('count', Array)
#12 /home/revoycom/public_html/vendor/laravel/framework/src/Illuminate/Routing/Controller.php(54): App\\Http\\Controllers\\CommonController->load_property(Object(Illuminate\\Http\\Request))
#13 /home/revoycom/public_html/vendor/laravel/framework/src/Illuminate/Routing/ControllerDispatcher.php(45): Illuminate\\Routing\\Controller->callAction('load_property', Array)
#14 /home/revoycom/public_html/vendor/laravel/framework/src/Illuminate/Routing/Route.php(262): Illuminate\\Routing\\ControllerDispatcher->dispatch(Object(Illuminate\\Routing\\Route), Object(App\\Http\\Controllers\\CommonController), 'load_property')
#15 /home/revoycom/public_html/vendor/laravel/framework/src/Illuminate/Routing/Route.php(205): Illuminate\\Routing\\Route->runController()
#16 /home/revoycom/public_html/vendor/laravel/framework/src/Illuminate/Routing/Router.php(695): Illuminate\\Routing\\Route->run()
#17 /home/revoycom/public_html/vendor/laravel/framework/src/Illuminate/Pipeline/Pipeline.php(128): Illuminate\\Routing\\Router->Illuminate\\Routing\\{closure}(Object(Illuminate\\Http\\Request))
#18 /home/revoycom/public_html/app/Http/Middleware/RedirectIfAuthenticated.php(29): Illuminate\\Pipeline\\Pipeline->Illuminate\\Pipeline\\{closure}(Object(Illuminate\\Http\\Request))
#19 /home/revoycom/public_html/vendor/laravel/framework/src/Illuminate/Pipeline/Pipeline.php(167): App\\Http\\Middleware\\RedirectIfAuthenticated->handle(Object(Illuminate\\Http\\Request), Object(Closure))
#20 /home/revoycom/public_html/vendor/laravel/framework/src/Illuminate/Routing/Middleware/SubstituteBindings.php(50): Illuminate\\Pipeline\\Pipeline->Illuminate\\Pipeline\\{closure}(Object(Illuminate\\Http\\Request))
#21 /home/revoycom/public_html/vendor/laravel/framework/src/Illuminate/Pipeline/Pipeline.php(167): Illuminate\\Routing\\Middleware\\SubstituteBindings->handle(Object(Illuminate\\Http\\Request), Object(Closure))
#22 /home/revoycom/public_html/vendor/laravel/framework/src/Illuminate/Foundation/Http/Middleware/VerifyCsrfToken.php(78): Illuminate\\Pipeline\\Pipeline->Illuminate\\Pipeline\\{closure}(Object(Illuminate\\Http\\Request))
#23 /home/revoycom/public_html/vendor/laravel/framework/src/Illuminate/Pipeline/Pipeline.php(167): Illuminate\\Foundation\\Http\\Middleware\\VerifyCsrfToken->handle(Object(Illuminate\\Http\\Request), Object(Closure))
#24 /home/revoycom/public_html/vendor/laravel/framework/src/Illuminate/View/Middleware/ShareErrorsFromSession.php(49): Illuminate\\Pipeline\\Pipeline->Illuminate\\Pipeline\\{closure}(Object(Illuminate\\Http\\Request))
#25 /home/revoycom/public_html/vendor/laravel/framework/src/Illuminate/Pipeline/Pipeline.php(167): Illuminate\\View\\Middleware\\ShareErrorsFromSession->handle(Object(Illuminate\\Http\\Request), Object(Closure))
#26 /home/revoycom/public_html/vendor/laravel/framework/src/Illuminate/Session/Middleware/StartSession.php(121): Illuminate\\Pipeline\\Pipeline->Illuminate\\Pipeline\\{closure}(Object(Illuminate\\Http\\Request))
#27 /home/revoycom/public_html/vendor/laravel/framework/src/Illuminate/Session/Middleware/StartSession.php(64): Illuminate\\Session\\Middleware\\StartSession->handleStatefulRequest(Object(Illuminate\\Http\\Request), Object(Illuminate\\Session\\Store), Object(Closure))
#28 /home/revoycom/public_html/vendor/laravel/framework/src/Illuminate/Pipeline/Pipeline.php(167): Illuminate\\Session\\Middleware\\StartSession->handle(Object(Illuminate\\Http\\Request), Object(Closure))
#29 /home/revoycom/public_html/vendor/laravel/framework/src/Illuminate/Cookie/Middleware/AddQueuedCookiesToResponse.php(37): Illuminate\\Pipeline\\Pipeline->Illuminate\\Pipeline\\{closure}(Object(Illuminate\\Http\\Request))
#30 /home/revoycom/public_html/vendor/laravel/framework/src/Illuminate/Pipeline/Pipeline.php(167): Illuminate\\Cookie\\Middleware\\AddQueuedCookiesToResponse->handle(Object(Illuminate\\Http\\Request), Object(Closure))
#31 /home/revoycom/public_html/vendor/laravel/framework/src/Illuminate/Cookie/Middleware/EncryptCookies.php(67): Illuminate\\Pipeline\\Pipeline->Illuminate\\Pipeline\\{closure}(Object(Illuminate\\Http\\Request))
#32 /home/revoycom/public_html/vendor/laravel/framework/src/Illuminate/Pipeline/Pipeline.php(167): Illuminate\\Cookie\\Middleware\\EncryptCookies->handle(Object(Illuminate\\Http\\Request), Object(Closure))
#33 /home/revoycom/public_html/vendor/laravel/framework/src/Illuminate/Pipeline/Pipeline.php(103): Illuminate\\Pipeline\\Pipeline->Illuminate\\Pipeline\\{closure}(Object(Illuminate\\Http\\Request))
#34 /home/revoycom/public_html/vendor/laravel/framework/src/Illuminate/Routing/Router.php(697): Illuminate\\Pipeline\\Pipeline->then(Object(Closure))
#35 /home/revoycom/public_html/vendor/laravel/framework/src/Illuminate/Routing/Router.php(672): Illuminate\\Routing\\Router->runRouteWithinStack(Object(Illuminate\\Routing\\Route), Object(Illuminate\\Http\\Request))
#36 /home/revoycom/public_html/vendor/laravel/framework/src/Illuminate/Routing/Router.php(636): Illuminate\\Routing\\Router->runRoute(Object(Illuminate\\Http\\Request), Object(Illuminate\\Routing\\Route))
#37 /home/revoycom/public_html/vendor/laravel/framework/src/Illuminate/Routing/Router.php(625): Illuminate\\Routing\\Router->dispatchToRoute(Object(Illuminate\\Http\\Request))
#38 /home/revoycom/public_html/vendor/laravel/framework/src/Illuminate/Foundation/Http/Kernel.php(167): Illuminate\\Routing\\Router->dispatch(Object(Illuminate\\Http\\Request))
#39 /home/revoycom/public_html/vendor/laravel/framework/src/Illuminate/Pipeline/Pipeline.php(128): Illuminate\\Foundation\\Http\\Kernel->Illuminate\\Foundation\\Http\\{closure}(Object(Illuminate\\Http\\Request))
#40 /home/revoycom/public_html/vendor/laravel/framework/src/Illuminate/Foundation/Http/Middleware/TransformsRequest.php(21): Illuminate\\Pipeline\\Pipeline->Illuminate\\Pipeline\\{closure}(Object(Illuminate\\Http\\Request))
#41 /home/revoycom/public_html/vendor/laravel/framework/src/Illuminate/Foundation/Http/Middleware/ConvertEmptyStringsToNull.php(31): Illuminate\\Foundation\\Http\\Middleware\\TransformsRequest->handle(Object(Illuminate\\Http\\Request), Object(Closure))
#42 /home/revoycom/public_html/vendor/laravel/framework/src/Illuminate/Pipeline/Pipeline.php(167): Illuminate\\Foundation\\Http\\Middleware\\ConvertEmptyStringsToNull->handle(Object(Illuminate\\Http\\Request), Object(Closure))
#43 /home/revoycom/public_html/vendor/laravel/framework/src/Illuminate/Foundation/Http/Middleware/TransformsRequest.php(21): Illuminate\\Pipeline\\Pipeline->Illuminate\\Pipeline\\{closure}(Object(Illuminate\\Http\\Request))
#44 /home/revoycom/public_html/vendor/laravel/framework/src/Illuminate/Foundation/Http/Middleware/TrimStrings.php(40): Illuminate\\Foundation\\Http\\Middleware\\TransformsRequest->handle(Object(Illuminate\\Http\\Request), Object(Closure))
#45 /home/revoycom/public_html/vendor/laravel/framework/src/Illuminate/Pipeline/Pipeline.php(167): Illuminate\\Foundation\\Http\\Middleware\\TrimStrings->handle(Object(Illuminate\\Http\\Request), Object(Closure))
#46 /home/revoycom/public_html/vendor/laravel/framework/src/Illuminate/Foundation/Http/Middleware/ValidatePostSize.php(27): Illuminate\\Pipeline\\Pipeline->Illuminate\\Pipeline\\{closure}(Object(Illuminate\\Http\\Request))
#47 /home/revoycom/public_html/vendor/laravel/framework/src/Illuminate/Pipeline/Pipeline.php(167): Illuminate\\Foundation\\Http\\Middleware\\ValidatePostSize->handle(Object(Illuminate\\Http\\Request), Object(Closure))
#48 /home/revoycom/public_html/vendor/laravel/framework/src/Illuminate/Foundation/Http/Middleware/PreventRequestsDuringMaintenance.php(86): Illuminate\\Pipeline\\Pipeline->Illuminate\\Pipeline\\{closure}(Object(Illuminate\\Http\\Request))
#49 /home/revoycom/public_html/vendor/laravel/framework/src/Illuminate/Pipeline/Pipeline.php(167): Illuminate\\Foundation\\Http\\Middleware\\PreventRequestsDuringMaintenance->handle(Object(Illuminate\\Http\\Request), Object(Closure))
#50 /home/revoycom/public_html/vendor/fruitcake/laravel-cors/src/HandleCors.php(38): Illuminate\\Pipeline\\Pipeline->Illuminate\\Pipeline\\{closure}(Object(Illuminate\\Http\\Request))
#51 /home/revoycom/public_html/vendor/laravel/framework/src/Illuminate/Pipeline/Pipeline.php(167): Fruitcake\\Cors\\HandleCors->handle(Object(Illuminate\\Http\\Request), Object(Closure))
#52 /home/revoycom/public_html/vendor/fideloper/proxy/src/TrustProxies.php(57): Illuminate\\Pipeline\\Pipeline->Illuminate\\Pipeline\\{closure}(Object(Illuminate\\Http\\Request))
#53 /home/revoycom/public_html/vendor/laravel/framework/src/Illuminate/Pipeline/Pipeline.php(167): Fideloper\\Proxy\\TrustProxies->handle(Object(Illuminate\\Http\\Request), Object(Closure))
#54 /home/revoycom/public_html/vendor/laravel/framework/src/Illuminate/Pipeline/Pipeline.php(103): Illuminate\\Pipeline\\Pipeline->Illuminate\\Pipeline\\{closure}(Object(Illuminate\\Http\\Request))
#55 /home/revoycom/public_html/vendor/laravel/framework/src/Illuminate/Foundation/Http/Kernel.php(142): Illuminate\\Pipeline\\Pipeline->then(Object(Closure))
#56 /home/revoycom/public_html/vendor/laravel/framework/src/Illuminate/Foundation/Http/Kernel.php(111): Illuminate\\Foundation\\Http\\Kernel->sendRequestThroughRouter(Object(Illuminate\\Http\\Request))
#57 /home/revoycom/public_html/index.php(52): Illuminate\\Foundation\\Http\\Kernel->handle(Object(Illuminate\\Http\\Request))
#58 {main}
"} 
[2026-06-08 04:00:08] local.ERROR: SQLSTATE[22007]: Invalid datetime format: 1366 Incorrect string value: '\xF0\x9F\x94\xA5Ac...' for column `revoycom_dbrevoy25`.`tbl_property`.`full_contents` at row 1 (SQL: update `tbl_property` set `name` = Affordable Home ownership | South Ripley QLD 4306, `slug` = affordable-home-ownership-south-ripley-qld-4306, `image` = 25924_main-view-(3).png, `full_contents` = Property Description



Discover modern, low-maintenance living in the thriving community of South Ripley. Perfectly suited for first-home buyers, investors, and growing families, this brand-new single-storey home combines practical design, quality finishes, and everyday comfort.



Designed with affordability and functionality in mind, the home offers a bright open-plan layout featuring a contemporary kitchen, spacious living and dining area, comfortable bedrooms, modern bathrooms, and a secure single-car garage. Neutral colour palettes and abundant natural light create a welcoming atmosphere throughout, while the easy-care landscaping ensures more time enjoying your home and less time maintaining it.



Located within one of South East Queensland's fastest-growing residential communities, this home presents an outstanding opportunity to secure a quality property in a highly sought-after location.



Key Features



* Brand new single-storey home

* Modern brick veneer construction

* 3 generous bedrooms

* Master bedroom with built-in robe

* 2 stylish bathrooms

* Open-plan living and dining area

* Modern kitchen with quality appliances

* Single lock-up garage with internal access

* Fully fenced backyard

* Low-maintenance landscaping

* Energy-efficient design



Other Features



* LED downlights throughout

* Durable flooring to living areas

* Quality carpet to bedrooms

* Roller blinds throughout

* Modern colour scheme

* NBN-ready connectivity

* Smoke alarms installed

* Water-efficient fixtures

* Security screens (where applicable)

* Ample storage solutions



Home Design



This thoughtfully designed home maximises space and functionality within a compact footprint. The open-plan living, dining, and kitchen area forms the heart of the home, providing a seamless environment for everyday living and entertaining. The master bedroom is privately positioned and complemented by a built-in robe and ensuite, while the additional bedrooms are serviced by a contemporary family bathroom.



The practical floorplan offers excellent flow between indoor and outdoor spaces, making it ideal for modern Australian lifestyles.



Home Inclusions



* Modern kitchen with laminate benchtops

* White cabinetry and tiled splashback

* Stainless steel appliances

* Walk-in shower to bathrooms

* Contemporary vanities and tapware

* Built-in wardrobes

* Quality floor coverings throughout

* Colorbond roof

* Concrete driveway

* Turf and basic landscaping package

* Fencing package included

* Letterbox and clothesline

* Flyscreens to windows



Location Highlights



* Approximately 10 minutes to Ripley Town Centre

* Approximately 15 minutes to Orion Springfield Central

* Easy access to the Centenary Highway

* Close to local schools and childcare centres

* Nearby parks, playgrounds, and sporting facilities

* Convenient access to public transport

* Surrounded by walking and cycling pathways

* Close to future shopping and community infrastructure

* Approximately 40 minutes to Brisbane CBD

* Approximately 60 minutes to the Gold Coast



Why You'll Love South Ripley QLD 4306



South Ripley is one of South East Queensland's most exciting and rapidly growing master-planned communities. Known for its family-friendly atmosphere, modern infrastructure, and strong growth potential, the suburb offers the perfect balance of lifestyle and convenience.



Residents enjoy access to quality schools, parks, sporting facilities, shopping centres, and public transport, all while being surrounded by beautiful green spaces. With significant ongoing investment in the area and strong population growth, South Ripley continues to attract homeowners and investors seeking long-term value and an exceptional quality of life.



Whether you're purchasing your first home, upgrading your lifestyle, or expanding your investment portfolio, South Ripley offers a fantastic opportunity to be part of a vibrant and growing community.



🔥Act Fast – Limited Availability



Opportunities like this don’t last long. Withhigh inquiry levels and strong buyer demand, these packages are expected to move quickly.



📞Secure now or register your interest today to avoid missing out.





— hello@thepropertyrealtors.com.au



— 1300 821 614



— 150 George Street, Parramatta NSW 2150



Disclaimer:



The Property Realtors provides this information as a general guide only and does not constitute financial, legal, property, or investment advice. All information has been prepared in good faith and is believed to be accurate at the time of publication; however, no warranty or representation is made as to its accuracy, completeness, or reliability. The Property Realtors accepts no liability for any loss or damage (including indirect or consequential loss) arising from reliance on this information.



All images, photographs, floor plans, and illustrations are for marketing and illustrative purposes only and may include fixtures, finishes, landscaping, stock photos, artist impressions, or virtual staging that do not reflect the actual property. Any attached floor plan is indicative only and may be subject to change without notice. Property details, pricing, availability, inclusions, specifications, and timelines are subject to change without notice. The Property Realtors does not guarantee that any property advertised is currently available, constructed, or will be constructed as described.



Interested parties must rely on their own independent inquiries and should verify all information with relevant third parties, including builders, developers, and authorities. Buyers are strongly encouraged to obtain independent legal, financial, and professional advice before proceeding.



The Property Realtors makes no representations or guarantees regarding eligibility, compliance, or approval for NDIS, SDA, or accessibility requirements. Prospective purchasers must independently verify any such requirements, certifications, or approvals.



Buyers are encouraged to review current plans, specifications, and conduct physical inspections where possible prior to purchase. The Property Realtors acts solely as a marketing agent and does not warrant the performance or workmanship of any third-party builder or developer., `tbl_property`.`updated_at` = 2026-06-08 04:00:08 where `id` = 642) {"exception":"[object] (Illuminate\\Database\\QueryException(code: 22007): SQLSTATE[22007]: Invalid datetime format: 1366 Incorrect string value: '\\xF0\\x9F\\x94\\xA5Ac...' for column `revoycom_dbrevoy25`.`tbl_property`.`full_contents` at row 1 (SQL: update `tbl_property` set `name` = Affordable Home ownership | South Ripley QLD 4306, `slug` = affordable-home-ownership-south-ripley-qld-4306, `image` = 25924_main-view-(3).png, `full_contents` = Property Description



Discover modern, low-maintenance living in the thriving community of South Ripley. Perfectly suited for first-home buyers, investors, and growing families, this brand-new single-storey home combines practical design, quality finishes, and everyday comfort.



Designed with affordability and functionality in mind, the home offers a bright open-plan layout featuring a contemporary kitchen, spacious living and dining area, comfortable bedrooms, modern bathrooms, and a secure single-car garage. Neutral colour palettes and abundant natural light create a welcoming atmosphere throughout, while the easy-care landscaping ensures more time enjoying your home and less time maintaining it.



Located within one of South East Queensland's fastest-growing residential communities, this home presents an outstanding opportunity to secure a quality property in a highly sought-after location.



Key Features



* Brand new single-storey home

* Modern brick veneer construction

* 3 generous bedrooms

* Master bedroom with built-in robe

* 2 stylish bathrooms

* Open-plan living and dining area

* Modern kitchen with quality appliances

* Single lock-up garage with internal access

* Fully fenced backyard

* Low-maintenance landscaping

* Energy-efficient design



Other Features



* LED downlights throughout

* Durable flooring to living areas

* Quality carpet to bedrooms

* Roller blinds throughout

* Modern colour scheme

* NBN-ready connectivity

* Smoke alarms installed

* Water-efficient fixtures

* Security screens (where applicable)

* Ample storage solutions



Home Design



This thoughtfully designed home maximises space and functionality within a compact footprint. The open-plan living, dining, and kitchen area forms the heart of the home, providing a seamless environment for everyday living and entertaining. The master bedroom is privately positioned and complemented by a built-in robe and ensuite, while the additional bedrooms are serviced by a contemporary family bathroom.



The practical floorplan offers excellent flow between indoor and outdoor spaces, making it ideal for modern Australian lifestyles.



Home Inclusions



* Modern kitchen with laminate benchtops

* White cabinetry and tiled splashback

* Stainless steel appliances

* Walk-in shower to bathrooms

* Contemporary vanities and tapware

* Built-in wardrobes

* Quality floor coverings throughout

* Colorbond roof

* Concrete driveway

* Turf and basic landscaping package

* Fencing package included

* Letterbox and clothesline

* Flyscreens to windows



Location Highlights



* Approximately 10 minutes to Ripley Town Centre

* Approximately 15 minutes to Orion Springfield Central

* Easy access to the Centenary Highway

* Close to local schools and childcare centres

* Nearby parks, playgrounds, and sporting facilities

* Convenient access to public transport

* Surrounded by walking and cycling pathways

* Close to future shopping and community infrastructure

* Approximately 40 minutes to Brisbane CBD

* Approximately 60 minutes to the Gold Coast



Why You'll Love South Ripley QLD 4306



South Ripley is one of South East Queensland's most exciting and rapidly growing master-planned communities. Known for its family-friendly atmosphere, modern infrastructure, and strong growth potential, the suburb offers the perfect balance of lifestyle and convenience.



Residents enjoy access to quality schools, parks, sporting facilities, shopping centres, and public transport, all while being surrounded by beautiful green spaces. With significant ongoing investment in the area and strong population growth, South Ripley continues to attract homeowners and investors seeking long-term value and an exceptional quality of life.



Whether you're purchasing your first home, upgrading your lifestyle, or expanding your investment portfolio, South Ripley offers a fantastic opportunity to be part of a vibrant and growing community.



🔥Act Fast – Limited Availability



Opportunities like this don’t last long. Withhigh inquiry levels and strong buyer demand, these packages are expected to move quickly.



📞Secure now or register your interest today to avoid missing out.





— hello@thepropertyrealtors.com.au



— 1300 821 614



— 150 George Street, Parramatta NSW 2150



Disclaimer:



The Property Realtors provides this information as a general guide only and does not constitute financial, legal, property, or investment advice. All information has been prepared in good faith and is believed to be accurate at the time of publication; however, no warranty or representation is made as to its accuracy, completeness, or reliability. The Property Realtors accepts no liability for any loss or damage (including indirect or consequential loss) arising from reliance on this information.



All images, photographs, floor plans, and illustrations are for marketing and illustrative purposes only and may include fixtures, finishes, landscaping, stock photos, artist impressions, or virtual staging that do not reflect the actual property. Any attached floor plan is indicative only and may be subject to change without notice. Property details, pricing, availability, inclusions, specifications, and timelines are subject to change without notice. The Property Realtors does not guarantee that any property advertised is currently available, constructed, or will be constructed as described.



Interested parties must rely on their own independent inquiries and should verify all information with relevant third parties, including builders, developers, and authorities. Buyers are strongly encouraged to obtain independent legal, financial, and professional advice before proceeding.



The Property Realtors makes no representations or guarantees regarding eligibility, compliance, or approval for NDIS, SDA, or accessibility requirements. Prospective purchasers must independently verify any such requirements, certifications, or approvals.



Buyers are encouraged to review current plans, specifications, and conduct physical inspections where possible prior to purchase. The Property Realtors acts solely as a marketing agent and does not warrant the performance or workmanship of any third-party builder or developer., `tbl_property`.`updated_at` = 2026-06-08 04:00:08 where `id` = 642) at /home/revoycom/public_html/vendor/laravel/framework/src/Illuminate/Database/Connection.php:703)
[stacktrace]
#0 /home/revoycom/public_html/vendor/laravel/framework/src/Illuminate/Database/Connection.php(663): Illuminate\\Database\\Connection->runQueryCallback('update `tbl_pro...', Array, Object(Closure))
#1 /home/revoycom/public_html/vendor/laravel/framework/src/Illuminate/Database/Connection.php(524): Illuminate\\Database\\Connection->run('update `tbl_pro...', Array, Object(Closure))
#2 /home/revoycom/public_html/vendor/laravel/framework/src/Illuminate/Database/Connection.php(457): Illuminate\\Database\\Connection->affectingStatement('update `tbl_pro...', Array)
#3 /home/revoycom/public_html/vendor/laravel/framework/src/Illuminate/Database/Query/Builder.php(3001): Illuminate\\Database\\Connection->update('update `tbl_pro...', Array)
#4 /home/revoycom/public_html/vendor/laravel/framework/src/Illuminate/Database/Eloquent/Builder.php(919): Illuminate\\Database\\Query\\Builder->update(Array)
#5 /home/revoycom/public_html/vendor/laravel/framework/src/Illuminate/Database/Eloquent/Model.php(1072): Illuminate\\Database\\Eloquent\\Builder->update(Array)
#6 /home/revoycom/public_html/vendor/laravel/framework/src/Illuminate/Database/Eloquent/Model.php(987): Illuminate\\Database\\Eloquent\\Model->performUpdate(Object(Illuminate\\Database\\Eloquent\\Builder))
#7 /home/revoycom/public_html/app/Http/Controllers/AccountController.php(1562): Illuminate\\Database\\Eloquent\\Model->save()
#8 /home/revoycom/public_html/vendor/laravel/framework/src/Illuminate/Routing/Controller.php(54): App\\Http\\Controllers\\AccountController->update_property_images(Object(Illuminate\\Http\\Request))
#9 /home/revoycom/public_html/vendor/laravel/framework/src/Illuminate/Routing/ControllerDispatcher.php(45): Illuminate\\Routing\\Controller->callAction('update_property...', Array)
#10 /home/revoycom/public_html/vendor/laravel/framework/src/Illuminate/Routing/Route.php(262): Illuminate\\Routing\\ControllerDispatcher->dispatch(Object(Illuminate\\Routing\\Route), Object(App\\Http\\Controllers\\AccountController), 'update_property...')
#11 /home/revoycom/public_html/vendor/laravel/framework/src/Illuminate/Routing/Route.php(205): Illuminate\\Routing\\Route->runController()
#12 /home/revoycom/public_html/vendor/laravel/framework/src/Illuminate/Routing/Router.php(695): Illuminate\\Routing\\Route->run()
#13 /home/revoycom/public_html/vendor/laravel/framework/src/Illuminate/Pipeline/Pipeline.php(128): Illuminate\\Routing\\Router->Illuminate\\Routing\\{closure}(Object(Illuminate\\Http\\Request))
#14 /home/revoycom/public_html/app/Http/Middleware/UserAuth.php(24): Illuminate\\Pipeline\\Pipeline->Illuminate\\Pipeline\\{closure}(Object(Illuminate\\Http\\Request))
#15 /home/revoycom/public_html/vendor/laravel/framework/src/Illuminate/Pipeline/Pipeline.php(167): App\\Http\\Middleware\\UserAuth->handle(Object(Illuminate\\Http\\Request), Object(Closure))
#16 /home/revoycom/public_html/vendor/laravel/framework/src/Illuminate/Routing/Middleware/SubstituteBindings.php(50): Illuminate\\Pipeline\\Pipeline->Illuminate\\Pipeline\\{closure}(Object(Illuminate\\Http\\Request))
#17 /home/revoycom/public_html/vendor/laravel/framework/src/Illuminate/Pipeline/Pipeline.php(167): Illuminate\\Routing\\Middleware\\SubstituteBindings->handle(Object(Illuminate\\Http\\Request), Object(Closure))
#18 /home/revoycom/public_html/vendor/laravel/framework/src/Illuminate/Foundation/Http/Middleware/VerifyCsrfToken.php(78): Illuminate\\Pipeline\\Pipeline->Illuminate\\Pipeline\\{closure}(Object(Illuminate\\Http\\Request))
#19 /home/revoycom/public_html/vendor/laravel/framework/src/Illuminate/Pipeline/Pipeline.php(167): Illuminate\\Foundation\\Http\\Middleware\\VerifyCsrfToken->handle(Object(Illuminate\\Http\\Request), Object(Closure))
#20 /home/revoycom/public_html/vendor/laravel/framework/src/Illuminate/View/Middleware/ShareErrorsFromSession.php(49): Illuminate\\Pipeline\\Pipeline->Illuminate\\Pipeline\\{closure}(Object(Illuminate\\Http\\Request))
#21 /home/revoycom/public_html/vendor/laravel/framework/src/Illuminate/Pipeline/Pipeline.php(167): Illuminate\\View\\Middleware\\ShareErrorsFromSession->handle(Object(Illuminate\\Http\\Request), Object(Closure))
#22 /home/revoycom/public_html/vendor/laravel/framework/src/Illuminate/Session/Middleware/StartSession.php(121): Illuminate\\Pipeline\\Pipeline->Illuminate\\Pipeline\\{closure}(Object(Illuminate\\Http\\Request))
#23 /home/revoycom/public_html/vendor/laravel/framework/src/Illuminate/Session/Middleware/StartSession.php(64): Illuminate\\Session\\Middleware\\StartSession->handleStatefulRequest(Object(Illuminate\\Http\\Request), Object(Illuminate\\Session\\Store), Object(Closure))
#24 /home/revoycom/public_html/vendor/laravel/framework/src/Illuminate/Pipeline/Pipeline.php(167): Illuminate\\Session\\Middleware\\StartSession->handle(Object(Illuminate\\Http\\Request), Object(Closure))
#25 /home/revoycom/public_html/vendor/laravel/framework/src/Illuminate/Cookie/Middleware/AddQueuedCookiesToResponse.php(37): Illuminate\\Pipeline\\Pipeline->Illuminate\\Pipeline\\{closure}(Object(Illuminate\\Http\\Request))
#26 /home/revoycom/public_html/vendor/laravel/framework/src/Illuminate/Pipeline/Pipeline.php(167): Illuminate\\Cookie\\Middleware\\AddQueuedCookiesToResponse->handle(Object(Illuminate\\Http\\Request), Object(Closure))
#27 /home/revoycom/public_html/vendor/laravel/framework/src/Illuminate/Cookie/Middleware/EncryptCookies.php(67): Illuminate\\Pipeline\\Pipeline->Illuminate\\Pipeline\\{closure}(Object(Illuminate\\Http\\Request))
#28 /home/revoycom/public_html/vendor/laravel/framework/src/Illuminate/Pipeline/Pipeline.php(167): Illuminate\\Cookie\\Middleware\\EncryptCookies->handle(Object(Illuminate\\Http\\Request), Object(Closure))
#29 /home/revoycom/public_html/vendor/laravel/framework/src/Illuminate/Pipeline/Pipeline.php(103): Illuminate\\Pipeline\\Pipeline->Illuminate\\Pipeline\\{closure}(Object(Illuminate\\Http\\Request))
#30 /home/revoycom/public_html/vendor/laravel/framework/src/Illuminate/Routing/Router.php(697): Illuminate\\Pipeline\\Pipeline->then(Object(Closure))
#31 /home/revoycom/public_html/vendor/laravel/framework/src/Illuminate/Routing/Router.php(672): Illuminate\\Routing\\Router->runRouteWithinStack(Object(Illuminate\\Routing\\Route), Object(Illuminate\\Http\\Request))
#32 /home/revoycom/public_html/vendor/laravel/framework/src/Illuminate/Routing/Router.php(636): Illuminate\\Routing\\Router->runRoute(Object(Illuminate\\Http\\Request), Object(Illuminate\\Routing\\Route))
#33 /home/revoycom/public_html/vendor/laravel/framework/src/Illuminate/Routing/Router.php(625): Illuminate\\Routing\\Router->dispatchToRoute(Object(Illuminate\\Http\\Request))
#34 /home/revoycom/public_html/vendor/laravel/framework/src/Illuminate/Foundation/Http/Kernel.php(167): Illuminate\\Routing\\Router->dispatch(Object(Illuminate\\Http\\Request))
#35 /home/revoycom/public_html/vendor/laravel/framework/src/Illuminate/Pipeline/Pipeline.php(128): Illuminate\\Foundation\\Http\\Kernel->Illuminate\\Foundation\\Http\\{closure}(Object(Illuminate\\Http\\Request))
#36 /home/revoycom/public_html/vendor/laravel/framework/src/Illuminate/Foundation/Http/Middleware/TransformsRequest.php(21): Illuminate\\Pipeline\\Pipeline->Illuminate\\Pipeline\\{closure}(Object(Illuminate\\Http\\Request))
#37 /home/revoycom/public_html/vendor/laravel/framework/src/Illuminate/Foundation/Http/Middleware/ConvertEmptyStringsToNull.php(31): Illuminate\\Foundation\\Http\\Middleware\\TransformsRequest->handle(Object(Illuminate\\Http\\Request), Object(Closure))
#38 /home/revoycom/public_html/vendor/laravel/framework/src/Illuminate/Pipeline/Pipeline.php(167): Illuminate\\Foundation\\Http\\Middleware\\ConvertEmptyStringsToNull->handle(Object(Illuminate\\Http\\Request), Object(Closure))
#39 /home/revoycom/public_html/vendor/laravel/framework/src/Illuminate/Foundation/Http/Middleware/TransformsRequest.php(21): Illuminate\\Pipeline\\Pipeline->Illuminate\\Pipeline\\{closure}(Object(Illuminate\\Http\\Request))
#40 /home/revoycom/public_html/vendor/laravel/framework/src/Illuminate/Foundation/Http/Middleware/TrimStrings.php(40): Illuminate\\Foundation\\Http\\Middleware\\TransformsRequest->handle(Object(Illuminate\\Http\\Request), Object(Closure))
#41 /home/revoycom/public_html/vendor/laravel/framework/src/Illuminate/Pipeline/Pipeline.php(167): Illuminate\\Foundation\\Http\\Middleware\\TrimStrings->handle(Object(Illuminate\\Http\\Request), Object(Closure))
#42 /home/revoycom/public_html/vendor/laravel/framework/src/Illuminate/Foundation/Http/Middleware/ValidatePostSize.php(27): Illuminate\\Pipeline\\Pipeline->Illuminate\\Pipeline\\{closure}(Object(Illuminate\\Http\\Request))
#43 /home/revoycom/public_html/vendor/laravel/framework/src/Illuminate/Pipeline/Pipeline.php(167): Illuminate\\Foundation\\Http\\Middleware\\ValidatePostSize->handle(Object(Illuminate\\Http\\Request), Object(Closure))
#44 /home/revoycom/public_html/vendor/laravel/framework/src/Illuminate/Foundation/Http/Middleware/PreventRequestsDuringMaintenance.php(86): Illuminate\\Pipeline\\Pipeline->Illuminate\\Pipeline\\{closure}(Object(Illuminate\\Http\\Request))
#45 /home/revoycom/public_html/vendor/laravel/framework/src/Illuminate/Pipeline/Pipeline.php(167): Illuminate\\Foundation\\Http\\Middleware\\PreventRequestsDuringMaintenance->handle(Object(Illuminate\\Http\\Request), Object(Closure))
#46 /home/revoycom/public_html/vendor/fruitcake/laravel-cors/src/HandleCors.php(38): Illuminate\\Pipeline\\Pipeline->Illuminate\\Pipeline\\{closure}(Object(Illuminate\\Http\\Request))
#47 /home/revoycom/public_html/vendor/laravel/framework/src/Illuminate/Pipeline/Pipeline.php(167): Fruitcake\\Cors\\HandleCors->handle(Object(Illuminate\\Http\\Request), Object(Closure))
#48 /home/revoycom/public_html/vendor/fideloper/proxy/src/TrustProxies.php(57): Illuminate\\Pipeline\\Pipeline->Illuminate\\Pipeline\\{closure}(Object(Illuminate\\Http\\Request))
#49 /home/revoycom/public_html/vendor/laravel/framework/src/Illuminate/Pipeline/Pipeline.php(167): Fideloper\\Proxy\\TrustProxies->handle(Object(Illuminate\\Http\\Request), Object(Closure))
#50 /home/revoycom/public_html/vendor/laravel/framework/src/Illuminate/Pipeline/Pipeline.php(103): Illuminate\\Pipeline\\Pipeline->Illuminate\\Pipeline\\{closure}(Object(Illuminate\\Http\\Request))
#51 /home/revoycom/public_html/vendor/laravel/framework/src/Illuminate/Foundation/Http/Kernel.php(142): Illuminate\\Pipeline\\Pipeline->then(Object(Closure))
#52 /home/revoycom/public_html/vendor/laravel/framework/src/Illuminate/Foundation/Http/Kernel.php(111): Illuminate\\Foundation\\Http\\Kernel->sendRequestThroughRouter(Object(Illuminate\\Http\\Request))
#53 /home/revoycom/public_html/index.php(52): Illuminate\\Foundation\\Http\\Kernel->handle(Object(Illuminate\\Http\\Request))
#54 {main}

[previous exception] [object] (PDOException(code: 22007): SQLSTATE[22007]: Invalid datetime format: 1366 Incorrect string value: '\\xF0\\x9F\\x94\\xA5Ac...' for column `revoycom_dbrevoy25`.`tbl_property`.`full_contents` at row 1 at /home/revoycom/public_html/vendor/laravel/framework/src/Illuminate/Database/Connection.php:517)
[stacktrace]
#0 /home/revoycom/public_html/vendor/laravel/framework/src/Illuminate/Database/Connection.php(517): PDOStatement->execute()
#1 /home/revoycom/public_html/vendor/laravel/framework/src/Illuminate/Database/Connection.php(696): Illuminate\\Database\\Connection->Illuminate\\Database\\{closure}('update `tbl_pro...', Array)
#2 /home/revoycom/public_html/vendor/laravel/framework/src/Illuminate/Database/Connection.php(663): Illuminate\\Database\\Connection->runQueryCallback('update `tbl_pro...', Array, Object(Closure))
#3 /home/revoycom/public_html/vendor/laravel/framework/src/Illuminate/Database/Connection.php(524): Illuminate\\Database\\Connection->run('update `tbl_pro...', Array, Object(Closure))
#4 /home/revoycom/public_html/vendor/laravel/framework/src/Illuminate/Database/Connection.php(457): Illuminate\\Database\\Connection->affectingStatement('update `tbl_pro...', Array)
#5 /home/revoycom/public_html/vendor/laravel/framework/src/Illuminate/Database/Query/Builder.php(3001): Illuminate\\Database\\Connection->update('update `tbl_pro...', Array)
#6 /home/revoycom/public_html/vendor/laravel/framework/src/Illuminate/Database/Eloquent/Builder.php(919): Illuminate\\Database\\Query\\Builder->update(Array)
#7 /home/revoycom/public_html/vendor/laravel/framework/src/Illuminate/Database/Eloquent/Model.php(1072): Illuminate\\Database\\Eloquent\\Builder->update(Array)
#8 /home/revoycom/public_html/vendor/laravel/framework/src/Illuminate/Database/Eloquent/Model.php(987): Illuminate\\Database\\Eloquent\\Model->performUpdate(Object(Illuminate\\Database\\Eloquent\\Builder))
#9 /home/revoycom/public_html/app/Http/Controllers/AccountController.php(1562): Illuminate\\Database\\Eloquent\\Model->save()
#10 /home/revoycom/public_html/vendor/laravel/framework/src/Illuminate/Routing/Controller.php(54): App\\Http\\Controllers\\AccountController->update_property_images(Object(Illuminate\\Http\\Request))
#11 /home/revoycom/public_html/vendor/laravel/framework/src/Illuminate/Routing/ControllerDispatcher.php(45): Illuminate\\Routing\\Controller->callAction('update_property...', Array)
#12 /home/revoycom/public_html/vendor/laravel/framework/src/Illuminate/Routing/Route.php(262): Illuminate\\Routing\\ControllerDispatcher->dispatch(Object(Illuminate\\Routing\\Route), Object(App\\Http\\Controllers\\AccountController), 'update_property...')
#13 /home/revoycom/public_html/vendor/laravel/framework/src/Illuminate/Routing/Route.php(205): Illuminate\\Routing\\Route->runController()
#14 /home/revoycom/public_html/vendor/laravel/framework/src/Illuminate/Routing/Router.php(695): Illuminate\\Routing\\Route->run()
#15 /home/revoycom/public_html/vendor/laravel/framework/src/Illuminate/Pipeline/Pipeline.php(128): Illuminate\\Routing\\Router->Illuminate\\Routing\\{closure}(Object(Illuminate\\Http\\Request))
#16 /home/revoycom/public_html/app/Http/Middleware/UserAuth.php(24): Illuminate\\Pipeline\\Pipeline->Illuminate\\Pipeline\\{closure}(Object(Illuminate\\Http\\Request))
#17 /home/revoycom/public_html/vendor/laravel/framework/src/Illuminate/Pipeline/Pipeline.php(167): App\\Http\\Middleware\\UserAuth->handle(Object(Illuminate\\Http\\Request), Object(Closure))
#18 /home/revoycom/public_html/vendor/laravel/framework/src/Illuminate/Routing/Middleware/SubstituteBindings.php(50): Illuminate\\Pipeline\\Pipeline->Illuminate\\Pipeline\\{closure}(Object(Illuminate\\Http\\Request))
#19 /home/revoycom/public_html/vendor/laravel/framework/src/Illuminate/Pipeline/Pipeline.php(167): Illuminate\\Routing\\Middleware\\SubstituteBindings->handle(Object(Illuminate\\Http\\Request), Object(Closure))
#20 /home/revoycom/public_html/vendor/laravel/framework/src/Illuminate/Foundation/Http/Middleware/VerifyCsrfToken.php(78): Illuminate\\Pipeline\\Pipeline->Illuminate\\Pipeline\\{closure}(Object(Illuminate\\Http\\Request))
#21 /home/revoycom/public_html/vendor/laravel/framework/src/Illuminate/Pipeline/Pipeline.php(167): Illuminate\\Foundation\\Http\\Middleware\\VerifyCsrfToken->handle(Object(Illuminate\\Http\\Request), Object(Closure))
#22 /home/revoycom/public_html/vendor/laravel/framework/src/Illuminate/View/Middleware/ShareErrorsFromSession.php(49): Illuminate\\Pipeline\\Pipeline->Illuminate\\Pipeline\\{closure}(Object(Illuminate\\Http\\Request))
#23 /home/revoycom/public_html/vendor/laravel/framework/src/Illuminate/Pipeline/Pipeline.php(167): Illuminate\\View\\Middleware\\ShareErrorsFromSession->handle(Object(Illuminate\\Http\\Request), Object(Closure))
#24 /home/revoycom/public_html/vendor/laravel/framework/src/Illuminate/Session/Middleware/StartSession.php(121): Illuminate\\Pipeline\\Pipeline->Illuminate\\Pipeline\\{closure}(Object(Illuminate\\Http\\Request))
#25 /home/revoycom/public_html/vendor/laravel/framework/src/Illuminate/Session/Middleware/StartSession.php(64): Illuminate\\Session\\Middleware\\StartSession->handleStatefulRequest(Object(Illuminate\\Http\\Request), Object(Illuminate\\Session\\Store), Object(Closure))
#26 /home/revoycom/public_html/vendor/laravel/framework/src/Illuminate/Pipeline/Pipeline.php(167): Illuminate\\Session\\Middleware\\StartSession->handle(Object(Illuminate\\Http\\Request), Object(Closure))
#27 /home/revoycom/public_html/vendor/laravel/framework/src/Illuminate/Cookie/Middleware/AddQueuedCookiesToResponse.php(37): Illuminate\\Pipeline\\Pipeline->Illuminate\\Pipeline\\{closure}(Object(Illuminate\\Http\\Request))
#28 /home/revoycom/public_html/vendor/laravel/framework/src/Illuminate/Pipeline/Pipeline.php(167): Illuminate\\Cookie\\Middleware\\AddQueuedCookiesToResponse->handle(Object(Illuminate\\Http\\Request), Object(Closure))
#29 /home/revoycom/public_html/vendor/laravel/framework/src/Illuminate/Cookie/Middleware/EncryptCookies.php(67): Illuminate\\Pipeline\\Pipeline->Illuminate\\Pipeline\\{closure}(Object(Illuminate\\Http\\Request))
#30 /home/revoycom/public_html/vendor/laravel/framework/src/Illuminate/Pipeline/Pipeline.php(167): Illuminate\\Cookie\\Middleware\\EncryptCookies->handle(Object(Illuminate\\Http\\Request), Object(Closure))
#31 /home/revoycom/public_html/vendor/laravel/framework/src/Illuminate/Pipeline/Pipeline.php(103): Illuminate\\Pipeline\\Pipeline->Illuminate\\Pipeline\\{closure}(Object(Illuminate\\Http\\Request))
#32 /home/revoycom/public_html/vendor/laravel/framework/src/Illuminate/Routing/Router.php(697): Illuminate\\Pipeline\\Pipeline->then(Object(Closure))
#33 /home/revoycom/public_html/vendor/laravel/framework/src/Illuminate/Routing/Router.php(672): Illuminate\\Routing\\Router->runRouteWithinStack(Object(Illuminate\\Routing\\Route), Object(Illuminate\\Http\\Request))
#34 /home/revoycom/public_html/vendor/laravel/framework/src/Illuminate/Routing/Router.php(636): Illuminate\\Routing\\Router->runRoute(Object(Illuminate\\Http\\Request), Object(Illuminate\\Routing\\Route))
#35 /home/revoycom/public_html/vendor/laravel/framework/src/Illuminate/Routing/Router.php(625): Illuminate\\Routing\\Router->dispatchToRoute(Object(Illuminate\\Http\\Request))
#36 /home/revoycom/public_html/vendor/laravel/framework/src/Illuminate/Foundation/Http/Kernel.php(167): Illuminate\\Routing\\Router->dispatch(Object(Illuminate\\Http\\Request))
#37 /home/revoycom/public_html/vendor/laravel/framework/src/Illuminate/Pipeline/Pipeline.php(128): Illuminate\\Foundation\\Http\\Kernel->Illuminate\\Foundation\\Http\\{closure}(Object(Illuminate\\Http\\Request))
#38 /home/revoycom/public_html/vendor/laravel/framework/src/Illuminate/Foundation/Http/Middleware/TransformsRequest.php(21): Illuminate\\Pipeline\\Pipeline->Illuminate\\Pipeline\\{closure}(Object(Illuminate\\Http\\Request))
#39 /home/revoycom/public_html/vendor/laravel/framework/src/Illuminate/Foundation/Http/Middleware/ConvertEmptyStringsToNull.php(31): Illuminate\\Foundation\\Http\\Middleware\\TransformsRequest->handle(Object(Illuminate\\Http\\Request), Object(Closure))
#40 /home/revoycom/public_html/vendor/laravel/framework/src/Illuminate/Pipeline/Pipeline.php(167): Illuminate\\Foundation\\Http\\Middleware\\ConvertEmptyStringsToNull->handle(Object(Illuminate\\Http\\Request), Object(Closure))
#41 /home/revoycom/public_html/vendor/laravel/framework/src/Illuminate/Foundation/Http/Middleware/TransformsRequest.php(21): Illuminate\\Pipeline\\Pipeline->Illuminate\\Pipeline\\{closure}(Object(Illuminate\\Http\\Request))
#42 /home/revoycom/public_html/vendor/laravel/framework/src/Illuminate/Foundation/Http/Middleware/TrimStrings.php(40): Illuminate\\Foundation\\Http\\Middleware\\TransformsRequest->handle(Object(Illuminate\\Http\\Request), Object(Closure))
#43 /home/revoycom/public_html/vendor/laravel/framework/src/Illuminate/Pipeline/Pipeline.php(167): Illuminate\\Foundation\\Http\\Middleware\\TrimStrings->handle(Object(Illuminate\\Http\\Request), Object(Closure))
#44 /home/revoycom/public_html/vendor/laravel/framework/src/Illuminate/Foundation/Http/Middleware/ValidatePostSize.php(27): Illuminate\\Pipeline\\Pipeline->Illuminate\\Pipeline\\{closure}(Object(Illuminate\\Http\\Request))
#45 /home/revoycom/public_html/vendor/laravel/framework/src/Illuminate/Pipeline/Pipeline.php(167): Illuminate\\Foundation\\Http\\Middleware\\ValidatePostSize->handle(Object(Illuminate\\Http\\Request), Object(Closure))
#46 /home/revoycom/public_html/vendor/laravel/framework/src/Illuminate/Foundation/Http/Middleware/PreventRequestsDuringMaintenance.php(86): Illuminate\\Pipeline\\Pipeline->Illuminate\\Pipeline\\{closure}(Object(Illuminate\\Http\\Request))
#47 /home/revoycom/public_html/vendor/laravel/framework/src/Illuminate/Pipeline/Pipeline.php(167): Illuminate\\Foundation\\Http\\Middleware\\PreventRequestsDuringMaintenance->handle(Object(Illuminate\\Http\\Request), Object(Closure))
#48 /home/revoycom/public_html/vendor/fruitcake/laravel-cors/src/HandleCors.php(38): Illuminate\\Pipeline\\Pipeline->Illuminate\\Pipeline\\{closure}(Object(Illuminate\\Http\\Request))
#49 /home/revoycom/public_html/vendor/laravel/framework/src/Illuminate/Pipeline/Pipeline.php(167): Fruitcake\\Cors\\HandleCors->handle(Object(Illuminate\\Http\\Request), Object(Closure))
#50 /home/revoycom/public_html/vendor/fideloper/proxy/src/TrustProxies.php(57): Illuminate\\Pipeline\\Pipeline->Illuminate\\Pipeline\\{closure}(Object(Illuminate\\Http\\Request))
#51 /home/revoycom/public_html/vendor/laravel/framework/src/Illuminate/Pipeline/Pipeline.php(167): Fideloper\\Proxy\\TrustProxies->handle(Object(Illuminate\\Http\\Request), Object(Closure))
#52 /home/revoycom/public_html/vendor/laravel/framework/src/Illuminate/Pipeline/Pipeline.php(103): Illuminate\\Pipeline\\Pipeline->Illuminate\\Pipeline\\{closure}(Object(Illuminate\\Http\\Request))
#53 /home/revoycom/public_html/vendor/laravel/framework/src/Illuminate/Foundation/Http/Kernel.php(142): Illuminate\\Pipeline\\Pipeline->then(Object(Closure))
#54 /home/revoycom/public_html/vendor/laravel/framework/src/Illuminate/Foundation/Http/Kernel.php(111): Illuminate\\Foundation\\Http\\Kernel->sendRequestThroughRouter(Object(Illuminate\\Http\\Request))
#55 /home/revoycom/public_html/index.php(52): Illuminate\\Foundation\\Http\\Kernel->handle(Object(Illuminate\\Http\\Request))
#56 {main}
"} 
[2026-06-08 06:24:24] local.ERROR: Trying to get property 'primary_colour' of non-object (View: /home/revoycom/public_html/resources/views/common/listing/branding.blade.php) {"view":{"view":"/home/revoycom/public_html/resources/views/common/listing/branding.blade.php","data":{"errors":"<pre class=sf-dump id=sf-dump-361326443 data-indent-pad=\"  \"><span class=sf-dump-note>Illuminate\\Support\\ViewErrorBag</span> {<a class=sf-dump-ref>#1183</a><samp data-depth=1 class=sf-dump-expanded>
  #<span class=sf-dump-protected title=\"Protected property\">bags</span>: []
</samp>}
</pre><script>Sfdump(\"sf-dump-361326443\", {\"maxDepth\":3,\"maxStringLength\":160})</script>
","title":"<pre class=sf-dump id=sf-dump-1090300207 data-indent-pad=\"  \">\"<span class=sf-dump-str title=\"9 characters\">New Homes</span>\"
</pre><script>Sfdump(\"sf-dump-1090300207\", {\"maxDepth\":3,\"maxStringLength\":160})</script>
","keywords":"<pre class=sf-dump id=sf-dump-606004372 data-indent-pad=\"  \">\"<span class=sf-dump-str title=\"9 characters\">New Homes</span>\"
</pre><script>Sfdump(\"sf-dump-606004372\", {\"maxDepth\":3,\"maxStringLength\":160})</script>
","description":"<pre class=sf-dump id=sf-dump-1462473428 data-indent-pad=\"  \">\"<span class=sf-dump-str title=\"9 characters\">New Homes</span>\"
</pre><script>Sfdump(\"sf-dump-1462473428\", {\"maxDepth\":3,\"maxStringLength\":160})</script>
","og_image":"<pre class=sf-dump id=sf-dump-363345365 data-indent-pad=\"  \">\"<span class=sf-dump-str title=\"65 characters\">https://www.revoy.com.au/public/upload/cms/58251_new-home-ban.jpg</span>\"
</pre><script>Sfdump(\"sf-dump-363345365\", {\"maxDepth\":3,\"maxStringLength\":160})</script>
","cms_dp":"<pre class=sf-dump id=sf-dump-15742579 data-indent-pad=\"  \"><span class=sf-dump-note>array:10</span> [<samp data-depth=1 class=sf-dump-expanded>
  \"<span class=sf-dump-key>name</span>\" => \"<span class=sf-dump-str title=\"9 characters\">New Homes</span>\"
  \"<span class=sf-dump-key>slug</span>\" => \"<span class=sf-dump-str title=\"9 characters\">new-homes</span>\"
  \"<span class=sf-dump-key>heading</span>\" => \"<span class=sf-dump-str title=\"19 characters\">Featured Properties</span>\"
  \"<span class=sf-dump-key>banner_heading</span>\" => \"<span class=sf-dump-str title=\"20 characters\">New homes start here</span>\"
  \"<span class=sf-dump-key>full_contents</span>\" => \"<span class=sf-dump-str title=\"6 characters\">&lt;br /&gt;</span>\"
  \"<span class=sf-dump-key>short_contents</span>\" => <span class=sf-dump-const>null</span>
  \"<span class=sf-dump-key>extra_detail</span>\" => \"<span class=sf-dump-str title=\"6 characters\">&lt;br /&gt;</span>\"
  \"<span class=sf-dump-key>tag_line</span>\" => \"<span class=sf-dump-str title=\"9 characters\">New Homes</span>\"
  \"<span class=sf-dump-key>image</span>\" => \"\"
  \"<span class=sf-dump-key>banner</span>\" => \"<span class=sf-dump-str title=\"65 characters\">https://www.revoy.com.au/public/upload/cms/58251_new-home-ban.jpg</span>\"
</samp>]
</pre><script>Sfdump(\"sf-dump-15742579\", {\"maxDepth\":3,\"maxStringLength\":160})</script>
","keyword":"<pre class=sf-dump id=sf-dump-741054648 data-indent-pad=\"  \">\"\"
</pre><script>Sfdump(\"sf-dump-741054648\", {\"maxDepth\":3,\"maxStringLength\":160})</script>
","keywordArray":"<pre class=sf-dump id=sf-dump-1218952292 data-indent-pad=\"  \">[]
</pre><script>Sfdump(\"sf-dump-1218952292\", {\"maxDepth\":3,\"maxStringLength\":160})</script>
","keywords_array":"<pre class=sf-dump id=sf-dump-599362088 data-indent-pad=\"  \">[]
</pre><script>Sfdump(\"sf-dump-599362088\", {\"maxDepth\":3,\"maxStringLength\":160})</script>
","db_property":"<pre class=sf-dump id=sf-dump-1127076129 data-indent-pad=\"  \"><span class=sf-dump-note>Illuminate\\Pagination\\LengthAwarePaginator</span> {<a class=sf-dump-ref>#1526</a><samp data-depth=1 class=sf-dump-expanded>
  #<span class=sf-dump-protected title=\"Protected property\">total</span>: <span class=sf-dump-num>520</span>
  #<span class=sf-dump-protected title=\"Protected property\">lastPage</span>: <span class=sf-dump-num>44</span>
  #<span class=sf-dump-protected title=\"Protected property\">items</span>: <span class=sf-dump-note title=\"Illuminate\\Database\\Eloquent\\Collection
\"><span class=\"sf-dump-ellipsis sf-dump-ellipsis-note\">Illuminate\\Database\\Eloquent</span><span class=\"sf-dump-ellipsis sf-dump-ellipsis-note\">\\</span>Collection</span> {<a class=sf-dump-ref>#1535</a><samp data-depth=2 class=sf-dump-compact>
    #<span class=sf-dump-protected title=\"Protected property\">items</span>: <span class=sf-dump-note>array:12</span> [<samp data-depth=3 class=sf-dump-compact>
      <span class=sf-dump-index>0</span> => <span class=sf-dump-note title=\"App\\Model\\Property
\"><span class=\"sf-dump-ellipsis sf-dump-ellipsis-note\">App\\Model</span><span class=\"sf-dump-ellipsis sf-dump-ellipsis-note\">\\</span>Property</span> {<a class=sf-dump-ref>#1536</a> &hellip;30}
      <span class=sf-dump-index>1</span> => <span class=sf-dump-note title=\"App\\Model\\Property
\"><span class=\"sf-dump-ellipsis sf-dump-ellipsis-note\">App\\Model</span><span class=\"sf-dump-ellipsis sf-dump-ellipsis-note\">\\</span>Property</span> {<a class=sf-dump-ref>#1537</a> &hellip;30}
      <span class=sf-dump-index>2</span> => <span class=sf-dump-note title=\"App\\Model\\Property
\"><span class=\"sf-dump-ellipsis sf-dump-ellipsis-note\">App\\Model</span><span class=\"sf-dump-ellipsis sf-dump-ellipsis-note\">\\</span>Property</span> {<a class=sf-dump-ref>#1538</a> &hellip;30}
      <span class=sf-dump-index>3</span> => <span class=sf-dump-note title=\"App\\Model\\Property
\"><span class=\"sf-dump-ellipsis sf-dump-ellipsis-note\">App\\Model</span><span class=\"sf-dump-ellipsis sf-dump-ellipsis-note\">\\</span>Property</span> {<a class=sf-dump-ref>#1539</a> &hellip;30}
      <span class=sf-dump-index>4</span> => <span class=sf-dump-note title=\"App\\Model\\Property
\"><span class=\"sf-dump-ellipsis sf-dump-ellipsis-note\">App\\Model</span><span class=\"sf-dump-ellipsis sf-dump-ellipsis-note\">\\</span>Property</span> {<a class=sf-dump-ref>#1540</a> &hellip;30}
      <span class=sf-dump-index>5</span> => <span class=sf-dump-note title=\"App\\Model\\Property
\"><span class=\"sf-dump-ellipsis sf-dump-ellipsis-note\">App\\Model</span><span class=\"sf-dump-ellipsis sf-dump-ellipsis-note\">\\</span>Property</span> {<a class=sf-dump-ref>#1541</a> &hellip;30}
      <span class=sf-dump-index>6</span> => <span class=sf-dump-note title=\"App\\Model\\Property
\"><span class=\"sf-dump-ellipsis sf-dump-ellipsis-note\">App\\Model</span><span class=\"sf-dump-ellipsis sf-dump-ellipsis-note\">\\</span>Property</span> {<a class=sf-dump-ref>#1542</a> &hellip;30}
      <span class=sf-dump-index>7</span> => <span class=sf-dump-note title=\"App\\Model\\Property
\"><span class=\"sf-dump-ellipsis sf-dump-ellipsis-note\">App\\Model</span><span class=\"sf-dump-ellipsis sf-dump-ellipsis-note\">\\</span>Property</span> {<a class=sf-dump-ref>#1543</a> &hellip;30}
      <span class=sf-dump-index>8</span> => <span class=sf-dump-note title=\"App\\Model\\Property
\"><span class=\"sf-dump-ellipsis sf-dump-ellipsis-note\">App\\Model</span><span class=\"sf-dump-ellipsis sf-dump-ellipsis-note\">\\</span>Property</span> {<a class=sf-dump-ref>#1544</a> &hellip;30}
      <span class=sf-dump-index>9</span> => <span class=sf-dump-note title=\"App\\Model\\Property
\"><span class=\"sf-dump-ellipsis sf-dump-ellipsis-note\">App\\Model</span><span class=\"sf-dump-ellipsis sf-dump-ellipsis-note\">\\</span>Property</span> {<a class=sf-dump-ref>#1545</a> &hellip;30}
      <span class=sf-dump-index>10</span> => <span class=sf-dump-note title=\"App\\Model\\Property
\"><span class=\"sf-dump-ellipsis sf-dump-ellipsis-note\">App\\Model</span><span class=\"sf-dump-ellipsis sf-dump-ellipsis-note\">\\</span>Property</span> {<a class=sf-dump-ref>#1546</a> &hellip;30}
      <span class=sf-dump-index>11</span> => <span class=sf-dump-note title=\"App\\Model\\Property
\"><span class=\"sf-dump-ellipsis sf-dump-ellipsis-note\">App\\Model</span><span class=\"sf-dump-ellipsis sf-dump-ellipsis-note\">\\</span>Property</span> {<a class=sf-dump-ref>#1547</a> &hellip;30}
    </samp>]
    #<span class=sf-dump-protected title=\"Protected property\">escapeWhenCastingToString</span>: <span class=sf-dump-const>false</span>
  </samp>}
  #<span class=sf-dump-protected title=\"Protected property\">perPage</span>: \"<span class=sf-dump-str title=\"2 characters\">12</span>\"
  #<span class=sf-dump-protected title=\"Protected property\">currentPage</span>: <span class=sf-dump-num>42</span>
  #<span class=sf-dump-protected title=\"Protected property\">path</span>: \"<span class=sf-dump-str title=\"39 characters\">https://www.revoy.com.au/new-homes.html</span>\"
  #<span class=sf-dump-protected title=\"Protected property\">query</span>: []
  #<span class=sf-dump-protected title=\"Protected property\">fragment</span>: <span class=sf-dump-const>null</span>
  #<span class=sf-dump-protected title=\"Protected property\">pageName</span>: \"<span class=sf-dump-str title=\"4 characters\">page</span>\"
  +<span class=sf-dump-public title=\"Public property\">onEachSide</span>: <span class=sf-dump-num>3</span>
  #<span class=sf-dump-protected title=\"Protected property\">options</span>: <span class=sf-dump-note>array:2</span> [<samp data-depth=2 class=sf-dump-compact>
    \"<span class=sf-dump-key>path</span>\" => \"<span class=sf-dump-str title=\"39 characters\">https://www.revoy.com.au/new-homes.html</span>\"
    \"<span class=sf-dump-key>pageName</span>\" => \"<span class=sf-dump-str title=\"4 characters\">page</span>\"
  </samp>]
</samp>}
</pre><script>Sfdump(\"sf-dump-1127076129\", {\"maxDepth\":3,\"maxStringLength\":160})</script>
","widget_dp":"<pre class=sf-dump id=sf-dump-1879179868 data-indent-pad=\"  \"><span class=sf-dump-note>array:1</span> [<samp data-depth=1 class=sf-dump-expanded>
  <span class=sf-dump-index>0</span> => <span class=sf-dump-note>array:16</span> [<samp data-depth=2 class=sf-dump-compact>
    \"<span class=sf-dump-key>id</span>\" => <span class=sf-dump-num>4</span>
    \"<span class=sf-dump-key>banner_type</span>\" => <span class=sf-dump-num>1</span>
    \"<span class=sf-dump-key>name</span>\" => \"<span class=sf-dump-str title=\"21 characters\">Ready to get started?</span>\"
    \"<span class=sf-dump-key>page_name</span>\" => \"<span class=sf-dump-str title=\"17 characters\">Buy , Rent , Sold</span>\"
    \"<span class=sf-dump-key>tag_line</span>\" => <span class=sf-dump-const>null</span>
    \"<span class=sf-dump-key>sub_title</span>\" => <span class=sf-dump-const>null</span>
    \"<span class=sf-dump-key>button_text</span>\" => \"<span class=sf-dump-str title=\"19 characters\">Get a Free Estimate</span>\"
    \"<span class=sf-dump-key>link</span>\" => \"<span class=sf-dump-str title=\"18 characters\">free-estimate.html</span>\"
    \"<span class=sf-dump-key>button_text_2</span>\" => \"<span class=sf-dump-str title=\"12 characters\">1300 702 738</span>\"
    \"<span class=sf-dump-key>link_2</span>\" => \"<span class=sf-dump-str title=\"15 characters\">tel:+1300702738</span>\"
    \"<span class=sf-dump-key>image</span>\" => \"<span class=sf-dump-str title=\"17 characters\">675409f8dce5d.jpg</span>\"
    \"<span class=sf-dump-key>detail</span>\" => \"<span class=sf-dump-str title=\"111 characters\">Talk to our of our Friendly Qualified Real-estate Agents to Organize your Free Property Market Valuation&nbsp;Report</span>\"
    \"<span class=sf-dump-key>sort_order</span>\" => \"<span class=sf-dump-str>1</span>\"
    \"<span class=sf-dump-key>status</span>\" => \"<span class=sf-dump-str title=\"3 characters\">Yes</span>\"
    \"<span class=sf-dump-key>created_at</span>\" => \"<span class=sf-dump-str title=\"27 characters\">2024-12-07T14:40:24.000000Z</span>\"
    \"<span class=sf-dump-key>updated_at</span>\" => \"<span class=sf-dump-str title=\"27 characters\">2025-06-18T04:50:16.000000Z</span>\"
  </samp>]
</samp>]
</pre><script>Sfdump(\"sf-dump-1879179868\", {\"maxDepth\":3,\"maxStringLength\":160})</script>
","widget_new_dp":"<pre class=sf-dump id=sf-dump-1165194093 data-indent-pad=\"  \"><span class=sf-dump-note>array:1</span> [<samp data-depth=1 class=sf-dump-expanded>
  <span class=sf-dump-index>0</span> => <span class=sf-dump-note>array:16</span> [<samp data-depth=2 class=sf-dump-compact>
    \"<span class=sf-dump-key>id</span>\" => <span class=sf-dump-num>5</span>
    \"<span class=sf-dump-key>banner_type</span>\" => <span class=sf-dump-num>1</span>
    \"<span class=sf-dump-key>name</span>\" => \"<span class=sf-dump-str title=\"30 characters\">Explore your home loan options</span>\"
    \"<span class=sf-dump-key>page_name</span>\" => \"<span class=sf-dump-str title=\"17 characters\">Buy , Rent , Sold</span>\"
    \"<span class=sf-dump-key>tag_line</span>\" => <span class=sf-dump-const>null</span>
    \"<span class=sf-dump-key>sub_title</span>\" => <span class=sf-dump-const>null</span>
    \"<span class=sf-dump-key>button_text</span>\" => \"<span class=sf-dump-str title=\"13 characters\">Compare Loans</span>\"
    \"<span class=sf-dump-key>link</span>\" => \"<span class=sf-dump-str title=\"15 characters\">home-loans.html</span>\"
    \"<span class=sf-dump-key>button_text_2</span>\" => <span class=sf-dump-const>null</span>
    \"<span class=sf-dump-key>link_2</span>\" => <span class=sf-dump-const>null</span>
    \"<span class=sf-dump-key>image</span>\" => \"<span class=sf-dump-str title=\"17 characters\">676543fc1e097.jpg</span>\"
    \"<span class=sf-dump-key>detail</span>\" => <span class=sf-dump-const>null</span>
    \"<span class=sf-dump-key>sort_order</span>\" => \"<span class=sf-dump-str>1</span>\"
    \"<span class=sf-dump-key>status</span>\" => \"<span class=sf-dump-str title=\"3 characters\">Yes</span>\"
    \"<span class=sf-dump-key>created_at</span>\" => \"<span class=sf-dump-str title=\"27 characters\">2024-12-16T11:54:27.000000Z</span>\"
    \"<span class=sf-dump-key>updated_at</span>\" => \"<span class=sf-dump-str title=\"27 characters\">2025-02-27T15:46:45.000000Z</span>\"
  </samp>]
</samp>]
</pre><script>Sfdump(\"sf-dump-1165194093\", {\"maxDepth\":3,\"maxStringLength\":160})</script>
","result":"<pre class=sf-dump id=sf-dump-939590964 data-indent-pad=\"  \"><span class=sf-dump-note>Illuminate\\Pagination\\LengthAwarePaginator</span> {<a class=sf-dump-ref>#1526</a><samp data-depth=1 class=sf-dump-expanded>
  #<span class=sf-dump-protected title=\"Protected property\">total</span>: <span class=sf-dump-num>520</span>
  #<span class=sf-dump-protected title=\"Protected property\">lastPage</span>: <span class=sf-dump-num>44</span>
  #<span class=sf-dump-protected title=\"Protected property\">items</span>: <span class=sf-dump-note title=\"Illuminate\\Database\\Eloquent\\Collection
\"><span class=\"sf-dump-ellipsis sf-dump-ellipsis-note\">Illuminate\\Database\\Eloquent</span><span class=\"sf-dump-ellipsis sf-dump-ellipsis-note\">\\</span>Collection</span> {<a class=sf-dump-ref>#1535</a><samp data-depth=2 class=sf-dump-compact>
    #<span class=sf-dump-protected title=\"Protected property\">items</span>: <span class=sf-dump-note>array:12</span> [<samp data-depth=3 class=sf-dump-compact>
      <span class=sf-dump-index>0</span> => <span class=sf-dump-note title=\"App\\Model\\Property
\"><span class=\"sf-dump-ellipsis sf-dump-ellipsis-note\">App\\Model</span><span class=\"sf-dump-ellipsis sf-dump-ellipsis-note\">\\</span>Property</span> {<a class=sf-dump-ref>#1536</a> &hellip;30}
      <span class=sf-dump-index>1</span> => <span class=sf-dump-note title=\"App\\Model\\Property
\"><span class=\"sf-dump-ellipsis sf-dump-ellipsis-note\">App\\Model</span><span class=\"sf-dump-ellipsis sf-dump-ellipsis-note\">\\</span>Property</span> {<a class=sf-dump-ref>#1537</a> &hellip;30}
      <span class=sf-dump-index>2</span> => <span class=sf-dump-note title=\"App\\Model\\Property
\"><span class=\"sf-dump-ellipsis sf-dump-ellipsis-note\">App\\Model</span><span class=\"sf-dump-ellipsis sf-dump-ellipsis-note\">\\</span>Property</span> {<a class=sf-dump-ref>#1538</a> &hellip;30}
      <span class=sf-dump-index>3</span> => <span class=sf-dump-note title=\"App\\Model\\Property
\"><span class=\"sf-dump-ellipsis sf-dump-ellipsis-note\">App\\Model</span><span class=\"sf-dump-ellipsis sf-dump-ellipsis-note\">\\</span>Property</span> {<a class=sf-dump-ref>#1539</a> &hellip;30}
      <span class=sf-dump-index>4</span> => <span class=sf-dump-note title=\"App\\Model\\Property
\"><span class=\"sf-dump-ellipsis sf-dump-ellipsis-note\">App\\Model</span><span class=\"sf-dump-ellipsis sf-dump-ellipsis-note\">\\</span>Property</span> {<a class=sf-dump-ref>#1540</a> &hellip;30}
      <span class=sf-dump-index>5</span> => <span class=sf-dump-note title=\"App\\Model\\Property
\"><span class=\"sf-dump-ellipsis sf-dump-ellipsis-note\">App\\Model</span><span class=\"sf-dump-ellipsis sf-dump-ellipsis-note\">\\</span>Property</span> {<a class=sf-dump-ref>#1541</a> &hellip;30}
      <span class=sf-dump-index>6</span> => <span class=sf-dump-note title=\"App\\Model\\Property
\"><span class=\"sf-dump-ellipsis sf-dump-ellipsis-note\">App\\Model</span><span class=\"sf-dump-ellipsis sf-dump-ellipsis-note\">\\</span>Property</span> {<a class=sf-dump-ref>#1542</a> &hellip;30}
      <span class=sf-dump-index>7</span> => <span class=sf-dump-note title=\"App\\Model\\Property
\"><span class=\"sf-dump-ellipsis sf-dump-ellipsis-note\">App\\Model</span><span class=\"sf-dump-ellipsis sf-dump-ellipsis-note\">\\</span>Property</span> {<a class=sf-dump-ref>#1543</a> &hellip;30}
      <span class=sf-dump-index>8</span> => <span class=sf-dump-note title=\"App\\Model\\Property
\"><span class=\"sf-dump-ellipsis sf-dump-ellipsis-note\">App\\Model</span><span class=\"sf-dump-ellipsis sf-dump-ellipsis-note\">\\</span>Property</span> {<a class=sf-dump-ref>#1544</a> &hellip;30}
      <span class=sf-dump-index>9</span> => <span class=sf-dump-note title=\"App\\Model\\Property
\"><span class=\"sf-dump-ellipsis sf-dump-ellipsis-note\">App\\Model</span><span class=\"sf-dump-ellipsis sf-dump-ellipsis-note\">\\</span>Property</span> {<a class=sf-dump-ref>#1545</a> &hellip;30}
      <span class=sf-dump-index>10</span> => <span class=sf-dump-note title=\"App\\Model\\Property
\"><span class=\"sf-dump-ellipsis sf-dump-ellipsis-note\">App\\Model</span><span class=\"sf-dump-ellipsis sf-dump-ellipsis-note\">\\</span>Property</span> {<a class=sf-dump-ref>#1546</a> &hellip;30}
      <span class=sf-dump-index>11</span> => <span class=sf-dump-note title=\"App\\Model\\Property
\"><span class=\"sf-dump-ellipsis sf-dump-ellipsis-note\">App\\Model</span><span class=\"sf-dump-ellipsis sf-dump-ellipsis-note\">\\</span>Property</span> {<a class=sf-dump-ref>#1547</a> &hellip;30}
    </samp>]
    #<span class=sf-dump-protected title=\"Protected property\">escapeWhenCastingToString</span>: <span class=sf-dump-const>false</span>
  </samp>}
  #<span class=sf-dump-protected title=\"Protected property\">perPage</span>: \"<span class=sf-dump-str title=\"2 characters\">12</span>\"
  #<span class=sf-dump-protected title=\"Protected property\">currentPage</span>: <span class=sf-dump-num>42</span>
  #<span class=sf-dump-protected title=\"Protected property\">path</span>: \"<span class=sf-dump-str title=\"39 characters\">https://www.revoy.com.au/new-homes.html</span>\"
  #<span class=sf-dump-protected title=\"Protected property\">query</span>: []
  #<span class=sf-dump-protected title=\"Protected property\">fragment</span>: <span class=sf-dump-const>null</span>
  #<span class=sf-dump-protected title=\"Protected property\">pageName</span>: \"<span class=sf-dump-str title=\"4 characters\">page</span>\"
  +<span class=sf-dump-public title=\"Public property\">onEachSide</span>: <span class=sf-dump-num>3</span>
  #<span class=sf-dump-protected title=\"Protected property\">options</span>: <span class=sf-dump-note>array:2</span> [<samp data-depth=2 class=sf-dump-compact>
    \"<span class=sf-dump-key>path</span>\" => \"<span class=sf-dump-str title=\"39 characters\">https://www.revoy.com.au/new-homes.html</span>\"
    \"<span class=sf-dump-key>pageName</span>\" => \"<span class=sf-dump-str title=\"4 characters\">page</span>\"
  </samp>]
</samp>}
</pre><script>Sfdump(\"sf-dump-939590964\", {\"maxDepth\":3,\"maxStringLength\":160})</script>
","show_wp_button":"<pre class=sf-dump id=sf-dump-1382198167 data-indent-pad=\"  \">\"<span class=sf-dump-str title=\"3 characters\">Yes</span>\"
</pre><script>Sfdump(\"sf-dump-1382198167\", {\"maxDepth\":3,\"maxStringLength\":160})</script>
","whats_app_number":"<pre class=sf-dump id=sf-dump-1538750574 data-indent-pad=\"  \">\"<span class=sf-dump-str title=\"12 characters\">+61494381040</span>\"
</pre><script>Sfdump(\"sf-dump-1538750574\", {\"maxDepth\":3,\"maxStringLength\":160})</script>
","row_p":"<pre class=sf-dump id=sf-dump-1970548604 data-indent-pad=\"  \"><span class=sf-dump-note>App\\Model\\Property</span> {<a class=sf-dump-ref>#1536</a><samp data-depth=1 class=sf-dump-expanded>
  #<span class=sf-dump-protected title=\"Protected property\">table</span>: \"<span class=sf-dump-str title=\"12 characters\">tbl_property</span>\"
  #<span class=sf-dump-protected title=\"Protected property\">connection</span>: \"<span class=sf-dump-str title=\"5 characters\">mysql</span>\"
  #<span class=sf-dump-protected title=\"Protected property\">primaryKey</span>: \"<span class=sf-dump-str title=\"2 characters\">id</span>\"
  #<span class=sf-dump-protected title=\"Protected property\">keyType</span>: \"<span class=sf-dump-str title=\"3 characters\">int</span>\"
  +<span class=sf-dump-public title=\"Public property\">incrementing</span>: <span class=sf-dump-const>true</span>
  #<span class=sf-dump-protected title=\"Protected property\">with</span>: []
  #<span class=sf-dump-protected title=\"Protected property\">withCount</span>: []
  +<span class=sf-dump-public title=\"Public property\">preventsLazyLoading</span>: <span class=sf-dump-const>false</span>
  #<span class=sf-dump-protected title=\"Protected property\">perPage</span>: <span class=sf-dump-num>15</span>
  +<span class=sf-dump-public title=\"Public property\">exists</span>: <span class=sf-dump-const>true</span>
  +<span class=sf-dump-public title=\"Public property\">wasRecentlyCreated</span>: <span class=sf-dump-const>false</span>
  #<span class=sf-dump-protected title=\"Protected property\">escapeWhenCastingToString</span>: <span class=sf-dump-const>false</span>
  #<span class=sf-dump-protected title=\"Protected property\">attributes</span>: <span class=sf-dump-note>array:82</span> [<samp data-depth=2 class=sf-dump-compact>
    \"<span class=sf-dump-key>id</span>\" => <span class=sf-dump-num>72</span>
    \"<span class=sf-dump-key>property_id</span>\" => <span class=sf-dump-num>0</span>
    \"<span class=sf-dump-key>user_id</span>\" => <span class=sf-dump-num>50</span>
    \"<span class=sf-dump-key>agency_id</span>\" => <span class=sf-dump-num>0</span>
    \"<span class=sf-dump-key>assestant_user_id</span>\" => <span class=sf-dump-const>null</span>
    \"<span class=sf-dump-key>show_assestant_user</span>\" => <span class=sf-dump-num>0</span>
    \"<span class=sf-dump-key>category_id</span>\" => <span class=sf-dump-num>1</span>
    \"<span class=sf-dump-key>status_id</span>\" => <span class=sf-dump-num>0</span>
    \"<span class=sf-dump-key>package_id</span>\" => <span class=sf-dump-num>2</span>
    \"<span class=sf-dump-key>display_start_date</span>\" => <span class=sf-dump-const>null</span>
    \"<span class=sf-dump-key>display_end_date</span>\" => <span class=sf-dump-const>null</span>
    \"<span class=sf-dump-key>package_name</span>\" => \"<span class=sf-dump-str title=\"5 characters\">Elite</span>\"
    \"<span class=sf-dump-key>property_type_id</span>\" => <span class=sf-dump-num>2</span>
    \"<span class=sf-dump-key>property_status_type</span>\" => \"<span class=sf-dump-str title=\"16 characters\">New Construction</span>\"
    \"<span class=sf-dump-key>property_authority</span>\" => \"<span class=sf-dump-str>2</span>\"
    \"<span class=sf-dump-key>name</span>\" => \"<span class=sf-dump-str title=\"36 characters\">Smart Designs for Modern Family Life</span>\"
    \"<span class=sf-dump-key>slug</span>\" => \"<span class=sf-dump-str title=\"36 characters\">smart-designs-for-modern-family-life</span>\"
    \"<span class=sf-dump-key>price</span>\" => \"<span class=sf-dump-str title=\"10 characters\">1725000.00</span>\"
    \"<span class=sf-dump-key>min_price</span>\" => \"<span class=sf-dump-str title=\"13 characters\">Contact Agent</span>\"
    \"<span class=sf-dump-key>max_price</span>\" => \"<span class=sf-dump-str title=\"4 characters\">0.00</span>\"
    \"<span class=sf-dump-key>show_price</span>\" => \"<span class=sf-dump-str>0</span>\"
    \"<span class=sf-dump-key>hide_price_show_contact_agent</span>\" => <span class=sf-dump-num>0</span>
    \"<span class=sf-dump-key>image</span>\" => \"<span class=sf-dump-str title=\"14 characters\">91670_main.jpg</span>\"
    \"<span class=sf-dump-key>floorplan</span>\" => <span class=sf-dump-const>null</span>
    \"<span class=sf-dump-key>statement_information</span>\" => <span class=sf-dump-const>null</span>
    \"<span class=sf-dump-key>front_page_image</span>\" => <span class=sf-dump-const>null</span>
    \"<span class=sf-dump-key>video_url</span>\" => <span class=sf-dump-const>null</span>
    \"<span class=sf-dump-key>banner</span>\" => <span class=sf-dump-const>null</span>
    \"<span class=sf-dump-key>is_featured</span>\" => \"<span class=sf-dump-str title=\"2 characters\">No</span>\"
    \"<span class=sf-dump-key>is_new</span>\" => \"<span class=sf-dump-str title=\"3 characters\">Yes</span>\"
    \"<span class=sf-dump-key>sort_order</span>\" => <span class=sf-dump-num>1</span>
    \"<span class=sf-dump-key>short_contents</span>\" => <span class=sf-dump-const>null</span>
    \"<span class=sf-dump-key>full_contents</span>\" => \"\"\"
      <span class=sf-dump-str title=\"1124 characters\">Lot 1 <span class=\"sf-dump-default sf-dump-ns\">\\
</span></span>
      <span class=sf-dump-str title=\"1124 characters\">Layout: 4 Bed | 3 Bath | 2 Car | 159 sqm Floor area<span class=\"sf-dump-default sf-dump-ns\">\\
</span></span>
      <span class=sf-dump-str title=\"1124 characters\"><span class=\"sf-dump-default sf-dump-ns\">\\
</span></span>
      <span class=sf-dump-str title=\"1124 characters\">Property Highlights<span class=\"sf-dump-default sf-dump-ns\">\\
</span></span>
      <span class=sf-dump-str title=\"1124 characters\">* Spacious Open-Plan Living: Herringbone parquet laminate flooring in the main areas and bedrooms, with carpet on the stairs for added comfort.<span class=\"sf-dump-default sf-dump-ns\">\\
</span></span>
      <span class=sf-dump-str title=\"1124 characters\">Modern Kitchen: Equipped with SMEG premium appliances, including an oven, microwave, and dishwasher. The kitchen island features natural Italian<span class=\"sf-dump-default sf-dump-ns\">\\
</span></span>
      <span class=sf-dump-str title=\"1124 characters\">marble for a luxurious touch.<span class=\"sf-dump-default sf-dump-ns\">\\
</span></span>
      <span class=sf-dump-str title=\"1124 characters\">* Thoughtful Lighting Design: 35 warm LED downlights throughout the home create a bright and cozy atmosphere, complemented by exterior sensor lights<span class=\"sf-dump-default sf-dump-ns\">\\
</span></span>
      <span class=sf-dump-str title=\"1124 characters\">in sleek black designs.<span class=\"sf-dump-default sf-dump-ns\">\\
</span></span>
      <span class=sf-dump-str title=\"1124 characters\">* Elegant Details: USB-compatible switches and power outlets, matte black hardware throughout, enhancing the overall sophistication of the home.<span class=\"sf-dump-default sf-dump-ns\">\\
</span></span>
      <span class=sf-dump-str title=\"1124 characters\">Property Highlights<span class=\"sf-dump-default sf-dump-ns\">\\
</span></span>
      <span class=sf-dump-str title=\"1124 characters\">* Air Conditioning System: Split heating and cooling air conditioners ensure year-round comfort.<span class=\"sf-dump-default sf-dump-ns\">\\
</span></span>
      <span class=sf-dump-str title=\"1124 characters\"><span class=\"sf-dump-default sf-dump-ns\">\\
</span></span>
      <span class=sf-dump-str title=\"1124 characters\">Public School Zone:<span class=\"sf-dump-default sf-dump-ns\">\\
</span></span>
      <span class=sf-dump-str title=\"1124 characters\">Alphington Primary School | 1.2km<span class=\"sf-dump-default sf-dump-ns\">\\
</span></span>
      <span class=sf-dump-str title=\"1124 characters\">Thornbury High School&#65372;4.4km<span class=\"sf-dump-default sf-dump-ns\">\\
</span></span>
      <span class=sf-dump-str title=\"1124 characters\"><span class=\"sf-dump-default sf-dump-ns\">\\
</span></span>
      <span class=sf-dump-str title=\"1124 characters\">Transport&#65306;<span class=\"sf-dump-default sf-dump-ns\">\\
</span></span>
      <span class=sf-dump-str title=\"1124 characters\">Convenient Living Area Darebin railway station &#65372; 400m<span class=\"sf-dump-default sf-dump-ns\">\\
</span></span>
      <span class=sf-dump-str title=\"1124 characters\">Darebin Bus Station &#65372; 100m<span class=\"sf-dump-default sf-dump-ns\">\\
</span></span>
      <span class=sf-dump-str title=\"1124 characters\"><span class=\"sf-dump-default sf-dump-ns\">\\
</span></span>
      <span class=sf-dump-str title=\"1124 characters\">Lifestyle&#65306;<span class=\"sf-dump-default sf-dump-ns\">\\
</span></span>
      <span class=sf-dump-str title=\"1124 characters\">Sparks Park &#65372; 300m<span class=\"sf-dump-default sf-dump-ns\">\\
</span></span>
      <span class=sf-dump-str title=\"1124 characters\">Alphington Agricultural Market &#65372; 1.3km<span class=\"sf-dump-default sf-dump-ns\">\\
</span></span>
      <span class=sf-dump-str title=\"1124 characters\">Ivanhoe Plaza &#65372; 950m</span>
      \"\"\"
    \"<span class=sf-dump-key>status</span>\" => \"<span class=sf-dump-str title=\"3 characters\">Yes</span>\"
    \"<span class=sf-dump-key>admin_status</span>\" => \"<span class=sf-dump-str title=\"3 characters\">Yes</span>\"
    \"<span class=sf-dump-key>vendor_name</span>\" => \"<span class=sf-dump-str title=\"3 characters\">zim</span>\"
    \"<span class=sf-dump-key>vendor_email</span>\" => \"<span class=sf-dump-str title=\"19 characters\">zimroy689@gmail.com</span>\"
    \"<span class=sf-dump-key>vendor_phone</span>\" => \"<span class=sf-dump-str title=\"10 characters\">0430883278</span>\"
    \"<span class=sf-dump-key>send_public_mail_to_vender</span>\" => <span class=sf-dump-num>1</span>
    \"<span class=sf-dump-key>send_weekly_mail_to_vender</span>\" => <span class=sf-dump-num>0</span>
    \"<span class=sf-dump-key>address_unit</span>\" => <span class=sf-dump-const>null</span>
    \"<span class=sf-dump-key>street_address</span>\" => \"<span class=sf-dump-str title=\"18 characters\">1012 Heidelberg Rd</span>\"
    \"<span class=sf-dump-key>suburb</span>\" => \"<span class=sf-dump-str title=\"7 characters\">Ivanhoe</span>\"
    \"<span class=sf-dump-key>postcode</span>\" => \"<span class=sf-dump-str title=\"4 characters\">3079</span>\"
    \"<span class=sf-dump-key>state_id</span>\" => <span class=sf-dump-num>2</span>
    \"<span class=sf-dump-key>municipality</span>\" => <span class=sf-dump-const>null</span>
    \"<span class=sf-dump-key>hide_street_address</span>\" => <span class=sf-dump-num>1</span>
    \"<span class=sf-dump-key>hide_street_view</span>\" => <span class=sf-dump-num>0</span>
    \"<span class=sf-dump-key>auction_result</span>\" => \"<span class=sf-dump-str title=\"16 characters\">To be determined</span>\"
    \"<span class=sf-dump-key>maximum_bid</span>\" => \"<span class=sf-dump-str title=\"4 characters\">0.00</span>\"
    \"<span class=sf-dump-key>bedrooms</span>\" => \"<span class=sf-dump-str>4</span>\"
    \"<span class=sf-dump-key>bathrooms</span>\" => <span class=sf-dump-num>3</span>
    \"<span class=sf-dump-key>ensuites</span>\" => <span class=sf-dump-num>0</span>
    \"<span class=sf-dump-key>toilets</span>\" => <span class=sf-dump-num>0</span>
    \"<span class=sf-dump-key>garage_spaces</span>\" => <span class=sf-dump-num>1</span>
    \"<span class=sf-dump-key>carport_spaces</span>\" => <span class=sf-dump-num>0</span>
    \"<span class=sf-dump-key>popen_spaces</span>\" => <span class=sf-dump-num>0</span>
    \"<span class=sf-dump-key>living_areas</span>\" => <span class=sf-dump-const>null</span>
    \"<span class=sf-dump-key>house_size</span>\" => <span class=sf-dump-const>null</span>
    \"<span class=sf-dump-key>house_size_unit</span>\" => \"<span class=sf-dump-str title=\"7 characters\">Squares</span>\"
    \"<span class=sf-dump-key>land_size</span>\" => \"<span class=sf-dump-str title=\"3 characters\">159</span>\"
    \"<span class=sf-dump-key>land_size_unit</span>\" => \"<span class=sf-dump-str title=\"12 characters\">quare metres</span>\"
    \"<span class=sf-dump-key>energy_efficiency_rating</span>\" => <span class=sf-dump-const>null</span>
    \"<span class=sf-dump-key>outdoor_features</span>\" => \"<span class=sf-dump-str title=\"74 characters\">Balcony,Ensuite,Fully Fenced,Outdoor Entertainment Area,Undercover parking</span>\"
    \"<span class=sf-dump-key>indoor_features</span>\" => \"<span class=sf-dump-str title=\"10 characters\">Dishwasher</span>\"
    \"<span class=sf-dump-key>heating_cooling</span>\" => \"<span class=sf-dump-str title=\"5 characters\">A / C</span>\"
    \"<span class=sf-dump-key>eco_friendly_features</span>\" => \"\"
    \"<span class=sf-dump-key>other_features</span>\" => <span class=sf-dump-const>null</span>
    \"<span class=sf-dump-key>published_date</span>\" => \"<span class=sf-dump-str title=\"10 characters\">2025-05-15</span>\"
    \"<span class=sf-dump-key>map_link_url</span>\" => <span class=sf-dump-const>null</span>
    \"<span class=sf-dump-key>latitude</span>\" => \"<span class=sf-dump-str title=\"11 characters\">-37.7758165</span>\"
    \"<span class=sf-dump-key>longitude</span>\" => \"<span class=sf-dump-str title=\"11 characters\">145.0390471</span>\"
    \"<span class=sf-dump-key>sold_date</span>\" => <span class=sf-dump-const>null</span>
    \"<span class=sf-dump-key>sold_price</span>\" => <span class=sf-dump-const>null</span>
    \"<span class=sf-dump-key>auction_date</span>\" => <span class=sf-dump-const>null</span>
    \"<span class=sf-dump-key>auction_time</span>\" => <span class=sf-dump-const>null</span>
    \"<span class=sf-dump-key>auction_location</span>\" => <span class=sf-dump-const>null</span>
    \"<span class=sf-dump-key>underContract</span>\" => \"<span class=sf-dump-str>0</span>\"
    \"<span class=sf-dump-key>leased_date</span>\" => <span class=sf-dump-const>null</span>
    \"<span class=sf-dump-key>bond</span>\" => <span class=sf-dump-const>null</span>
    \"<span class=sf-dump-key>created_at</span>\" => \"<span class=sf-dump-str title=\"19 characters\">2025-05-15 06:58:44</span>\"
    \"<span class=sf-dump-key>updated_at</span>\" => \"<span class=sf-dump-str title=\"19 characters\">2025-08-26 12:51:43</span>\"
  </samp>]
  #<span class=sf-dump-protected title=\"Protected property\">original</span>: <span class=sf-dump-note>array:82</span> [<samp data-depth=2 class=sf-dump-compact>
    \"<span class=sf-dump-key>id</span>\" => <span class=sf-dump-num>72</span>
    \"<span class=sf-dump-key>property_id</span>\" => <span class=sf-dump-num>0</span>
    \"<span class=sf-dump-key>user_id</span>\" => <span class=sf-dump-num>50</span>
    \"<span class=sf-dump-key>agency_id</span>\" => <span class=sf-dump-num>0</span>
    \"<span class=sf-dump-key>assestant_user_id</span>\" => <span class=sf-dump-const>null</span>
    \"<span class=sf-dump-key>show_assestant_user</span>\" => <span class=sf-dump-num>0</span>
    \"<span class=sf-dump-key>category_id</span>\" => <span class=sf-dump-num>1</span>
    \"<span class=sf-dump-key>status_id</span>\" => <span class=sf-dump-num>0</span>
    \"<span class=sf-dump-key>package_id</span>\" => <span class=sf-dump-num>3</span>
    \"<span class=sf-dump-key>display_start_date</span>\" => <span class=sf-dump-const>null</span>
    \"<span class=sf-dump-key>display_end_date</span>\" => <span class=sf-dump-const>null</span>
    \"<span class=sf-dump-key>package_name</span>\" => \"<span class=sf-dump-str title=\"5 characters\">Elite</span>\"
    \"<span class=sf-dump-key>property_type_id</span>\" => <span class=sf-dump-num>2</span>
    \"<span class=sf-dump-key>property_status_type</span>\" => \"<span class=sf-dump-str title=\"16 characters\">New Construction</span>\"
    \"<span class=sf-dump-key>property_authority</span>\" => \"<span class=sf-dump-str>2</span>\"
    \"<span class=sf-dump-key>name</span>\" => \"<span class=sf-dump-str title=\"36 characters\">Smart Designs for Modern Family Life</span>\"
    \"<span class=sf-dump-key>slug</span>\" => \"<span class=sf-dump-str title=\"36 characters\">smart-designs-for-modern-family-life</span>\"
    \"<span class=sf-dump-key>price</span>\" => \"<span class=sf-dump-str title=\"10 characters\">1725000.00</span>\"
    \"<span class=sf-dump-key>min_price</span>\" => \"<span class=sf-dump-str title=\"13 characters\">Contact Agent</span>\"
    \"<span class=sf-dump-key>max_price</span>\" => \"<span class=sf-dump-str title=\"4 characters\">0.00</span>\"
    \"<span class=sf-dump-key>show_price</span>\" => \"<span class=sf-dump-str>0</span>\"
    \"<span class=sf-dump-key>hide_price_show_contact_agent</span>\" => <span class=sf-dump-num>0</span>
    \"<span class=sf-dump-key>image</span>\" => \"<span class=sf-dump-str title=\"14 characters\">91670_main.jpg</span>\"
    \"<span class=sf-dump-key>floorplan</span>\" => <span class=sf-dump-const>null</span>
    \"<span class=sf-dump-key>statement_information</span>\" => <span class=sf-dump-const>null</span>
    \"<span class=sf-dump-key>front_page_image</span>\" => <span class=sf-dump-const>null</span>
    \"<span class=sf-dump-key>video_url</span>\" => <span class=sf-dump-const>null</span>
    \"<span class=sf-dump-key>banner</span>\" => <span class=sf-dump-const>null</span>
    \"<span class=sf-dump-key>is_featured</span>\" => \"<span class=sf-dump-str title=\"2 characters\">No</span>\"
    \"<span class=sf-dump-key>is_new</span>\" => \"<span class=sf-dump-str title=\"3 characters\">Yes</span>\"
    \"<span class=sf-dump-key>sort_order</span>\" => <span class=sf-dump-num>1</span>
    \"<span class=sf-dump-key>short_contents</span>\" => <span class=sf-dump-const>null</span>
    \"<span class=sf-dump-key>full_contents</span>\" => \"\"\"
      <span class=sf-dump-str title=\"1124 characters\">Lot 1 <span class=\"sf-dump-default sf-dump-ns\">\\
</span></span>
      <span class=sf-dump-str title=\"1124 characters\">Layout: 4 Bed | 3 Bath | 2 Car | 159 sqm Floor area<span class=\"sf-dump-default sf-dump-ns\">\\
</span></span>
      <span class=sf-dump-str title=\"1124 characters\"><span class=\"sf-dump-default sf-dump-ns\">\\
</span></span>
      <span class=sf-dump-str title=\"1124 characters\">Property Highlights<span class=\"sf-dump-default sf-dump-ns\">\\
</span></span>
      <span class=sf-dump-str title=\"1124 characters\">* Spacious Open-Plan Living: Herringbone parquet laminate flooring in the main areas and bedrooms, with carpet on the stairs for added comfort.<span class=\"sf-dump-default sf-dump-ns\">\\
</span></span>
      <span class=sf-dump-str title=\"1124 characters\">Modern Kitchen: Equipped with SMEG premium appliances, including an oven, microwave, and dishwasher. The kitchen island features natural Italian<span class=\"sf-dump-default sf-dump-ns\">\\
</span></span>
      <span class=sf-dump-str title=\"1124 characters\">marble for a luxurious touch.<span class=\"sf-dump-default sf-dump-ns\">\\
</span></span>
      <span class=sf-dump-str title=\"1124 characters\">* Thoughtful Lighting Design: 35 warm LED downlights throughout the home create a bright and cozy atmosphere, complemented by exterior sensor lights<span class=\"sf-dump-default sf-dump-ns\">\\
</span></span>
      <span class=sf-dump-str title=\"1124 characters\">in sleek black designs.<span class=\"sf-dump-default sf-dump-ns\">\\
</span></span>
      <span class=sf-dump-str title=\"1124 characters\">* Elegant Details: USB-compatible switches and power outlets, matte black hardware throughout, enhancing the overall sophistication of the home.<span class=\"sf-dump-default sf-dump-ns\">\\
</span></span>
      <span class=sf-dump-str title=\"1124 characters\">Property Highlights<span class=\"sf-dump-default sf-dump-ns\">\\
</span></span>
      <span class=sf-dump-str title=\"1124 characters\">* Air Conditioning System: Split heating and cooling air conditioners ensure year-round comfort.<span class=\"sf-dump-default sf-dump-ns\">\\
</span></span>
      <span class=sf-dump-str title=\"1124 characters\"><span class=\"sf-dump-default sf-dump-ns\">\\
</span></span>
      <span class=sf-dump-str title=\"1124 characters\">Public School Zone:<span class=\"sf-dump-default sf-dump-ns\">\\
</span></span>
      <span class=sf-dump-str title=\"1124 characters\">Alphington Primary School | 1.2km<span class=\"sf-dump-default sf-dump-ns\">\\
</span></span>
      <span class=sf-dump-str title=\"1124 characters\">Thornbury High School&#65372;4.4km<span class=\"sf-dump-default sf-dump-ns\">\\
</span></span>
      <span class=sf-dump-str title=\"1124 characters\"><span class=\"sf-dump-default sf-dump-ns\">\\
</span></span>
      <span class=sf-dump-str title=\"1124 characters\">Transport&#65306;<span class=\"sf-dump-default sf-dump-ns\">\\
</span></span>
      <span class=sf-dump-str title=\"1124 characters\">Convenient Living Area Darebin railway station &#65372; 400m<span class=\"sf-dump-default sf-dump-ns\">\\
</span></span>
      <span class=sf-dump-str title=\"1124 characters\">Darebin Bus Station &#65372; 100m<span class=\"sf-dump-default sf-dump-ns\">\\
</span></span>
      <span class=sf-dump-str title=\"1124 characters\"><span class=\"sf-dump-default sf-dump-ns\">\\
</span></span>
      <span class=sf-dump-str title=\"1124 characters\">Lifestyle&#65306;<span class=\"sf-dump-default sf-dump-ns\">\\
</span></span>
      <span class=sf-dump-str title=\"1124 characters\">Sparks Park &#65372; 300m<span class=\"sf-dump-default sf-dump-ns\">\\
</span></span>
      <span class=sf-dump-str title=\"1124 characters\">Alphington Agricultural Market &#65372; 1.3km<span class=\"sf-dump-default sf-dump-ns\">\\
</span></span>
      <span class=sf-dump-str title=\"1124 characters\">Ivanhoe Plaza &#65372; 950m</span>
      \"\"\"
    \"<span class=sf-dump-key>status</span>\" => \"<span class=sf-dump-str title=\"3 characters\">Yes</span>\"
    \"<span class=sf-dump-key>admin_status</span>\" => \"<span class=sf-dump-str title=\"3 characters\">Yes</span>\"
    \"<span class=sf-dump-key>vendor_name</span>\" => \"<span class=sf-dump-str title=\"3 characters\">zim</span>\"
    \"<span class=sf-dump-key>vendor_email</span>\" => \"<span class=sf-dump-str title=\"19 characters\">zimroy689@gmail.com</span>\"
    \"<span class=sf-dump-key>vendor_phone</span>\" => \"<span class=sf-dump-str title=\"10 characters\">0430883278</span>\"
    \"<span class=sf-dump-key>send_public_mail_to_vender</span>\" => <span class=sf-dump-num>1</span>
    \"<span class=sf-dump-key>send_weekly_mail_to_vender</span>\" => <span class=sf-dump-num>0</span>
    \"<span class=sf-dump-key>address_unit</span>\" => <span class=sf-dump-const>null</span>
    \"<span class=sf-dump-key>street_address</span>\" => \"<span class=sf-dump-str title=\"18 characters\">1012 Heidelberg Rd</span>\"
    \"<span class=sf-dump-key>suburb</span>\" => \"<span class=sf-dump-str title=\"7 characters\">Ivanhoe</span>\"
    \"<span class=sf-dump-key>postcode</span>\" => \"<span class=sf-dump-str title=\"4 characters\">3079</span>\"
    \"<span class=sf-dump-key>state_id</span>\" => <span class=sf-dump-num>2</span>
    \"<span class=sf-dump-key>municipality</span>\" => <span class=sf-dump-const>null</span>
    \"<span class=sf-dump-key>hide_street_address</span>\" => <span class=sf-dump-num>1</span>
    \"<span class=sf-dump-key>hide_street_view</span>\" => <span class=sf-dump-num>0</span>
    \"<span class=sf-dump-key>auction_result</span>\" => \"<span class=sf-dump-str title=\"16 characters\">To be determined</span>\"
    \"<span class=sf-dump-key>maximum_bid</span>\" => \"<span class=sf-dump-str title=\"4 characters\">0.00</span>\"
    \"<span class=sf-dump-key>bedrooms</span>\" => \"<span class=sf-dump-str>4</span>\"
    \"<span class=sf-dump-key>bathrooms</span>\" => <span class=sf-dump-num>3</span>
    \"<span class=sf-dump-key>ensuites</span>\" => <span class=sf-dump-num>0</span>
    \"<span class=sf-dump-key>toilets</span>\" => <span class=sf-dump-num>0</span>
    \"<span class=sf-dump-key>garage_spaces</span>\" => <span class=sf-dump-num>1</span>
    \"<span class=sf-dump-key>carport_spaces</span>\" => <span class=sf-dump-num>0</span>
    \"<span class=sf-dump-key>popen_spaces</span>\" => <span class=sf-dump-num>0</span>
    \"<span class=sf-dump-key>living_areas</span>\" => <span class=sf-dump-const>null</span>
    \"<span class=sf-dump-key>house_size</span>\" => <span class=sf-dump-const>null</span>
    \"<span class=sf-dump-key>house_size_unit</span>\" => \"<span class=sf-dump-str title=\"7 characters\">Squares</span>\"
    \"<span class=sf-dump-key>land_size</span>\" => \"<span class=sf-dump-str title=\"3 characters\">159</span>\"
    \"<span class=sf-dump-key>land_size_unit</span>\" => \"<span class=sf-dump-str title=\"12 characters\">quare metres</span>\"
    \"<span class=sf-dump-key>energy_efficiency_rating</span>\" => <span class=sf-dump-const>null</span>
    \"<span class=sf-dump-key>outdoor_features</span>\" => \"<span class=sf-dump-str title=\"74 characters\">Balcony,Ensuite,Fully Fenced,Outdoor Entertainment Area,Undercover parking</span>\"
    \"<span class=sf-dump-key>indoor_features</span>\" => \"<span class=sf-dump-str title=\"10 characters\">Dishwasher</span>\"
    \"<span class=sf-dump-key>heating_cooling</span>\" => \"<span class=sf-dump-str title=\"5 characters\">A / C</span>\"
    \"<span class=sf-dump-key>eco_friendly_features</span>\" => \"\"
    \"<span class=sf-dump-key>other_features</span>\" => <span class=sf-dump-const>null</span>
    \"<span class=sf-dump-key>published_date</span>\" => \"<span class=sf-dump-str title=\"10 characters\">2025-05-15</span>\"
    \"<span class=sf-dump-key>map_link_url</span>\" => <span class=sf-dump-const>null</span>
    \"<span class=sf-dump-key>latitude</span>\" => \"<span class=sf-dump-str title=\"11 characters\">-37.7758165</span>\"
    \"<span class=sf-dump-key>longitude</span>\" => \"<span class=sf-dump-str title=\"11 characters\">145.0390471</span>\"
    \"<span class=sf-dump-key>sold_date</span>\" => <span class=sf-dump-const>null</span>
    \"<span class=sf-dump-key>sold_price</span>\" => <span class=sf-dump-const>null</span>
    \"<span class=sf-dump-key>auction_date</span>\" => <span class=sf-dump-const>null</span>
    \"<span class=sf-dump-key>auction_time</span>\" => <span class=sf-dump-const>null</span>
    \"<span class=sf-dump-key>auction_location</span>\" => <span class=sf-dump-const>null</span>
    \"<span class=sf-dump-key>underContract</span>\" => \"<span class=sf-dump-str>0</span>\"
    \"<span class=sf-dump-key>leased_date</span>\" => <span class=sf-dump-const>null</span>
    \"<span class=sf-dump-key>bond</span>\" => <span class=sf-dump-const>null</span>
    \"<span class=sf-dump-key>created_at</span>\" => \"<span class=sf-dump-str title=\"19 characters\">2025-05-15 06:58:44</span>\"
    \"<span class=sf-dump-key>updated_at</span>\" => \"<span class=sf-dump-str title=\"19 characters\">2025-08-26 12:51:43</span>\"
  </samp>]
  #<span class=sf-dump-protected title=\"Protected property\">changes</span>: []
  #<span class=sf-dump-protected title=\"Protected property\">casts</span>: []
  #<span class=sf-dump-protected title=\"Protected property\">classCastCache</span>: []
  #<span class=sf-dump-protected title=\"Protected property\">attributeCastCache</span>: []
  #<span class=sf-dump-protected title=\"Protected property\">dates</span>: []
  #<span class=sf-dump-protected title=\"Protected property\">dateFormat</span>: <span class=sf-dump-const>null</span>
  #<span class=sf-dump-protected title=\"Protected property\">appends</span>: []
  #<span class=sf-dump-protected title=\"Protected property\">dispatchesEvents</span>: []
  #<span class=sf-dump-protected title=\"Protected property\">observables</span>: []
  #<span class=sf-dump-protected title=\"Protected property\">relations</span>: <span class=sf-dump-note>array:4</span> [<samp data-depth=2 class=sf-dump-compact>
    \"<span class=sf-dump-key>agent</span>\" => <span class=sf-dump-note title=\"App\\Model\\Agents
\"><span class=\"sf-dump-ellipsis sf-dump-ellipsis-note\">App\\Model</span><span class=\"sf-dump-ellipsis sf-dump-ellipsis-note\">\\</span>Agents</span> {<a class=sf-dump-ref>#1569</a><samp data-depth=3 class=sf-dump-compact>
      #<span class=sf-dump-protected title=\"Protected property\">table</span>: \"<span class=sf-dump-str title=\"9 characters\">tbl_users</span>\"
      #<span class=sf-dump-protected title=\"Protected property\">primaryKey</span>: \"<span class=sf-dump-str title=\"2 characters\">id</span>\"
      #<span class=sf-dump-protected title=\"Protected property\">connection</span>: \"<span class=sf-dump-str title=\"5 characters\">mysql</span>\"
      #<span class=sf-dump-protected title=\"Protected property\">keyType</span>: \"<span class=sf-dump-str title=\"3 characters\">int</span>\"
      +<span class=sf-dump-public title=\"Public property\">incrementing</span>: <span class=sf-dump-const>true</span>
      #<span class=sf-dump-protected title=\"Protected property\">with</span>: []
      #<span class=sf-dump-protected title=\"Protected property\">withCount</span>: []
      +<span class=sf-dump-public title=\"Public property\">preventsLazyLoading</span>: <span class=sf-dump-const>false</span>
      #<span class=sf-dump-protected title=\"Protected property\">perPage</span>: <span class=sf-dump-num>15</span>
      +<span class=sf-dump-public title=\"Public property\">exists</span>: <span class=sf-dump-const>true</span>
      +<span class=sf-dump-public title=\"Public property\">wasRecentlyCreated</span>: <span class=sf-dump-const>false</span>
      #<span class=sf-dump-protected title=\"Protected property\">escapeWhenCastingToString</span>: <span class=sf-dump-const>false</span>
      #<span class=sf-dump-protected title=\"Protected property\">attributes</span>: <span class=sf-dump-note>array:77</span> [ &hellip;77]
      #<span class=sf-dump-protected title=\"Protected property\">original</span>: <span class=sf-dump-note>array:77</span> [ &hellip;77]
      #<span class=sf-dump-protected title=\"Protected property\">changes</span>: []
      #<span class=sf-dump-protected title=\"Protected property\">casts</span>: []
      #<span class=sf-dump-protected title=\"Protected property\">classCastCache</span>: []
      #<span class=sf-dump-protected title=\"Protected property\">attributeCastCache</span>: []
      #<span class=sf-dump-protected title=\"Protected property\">dates</span>: []
      #<span class=sf-dump-protected title=\"Protected property\">dateFormat</span>: <span class=sf-dump-const>null</span>
      #<span class=sf-dump-protected title=\"Protected property\">appends</span>: []
      #<span class=sf-dump-protected title=\"Protected property\">dispatchesEvents</span>: []
      #<span class=sf-dump-protected title=\"Protected property\">observables</span>: []
      #<span class=sf-dump-protected title=\"Protected property\">relations</span>: []
      #<span class=sf-dump-protected title=\"Protected property\">touches</span>: []
      +<span class=sf-dump-public title=\"Public property\">timestamps</span>: <span class=sf-dump-const>true</span>
      #<span class=sf-dump-protected title=\"Protected property\">hidden</span>: []
      #<span class=sf-dump-protected title=\"Protected property\">visible</span>: []
      #<span class=sf-dump-protected title=\"Protected property\">fillable</span>: []
      #<span class=sf-dump-protected title=\"Protected property\">guarded</span>: <span class=sf-dump-note>array:1</span> [ &hellip;1]
    </samp>}
    \"<span class=sf-dump-key>property_option</span>\" => <span class=sf-dump-note title=\"App\\Model\\Propertyoptions
\"><span class=\"sf-dump-ellipsis sf-dump-ellipsis-note\">App\\Model</span><span class=\"sf-dump-ellipsis sf-dump-ellipsis-note\">\\</span>Propertyoptions</span> {<a class=sf-dump-ref>#1570</a><samp data-depth=3 class=sf-dump-compact>
      #<span class=sf-dump-protected title=\"Protected property\">table</span>: \"<span class=sf-dump-str title=\"19 characters\">tbl_property_option</span>\"
      #<span class=sf-dump-protected title=\"Protected property\">primaryKey</span>: \"<span class=sf-dump-str title=\"2 characters\">id</span>\"
      +<span class=sf-dump-public title=\"Public property\">timestamps</span>: <span class=sf-dump-const>false</span>
      #<span class=sf-dump-protected title=\"Protected property\">connection</span>: \"<span class=sf-dump-str title=\"5 characters\">mysql</span>\"
      #<span class=sf-dump-protected title=\"Protected property\">keyType</span>: \"<span class=sf-dump-str title=\"3 characters\">int</span>\"
      +<span class=sf-dump-public title=\"Public property\">incrementing</span>: <span class=sf-dump-const>true</span>
      #<span class=sf-dump-protected title=\"Protected property\">with</span>: []
      #<span class=sf-dump-protected title=\"Protected property\">withCount</span>: []
      +<span class=sf-dump-public title=\"Public property\">preventsLazyLoading</span>: <span class=sf-dump-const>false</span>
      #<span class=sf-dump-protected title=\"Protected property\">perPage</span>: <span class=sf-dump-num>15</span>
      +<span class=sf-dump-public title=\"Public property\">exists</span>: <span class=sf-dump-const>true</span>
      +<span class=sf-dump-public title=\"Public property\">wasRecentlyCreated</span>: <span class=sf-dump-const>false</span>
      #<span class=sf-dump-protected title=\"Protected property\">escapeWhenCastingToString</span>: <span class=sf-dump-const>false</span>
      #<span class=sf-dump-protected title=\"Protected property\">attributes</span>: <span class=sf-dump-note>array:7</span> [ &hellip;7]
      #<span class=sf-dump-protected title=\"Protected property\">original</span>: <span class=sf-dump-note>array:7</span> [ &hellip;7]
      #<span class=sf-dump-protected title=\"Protected property\">changes</span>: []
      #<span class=sf-dump-protected title=\"Protected property\">casts</span>: []
      #<span class=sf-dump-protected title=\"Protected property\">classCastCache</span>: []
      #<span class=sf-dump-protected title=\"Protected property\">attributeCastCache</span>: []
      #<span class=sf-dump-protected title=\"Protected property\">dates</span>: []
      #<span class=sf-dump-protected title=\"Protected property\">dateFormat</span>: <span class=sf-dump-const>null</span>
      #<span class=sf-dump-protected title=\"Protected property\">appends</span>: []
      #<span class=sf-dump-protected title=\"Protected property\">dispatchesEvents</span>: []
      #<span class=sf-dump-protected title=\"Protected property\">observables</span>: []
      #<span class=sf-dump-protected title=\"Protected property\">relations</span>: []
      #<span class=sf-dump-protected title=\"Protected property\">touches</span>: []
      #<span class=sf-dump-protected title=\"Protected property\">hidden</span>: []
      #<span class=sf-dump-protected title=\"Protected property\">visible</span>: []
      #<span class=sf-dump-protected title=\"Protected property\">fillable</span>: []
      #<span class=sf-dump-protected title=\"Protected property\">guarded</span>: <span class=sf-dump-note>array:1</span> [ &hellip;1]
    </samp>}
    \"<span class=sf-dump-key>property_state</span>\" => <span class=sf-dump-note title=\"App\\Model\\States
\"><span class=\"sf-dump-ellipsis sf-dump-ellipsis-note\">App\\Model</span><span class=\"sf-dump-ellipsis sf-dump-ellipsis-note\">\\</span>States</span> {<a class=sf-dump-ref>#1572</a><samp data-depth=3 class=sf-dump-compact>
      #<span class=sf-dump-protected title=\"Protected property\">table</span>: \"<span class=sf-dump-str title=\"10 characters\">tbl_states</span>\"
      +<span class=sf-dump-public title=\"Public property\">timestamps</span>: <span class=sf-dump-const>false</span>
      #<span class=sf-dump-protected title=\"Protected property\">connection</span>: \"<span class=sf-dump-str title=\"5 characters\">mysql</span>\"
      #<span class=sf-dump-protected title=\"Protected property\">primaryKey</span>: \"<span class=sf-dump-str title=\"2 characters\">id</span>\"
      #<span class=sf-dump-protected title=\"Protected property\">keyType</span>: \"<span class=sf-dump-str title=\"3 characters\">int</span>\"
      +<span class=sf-dump-public title=\"Public property\">incrementing</span>: <span class=sf-dump-const>true</span>
      #<span class=sf-dump-protected title=\"Protected property\">with</span>: []
      #<span class=sf-dump-protected title=\"Protected property\">withCount</span>: []
      +<span class=sf-dump-public title=\"Public property\">preventsLazyLoading</span>: <span class=sf-dump-const>false</span>
      #<span class=sf-dump-protected title=\"Protected property\">perPage</span>: <span class=sf-dump-num>15</span>
      +<span class=sf-dump-public title=\"Public property\">exists</span>: <span class=sf-dump-const>true</span>
      +<span class=sf-dump-public title=\"Public property\">wasRecentlyCreated</span>: <span class=sf-dump-const>false</span>
      #<span class=sf-dump-protected title=\"Protected property\">escapeWhenCastingToString</span>: <span class=sf-dump-const>false</span>
      #<span class=sf-dump-protected title=\"Protected property\">attributes</span>: <span class=sf-dump-note>array:15</span> [ &hellip;15]
      #<span class=sf-dump-protected title=\"Protected property\">original</span>: <span class=sf-dump-note>array:15</span> [ &hellip;15]
      #<span class=sf-dump-protected title=\"Protected property\">changes</span>: []
      #<span class=sf-dump-protected title=\"Protected property\">casts</span>: []
      #<span class=sf-dump-protected title=\"Protected property\">classCastCache</span>: []
      #<span class=sf-dump-protected title=\"Protected property\">attributeCastCache</span>: []
      #<span class=sf-dump-protected title=\"Protected property\">dates</span>: []
      #<span class=sf-dump-protected title=\"Protected property\">dateFormat</span>: <span class=sf-dump-const>null</span>
      #<span class=sf-dump-protected title=\"Protected property\">appends</span>: []
      #<span class=sf-dump-protected title=\"Protected property\">dispatchesEvents</span>: []
      #<span class=sf-dump-protected title=\"Protected property\">observables</span>: []
      #<span class=sf-dump-protected title=\"Protected property\">relations</span>: []
      #<span class=sf-dump-protected title=\"Protected property\">touches</span>: []
      #<span class=sf-dump-protected title=\"Protected property\">hidden</span>: []
      #<span class=sf-dump-protected title=\"Protected property\">visible</span>: []
      #<span class=sf-dump-protected title=\"Protected property\">fillable</span>: []
      #<span class=sf-dump-protected title=\"Protected property\">guarded</span>: <span class=sf-dump-note>array:1</span> [ &hellip;1]
    </samp>}
    \"<span class=sf-dump-key>property_type</span>\" => <span class=sf-dump-note title=\"App\\Model\\Propertytypes
\"><span class=\"sf-dump-ellipsis sf-dump-ellipsis-note\">App\\Model</span><span class=\"sf-dump-ellipsis sf-dump-ellipsis-note\">\\</span>Propertytypes</span> {<a class=sf-dump-ref>#1574</a><samp data-depth=3 class=sf-dump-compact>
      #<span class=sf-dump-protected title=\"Protected property\">table</span>: \"<span class=sf-dump-str title=\"18 characters\">tbl_property_types</span>\"
      #<span class=sf-dump-protected title=\"Protected property\">primaryKey</span>: \"<span class=sf-dump-str title=\"2 characters\">id</span>\"
      +<span class=sf-dump-public title=\"Public property\">timestamps</span>: <span class=sf-dump-const>false</span>
      #<span class=sf-dump-protected title=\"Protected property\">connection</span>: \"<span class=sf-dump-str title=\"5 characters\">mysql</span>\"
      #<span class=sf-dump-protected title=\"Protected property\">keyType</span>: \"<span class=sf-dump-str title=\"3 characters\">int</span>\"
      +<span class=sf-dump-public title=\"Public property\">incrementing</span>: <span class=sf-dump-const>true</span>
      #<span class=sf-dump-protected title=\"Protected property\">with</span>: []
      #<span class=sf-dump-protected title=\"Protected property\">withCount</span>: []
      +<span class=sf-dump-public title=\"Public property\">preventsLazyLoading</span>: <span class=sf-dump-const>false</span>
      #<span class=sf-dump-protected title=\"Protected property\">perPage</span>: <span class=sf-dump-num>15</span>
      +<span class=sf-dump-public title=\"Public property\">exists</span>: <span class=sf-dump-const>true</span>
      +<span class=sf-dump-public title=\"Public property\">wasRecentlyCreated</span>: <span class=sf-dump-const>false</span>
      #<span class=sf-dump-protected title=\"Protected property\">escapeWhenCastingToString</span>: <span class=sf-dump-const>false</span>
      #<span class=sf-dump-protected title=\"Protected property\">attributes</span>: <span class=sf-dump-note>array:6</span> [ &hellip;6]
      #<span class=sf-dump-protected title=\"Protected property\">original</span>: <span class=sf-dump-note>array:6</span> [ &hellip;6]
      #<span class=sf-dump-protected title=\"Protected property\">changes</span>: []
      #<span class=sf-dump-protected title=\"Protected property\">casts</span>: []
      #<span class=sf-dump-protected title=\"Protected property\">classCastCache</span>: []
      #<span class=sf-dump-protected title=\"Protected property\">attributeCastCache</span>: []
      #<span class=sf-dump-protected title=\"Protected property\">dates</span>: []
      #<span class=sf-dump-protected title=\"Protected property\">dateFormat</span>: <span class=sf-dump-const>null</span>
      #<span class=sf-dump-protected title=\"Protected property\">appends</span>: []
      #<span class=sf-dump-protected title=\"Protected property\">dispatchesEvents</span>: []
      #<span class=sf-dump-protected title=\"Protected property\">observables</span>: []
      #<span class=sf-dump-protected title=\"Protected property\">relations</span>: []
      #<span class=sf-dump-protected title=\"Protected property\">touches</span>: []
      #<span class=sf-dump-protected title=\"Protected property\">hidden</span>: []
      #<span class=sf-dump-protected title=\"Protected property\">visible</span>: []
      #<span class=sf-dump-protected title=\"Protected property\">fillable</span>: []
      #<span class=sf-dump-protected title=\"Protected property\">guarded</span>: <span class=sf-dump-note>array:1</span> [ &hellip;1]
    </samp>}
  </samp>]
  #<span class=sf-dump-protected title=\"Protected property\">touches</span>: []
  +<span class=sf-dump-public title=\"Public property\">timestamps</span>: <span class=sf-dump-const>true</span>
  #<span class=sf-dump-protected title=\"Protected property\">hidden</span>: []
  #<span class=sf-dump-protected title=\"Protected property\">visible</span>: []
  #<span class=sf-dump-protected title=\"Protected property\">fillable</span>: []
  #<span class=sf-dump-protected title=\"Protected property\">guarded</span>: <span class=sf-dump-note>array:1</span> [<samp data-depth=2 class=sf-dump-compact>
    <span class=sf-dump-index>0</span> => \"<span class=sf-dump-str>*</span>\"
  </samp>]
</samp>}
</pre><script>Sfdump(\"sf-dump-1970548604\", {\"maxDepth\":3,\"maxStringLength\":160})</script>
","rs_images":"<pre class=sf-dump id=sf-dump-1539002033 data-indent-pad=\"  \"><span class=sf-dump-note>array:4</span> [<samp data-depth=1 class=sf-dump-expanded>
  <span class=sf-dump-index>0</span> => <span class=sf-dump-note>array:9</span> [<samp data-depth=2 class=sf-dump-compact>
    \"<span class=sf-dump-key>id</span>\" => <span class=sf-dump-num>13258</span>
    \"<span class=sf-dump-key>img_type</span>\" => \"<span class=sf-dump-str title=\"6 characters\">images</span>\"
    \"<span class=sf-dump-key>property_id</span>\" => <span class=sf-dump-num>72</span>
    \"<span class=sf-dump-key>image</span>\" => \"<span class=sf-dump-str title=\"11 characters\">15400_1.jpg</span>\"
    \"<span class=sf-dump-key>sort_order</span>\" => <span class=sf-dump-const>null</span>
    \"<span class=sf-dump-key>featured</span>\" => \"<span class=sf-dump-str title=\"2 characters\">No</span>\"
    \"<span class=sf-dump-key>status</span>\" => \"<span class=sf-dump-str title=\"2 characters\">No</span>\"
    \"<span class=sf-dump-key>created_at</span>\" => \"<span class=sf-dump-str title=\"27 characters\">2025-05-15T06:59:52.000000Z</span>\"
    \"<span class=sf-dump-key>updated_at</span>\" => \"<span class=sf-dump-str title=\"27 characters\">2025-05-15T06:59:52.000000Z</span>\"
  </samp>]
  <span class=sf-dump-index>1</span> => <span class=sf-dump-note>array:9</span> [<samp data-depth=2 class=sf-dump-compact>
    \"<span class=sf-dump-key>id</span>\" => <span class=sf-dump-num>13259</span>
    \"<span class=sf-dump-key>img_type</span>\" => \"<span class=sf-dump-str title=\"6 characters\">images</span>\"
    \"<span class=sf-dump-key>property_id</span>\" => <span class=sf-dump-num>72</span>
    \"<span class=sf-dump-key>image</span>\" => \"<span class=sf-dump-str title=\"11 characters\">21377_2.jpg</span>\"
    \"<span class=sf-dump-key>sort_order</span>\" => <span class=sf-dump-const>null</span>
    \"<span class=sf-dump-key>featured</span>\" => \"<span class=sf-dump-str title=\"2 characters\">No</span>\"
    \"<span class=sf-dump-key>status</span>\" => \"<span class=sf-dump-str title=\"2 characters\">No</span>\"
    \"<span class=sf-dump-key>created_at</span>\" => \"<span class=sf-dump-str title=\"27 characters\">2025-05-15T06:59:52.000000Z</span>\"
    \"<span class=sf-dump-key>updated_at</span>\" => \"<span class=sf-dump-str title=\"27 characters\">2025-05-15T06:59:52.000000Z</span>\"
  </samp>]
  <span class=sf-dump-index>2</span> => <span class=sf-dump-note>array:9</span> [<samp data-depth=2 class=sf-dump-compact>
    \"<span class=sf-dump-key>id</span>\" => <span class=sf-dump-num>13260</span>
    \"<span class=sf-dump-key>img_type</span>\" => \"<span class=sf-dump-str title=\"6 characters\">images</span>\"
    \"<span class=sf-dump-key>property_id</span>\" => <span class=sf-dump-num>72</span>
    \"<span class=sf-dump-key>image</span>\" => \"<span class=sf-dump-str title=\"11 characters\">68224_3.jpg</span>\"
    \"<span class=sf-dump-key>sort_order</span>\" => <span class=sf-dump-const>null</span>
    \"<span class=sf-dump-key>featured</span>\" => \"<span class=sf-dump-str title=\"2 characters\">No</span>\"
    \"<span class=sf-dump-key>status</span>\" => \"<span class=sf-dump-str title=\"2 characters\">No</span>\"
    \"<span class=sf-dump-key>created_at</span>\" => \"<span class=sf-dump-str title=\"27 characters\">2025-05-15T06:59:52.000000Z</span>\"
    \"<span class=sf-dump-key>updated_at</span>\" => \"<span class=sf-dump-str title=\"27 characters\">2025-05-15T06:59:52.000000Z</span>\"
  </samp>]
  <span class=sf-dump-index>3</span> => <span class=sf-dump-note>array:9</span> [<samp data-depth=2 class=sf-dump-compact>
    \"<span class=sf-dump-key>id</span>\" => <span class=sf-dump-num>13261</span>
    \"<span class=sf-dump-key>img_type</span>\" => \"<span class=sf-dump-str title=\"6 characters\">images</span>\"
    \"<span class=sf-dump-key>property_id</span>\" => <span class=sf-dump-num>72</span>
    \"<span class=sf-dump-key>image</span>\" => \"<span class=sf-dump-str title=\"11 characters\">88955_4.jpg</span>\"
    \"<span class=sf-dump-key>sort_order</span>\" => <span class=sf-dump-const>null</span>
    \"<span class=sf-dump-key>featured</span>\" => \"<span class=sf-dump-str title=\"2 characters\">No</span>\"
    \"<span class=sf-dump-key>status</span>\" => \"<span class=sf-dump-str title=\"2 characters\">No</span>\"
    \"<span class=sf-dump-key>created_at</span>\" => \"<span class=sf-dump-str title=\"27 characters\">2025-05-15T06:59:52.000000Z</span>\"
    \"<span class=sf-dump-key>updated_at</span>\" => \"<span class=sf-dump-str title=\"27 characters\">2025-05-15T06:59:52.000000Z</span>\"
  </samp>]
</samp>]
</pre><script>Sfdump(\"sf-dump-1539002033\", {\"maxDepth\":3,\"maxStringLength\":160})</script>
"}},"exception":"[object] (Facade\\Ignition\\Exceptions\\ViewException(code: 0): Trying to get property 'primary_colour' of non-object (View: /home/revoycom/public_html/resources/views/common/listing/branding.blade.php) at /home/revoycom/public_html/resources/views/common/listing/branding.blade.php:18)
[stacktrace]
#0 /home/revoycom/public_html/resources/views/common/listing/branding.blade.php(18): Illuminate\\Foundation\\Bootstrap\\HandleExceptions->handleError(8, 'Trying to get p...', '/home/revoycom/...', 18, Array)
#1 /home/revoycom/public_html/vendor/laravel/framework/src/Illuminate/Filesystem/Filesystem.php(107): require('/home/revoycom/...')
#2 /home/revoycom/public_html/vendor/laravel/framework/src/Illuminate/Filesystem/Filesystem.php(108): Illuminate\\Filesystem\\Filesystem::Illuminate\\Filesystem\\{closure}()
#3 /home/revoycom/public_html/vendor/laravel/framework/src/Illuminate/View/Engines/PhpEngine.php(58): Illuminate\\Filesystem\\Filesystem->getRequire('/home/revoycom/...', Array)
#4 /home/revoycom/public_html/vendor/laravel/framework/src/Illuminate/View/Engines/CompilerEngine.php(61): Illuminate\\View\\Engines\\PhpEngine->evaluatePath('/home/revoycom/...', Array)
#5 /home/revoycom/public_html/vendor/facade/ignition/src/Views/Engines/CompilerEngine.php(37): Illuminate\\View\\Engines\\CompilerEngine->get('/home/revoycom/...', Array)
#6 /home/revoycom/public_html/vendor/laravel/framework/src/Illuminate/View/View.php(139): Facade\\Ignition\\Views\\Engines\\CompilerEngine->get('/home/revoycom/...', Array)
#7 /home/revoycom/public_html/vendor/laravel/framework/src/Illuminate/View/View.php(122): Illuminate\\View\\View->getContents()
#8 /home/revoycom/public_html/vendor/laravel/framework/src/Illuminate/View/View.php(91): Illuminate\\View\\View->renderContents()
#9 /home/revoycom/public_html/resources/views/common/listing/view.blade.php(26): Illuminate\\View\\View->render()
#10 /home/revoycom/public_html/vendor/laravel/framework/src/Illuminate/Filesystem/Filesystem.php(107): require('/home/revoycom/...')
#11 /home/revoycom/public_html/vendor/laravel/framework/src/Illuminate/Filesystem/Filesystem.php(108): Illuminate\\Filesystem\\Filesystem::Illuminate\\Filesystem\\{closure}()
#12 /home/revoycom/public_html/vendor/laravel/framework/src/Illuminate/View/Engines/PhpEngine.php(58): Illuminate\\Filesystem\\Filesystem->getRequire('/home/revoycom/...', Array)
#13 /home/revoycom/public_html/vendor/laravel/framework/src/Illuminate/View/Engines/CompilerEngine.php(61): Illuminate\\View\\Engines\\PhpEngine->evaluatePath('/home/revoycom/...', Array)
#14 /home/revoycom/public_html/vendor/facade/ignition/src/Views/Engines/CompilerEngine.php(37): Illuminate\\View\\Engines\\CompilerEngine->get('/home/revoycom/...', Array)
#15 /home/revoycom/public_html/vendor/laravel/framework/src/Illuminate/View/View.php(139): Facade\\Ignition\\Views\\Engines\\CompilerEngine->get('/home/revoycom/...', Array)
#16 /home/revoycom/public_html/vendor/laravel/framework/src/Illuminate/View/View.php(122): Illuminate\\View\\View->getContents()
#17 /home/revoycom/public_html/vendor/laravel/framework/src/Illuminate/View/View.php(91): Illuminate\\View\\View->renderContents()
#18 /home/revoycom/public_html/resources/views/new_homes.blade.php(154): Illuminate\\View\\View->render()
#19 /home/revoycom/public_html/vendor/laravel/framework/src/Illuminate/Filesystem/Filesystem.php(107): require('/home/revoycom/...')
#20 /home/revoycom/public_html/vendor/laravel/framework/src/Illuminate/Filesystem/Filesystem.php(108): Illuminate\\Filesystem\\Filesystem::Illuminate\\Filesystem\\{closure}()
#21 /home/revoycom/public_html/vendor/laravel/framework/src/Illuminate/View/Engines/PhpEngine.php(58): Illuminate\\Filesystem\\Filesystem->getRequire('/home/revoycom/...', Array)
#22 /home/revoycom/public_html/vendor/laravel/framework/src/Illuminate/View/Engines/CompilerEngine.php(61): Illuminate\\View\\Engines\\PhpEngine->evaluatePath('/home/revoycom/...', Array)
#23 /home/revoycom/public_html/vendor/facade/ignition/src/Views/Engines/CompilerEngine.php(37): Illuminate\\View\\Engines\\CompilerEngine->get('/home/revoycom/...', Array)
#24 /home/revoycom/public_html/vendor/laravel/framework/src/Illuminate/View/View.php(139): Facade\\Ignition\\Views\\Engines\\CompilerEngine->get('/home/revoycom/...', Array)
#25 /home/revoycom/public_html/vendor/laravel/framework/src/Illuminate/View/View.php(122): Illuminate\\View\\View->getContents()
#26 /home/revoycom/public_html/vendor/laravel/framework/src/Illuminate/View/View.php(91): Illuminate\\View\\View->renderContents()
#27 /home/revoycom/public_html/vendor/laravel/framework/src/Illuminate/Http/Response.php(69): Illuminate\\View\\View->render()
#28 /home/revoycom/public_html/vendor/laravel/framework/src/Illuminate/Http/Response.php(35): Illuminate\\Http\\Response->setContent(Object(Illuminate\\View\\View))
#29 /home/revoycom/public_html/vendor/laravel/framework/src/Illuminate/Routing/Router.php(794): Illuminate\\Http\\Response->__construct(Object(Illuminate\\View\\View), 200, Array)
#30 /home/revoycom/public_html/vendor/laravel/framework/src/Illuminate/Routing/Router.php(763): Illuminate\\Routing\\Router::toResponse(Object(Illuminate\\Http\\Request), Object(Illuminate\\View\\View))
#31 /home/revoycom/public_html/vendor/laravel/framework/src/Illuminate/Routing/Router.php(695): Illuminate\\Routing\\Router->prepareResponse(Object(Illuminate\\Http\\Request), Object(Illuminate\\View\\View))
#32 /home/revoycom/public_html/vendor/laravel/framework/src/Illuminate/Pipeline/Pipeline.php(128): Illuminate\\Routing\\Router->Illuminate\\Routing\\{closure}(Object(Illuminate\\Http\\Request))
#33 /home/revoycom/public_html/app/Http/Middleware/RedirectIfAuthenticated.php(29): Illuminate\\Pipeline\\Pipeline->Illuminate\\Pipeline\\{closure}(Object(Illuminate\\Http\\Request))
#34 /home/revoycom/public_html/vendor/laravel/framework/src/Illuminate/Pipeline/Pipeline.php(167): App\\Http\\Middleware\\RedirectIfAuthenticated->handle(Object(Illuminate\\Http\\Request), Object(Closure))
#35 /home/revoycom/public_html/vendor/laravel/framework/src/Illuminate/Routing/Middleware/SubstituteBindings.php(50): Illuminate\\Pipeline\\Pipeline->Illuminate\\Pipeline\\{closure}(Object(Illuminate\\Http\\Request))
#36 /home/revoycom/public_html/vendor/laravel/framework/src/Illuminate/Pipeline/Pipeline.php(167): Illuminate\\Routing\\Middleware\\SubstituteBindings->handle(Object(Illuminate\\Http\\Request), Object(Closure))
#37 /home/revoycom/public_html/vendor/laravel/framework/src/Illuminate/Foundation/Http/Middleware/VerifyCsrfToken.php(78): Illuminate\\Pipeline\\Pipeline->Illuminate\\Pipeline\\{closure}(Object(Illuminate\\Http\\Request))
#38 /home/revoycom/public_html/vendor/laravel/framework/src/Illuminate/Pipeline/Pipeline.php(167): Illuminate\\Foundation\\Http\\Middleware\\VerifyCsrfToken->handle(Object(Illuminate\\Http\\Request), Object(Closure))
#39 /home/revoycom/public_html/vendor/laravel/framework/src/Illuminate/View/Middleware/ShareErrorsFromSession.php(49): Illuminate\\Pipeline\\Pipeline->Illuminate\\Pipeline\\{closure}(Object(Illuminate\\Http\\Request))
#40 /home/revoycom/public_html/vendor/laravel/framework/src/Illuminate/Pipeline/Pipeline.php(167): Illuminate\\View\\Middleware\\ShareErrorsFromSession->handle(Object(Illuminate\\Http\\Request), Object(Closure))
#41 /home/revoycom/public_html/vendor/laravel/framework/src/Illuminate/Session/Middleware/StartSession.php(121): Illuminate\\Pipeline\\Pipeline->Illuminate\\Pipeline\\{closure}(Object(Illuminate\\Http\\Request))
#42 /home/revoycom/public_html/vendor/laravel/framework/src/Illuminate/Session/Middleware/StartSession.php(64): Illuminate\\Session\\Middleware\\StartSession->handleStatefulRequest(Object(Illuminate\\Http\\Request), Object(Illuminate\\Session\\Store), Object(Closure))
#43 /home/revoycom/public_html/vendor/laravel/framework/src/Illuminate/Pipeline/Pipeline.php(167): Illuminate\\Session\\Middleware\\StartSession->handle(Object(Illuminate\\Http\\Request), Object(Closure))
#44 /home/revoycom/public_html/vendor/laravel/framework/src/Illuminate/Cookie/Middleware/AddQueuedCookiesToResponse.php(37): Illuminate\\Pipeline\\Pipeline->Illuminate\\Pipeline\\{closure}(Object(Illuminate\\Http\\Request))
#45 /home/revoycom/public_html/vendor/laravel/framework/src/Illuminate/Pipeline/Pipeline.php(167): Illuminate\\Cookie\\Middleware\\AddQueuedCookiesToResponse->handle(Object(Illuminate\\Http\\Request), Object(Closure))
#46 /home/revoycom/public_html/vendor/laravel/framework/src/Illuminate/Cookie/Middleware/EncryptCookies.php(67): Illuminate\\Pipeline\\Pipeline->Illuminate\\Pipeline\\{closure}(Object(Illuminate\\Http\\Request))
#47 /home/revoycom/public_html/vendor/laravel/framework/src/Illuminate/Pipeline/Pipeline.php(167): Illuminate\\Cookie\\Middleware\\EncryptCookies->handle(Object(Illuminate\\Http\\Request), Object(Closure))
#48 /home/revoycom/public_html/vendor/laravel/framework/src/Illuminate/Pipeline/Pipeline.php(103): Illuminate\\Pipeline\\Pipeline->Illuminate\\Pipeline\\{closure}(Object(Illuminate\\Http\\Request))
#49 /home/revoycom/public_html/vendor/laravel/framework/src/Illuminate/Routing/Router.php(697): Illuminate\\Pipeline\\Pipeline->then(Object(Closure))
#50 /home/revoycom/public_html/vendor/laravel/framework/src/Illuminate/Routing/Router.php(672): Illuminate\\Routing\\Router->runRouteWithinStack(Object(Illuminate\\Routing\\Route), Object(Illuminate\\Http\\Request))
#51 /home/revoycom/public_html/vendor/laravel/framework/src/Illuminate/Routing/Router.php(636): Illuminate\\Routing\\Router->runRoute(Object(Illuminate\\Http\\Request), Object(Illuminate\\Routing\\Route))
#52 /home/revoycom/public_html/vendor/laravel/framework/src/Illuminate/Routing/Router.php(625): Illuminate\\Routing\\Router->dispatchToRoute(Object(Illuminate\\Http\\Request))
#53 /home/revoycom/public_html/vendor/laravel/framework/src/Illuminate/Foundation/Http/Kernel.php(167): Illuminate\\Routing\\Router->dispatch(Object(Illuminate\\Http\\Request))
#54 /home/revoycom/public_html/vendor/laravel/framework/src/Illuminate/Pipeline/Pipeline.php(128): Illuminate\\Foundation\\Http\\Kernel->Illuminate\\Foundation\\Http\\{closure}(Object(Illuminate\\Http\\Request))
#55 /home/revoycom/public_html/vendor/laravel/framework/src/Illuminate/Foundation/Http/Middleware/TransformsRequest.php(21): Illuminate\\Pipeline\\Pipeline->Illuminate\\Pipeline\\{closure}(Object(Illuminate\\Http\\Request))
#56 /home/revoycom/public_html/vendor/laravel/framework/src/Illuminate/Foundation/Http/Middleware/ConvertEmptyStringsToNull.php(31): Illuminate\\Foundation\\Http\\Middleware\\TransformsRequest->handle(Object(Illuminate\\Http\\Request), Object(Closure))
#57 /home/revoycom/public_html/vendor/laravel/framework/src/Illuminate/Pipeline/Pipeline.php(167): Illuminate\\Foundation\\Http\\Middleware\\ConvertEmptyStringsToNull->handle(Object(Illuminate\\Http\\Request), Object(Closure))
#58 /home/revoycom/public_html/vendor/laravel/framework/src/Illuminate/Foundation/Http/Middleware/TransformsRequest.php(21): Illuminate\\Pipeline\\Pipeline->Illuminate\\Pipeline\\{closure}(Object(Illuminate\\Http\\Request))
#59 /home/revoycom/public_html/vendor/laravel/framework/src/Illuminate/Foundation/Http/Middleware/TrimStrings.php(40): Illuminate\\Foundation\\Http\\Middleware\\TransformsRequest->handle(Object(Illuminate\\Http\\Request), Object(Closure))
#60 /home/revoycom/public_html/vendor/laravel/framework/src/Illuminate/Pipeline/Pipeline.php(167): Illuminate\\Foundation\\Http\\Middleware\\TrimStrings->handle(Object(Illuminate\\Http\\Request), Object(Closure))
#61 /home/revoycom/public_html/vendor/laravel/framework/src/Illuminate/Foundation/Http/Middleware/ValidatePostSize.php(27): Illuminate\\Pipeline\\Pipeline->Illuminate\\Pipeline\\{closure}(Object(Illuminate\\Http\\Request))
#62 /home/revoycom/public_html/vendor/laravel/framework/src/Illuminate/Pipeline/Pipeline.php(167): Illuminate\\Foundation\\Http\\Middleware\\ValidatePostSize->handle(Object(Illuminate\\Http\\Request), Object(Closure))
#63 /home/revoycom/public_html/vendor/laravel/framework/src/Illuminate/Foundation/Http/Middleware/PreventRequestsDuringMaintenance.php(86): Illuminate\\Pipeline\\Pipeline->Illuminate\\Pipeline\\{closure}(Object(Illuminate\\Http\\Request))
#64 /home/revoycom/public_html/vendor/laravel/framework/src/Illuminate/Pipeline/Pipeline.php(167): Illuminate\\Foundation\\Http\\Middleware\\PreventRequestsDuringMaintenance->handle(Object(Illuminate\\Http\\Request), Object(Closure))
#65 /home/revoycom/public_html/vendor/fruitcake/laravel-cors/src/HandleCors.php(38): Illuminate\\Pipeline\\Pipeline->Illuminate\\Pipeline\\{closure}(Object(Illuminate\\Http\\Request))
#66 /home/revoycom/public_html/vendor/laravel/framework/src/Illuminate/Pipeline/Pipeline.php(167): Fruitcake\\Cors\\HandleCors->handle(Object(Illuminate\\Http\\Request), Object(Closure))
#67 /home/revoycom/public_html/vendor/fideloper/proxy/src/TrustProxies.php(57): Illuminate\\Pipeline\\Pipeline->Illuminate\\Pipeline\\{closure}(Object(Illuminate\\Http\\Request))
#68 /home/revoycom/public_html/vendor/laravel/framework/src/Illuminate/Pipeline/Pipeline.php(167): Fideloper\\Proxy\\TrustProxies->handle(Object(Illuminate\\Http\\Request), Object(Closure))
#69 /home/revoycom/public_html/vendor/laravel/framework/src/Illuminate/Pipeline/Pipeline.php(103): Illuminate\\Pipeline\\Pipeline->Illuminate\\Pipeline\\{closure}(Object(Illuminate\\Http\\Request))
#70 /home/revoycom/public_html/vendor/laravel/framework/src/Illuminate/Foundation/Http/Kernel.php(142): Illuminate\\Pipeline\\Pipeline->then(Object(Closure))
#71 /home/revoycom/public_html/vendor/laravel/framework/src/Illuminate/Foundation/Http/Kernel.php(111): Illuminate\\Foundation\\Http\\Kernel->sendRequestThroughRouter(Object(Illuminate\\Http\\Request))
#72 /home/revoycom/public_html/index.php(52): Illuminate\\Foundation\\Http\\Kernel->handle(Object(Illuminate\\Http\\Request))
#73 {main}

[previous exception] [object] (ErrorException(code: 0): Trying to get property 'primary_colour' of non-object at /home/revoycom/public_html/storage/framework/views/737a6f054e3ed66a5272f2fb0316c14e188dc444.php:18)
[stacktrace]
#0 /home/revoycom/public_html/storage/framework/views/737a6f054e3ed66a5272f2fb0316c14e188dc444.php(18): Illuminate\\Foundation\\Bootstrap\\HandleExceptions->handleError(8, 'Trying to get p...', '/home/revoycom/...', 18, Array)
#1 /home/revoycom/public_html/vendor/laravel/framework/src/Illuminate/Filesystem/Filesystem.php(107): require('/home/revoycom/...')
#2 /home/revoycom/public_html/vendor/laravel/framework/src/Illuminate/Filesystem/Filesystem.php(108): Illuminate\\Filesystem\\Filesystem::Illuminate\\Filesystem\\{closure}()
#3 /home/revoycom/public_html/vendor/laravel/framework/src/Illuminate/View/Engines/PhpEngine.php(58): Illuminate\\Filesystem\\Filesystem->getRequire('/home/revoycom/...', Array)
#4 /home/revoycom/public_html/vendor/laravel/framework/src/Illuminate/View/Engines/CompilerEngine.php(61): Illuminate\\View\\Engines\\PhpEngine->evaluatePath('/home/revoycom/...', Array)
#5 /home/revoycom/public_html/vendor/facade/ignition/src/Views/Engines/CompilerEngine.php(37): Illuminate\\View\\Engines\\CompilerEngine->get('/home/revoycom/...', Array)
#6 /home/revoycom/public_html/vendor/laravel/framework/src/Illuminate/View/View.php(139): Facade\\Ignition\\Views\\Engines\\CompilerEngine->get('/home/revoycom/...', Array)
#7 /home/revoycom/public_html/vendor/laravel/framework/src/Illuminate/View/View.php(122): Illuminate\\View\\View->getContents()
#8 /home/revoycom/public_html/vendor/laravel/framework/src/Illuminate/View/View.php(91): Illuminate\\View\\View->renderContents()
#9 /home/revoycom/public_html/storage/framework/views/230a52106d2efcf258b20a80c213897c9ce1a0ae.php(26): Illuminate\\View\\View->render()
#10 /home/revoycom/public_html/vendor/laravel/framework/src/Illuminate/Filesystem/Filesystem.php(107): require('/home/revoycom/...')
#11 /home/revoycom/public_html/vendor/laravel/framework/src/Illuminate/Filesystem/Filesystem.php(108): Illuminate\\Filesystem\\Filesystem::Illuminate\\Filesystem\\{closure}()
#12 /home/revoycom/public_html/vendor/laravel/framework/src/Illuminate/View/Engines/PhpEngine.php(58): Illuminate\\Filesystem\\Filesystem->getRequire('/home/revoycom/...', Array)
#13 /home/revoycom/public_html/vendor/laravel/framework/src/Illuminate/View/Engines/CompilerEngine.php(61): Illuminate\\View\\Engines\\PhpEngine->evaluatePath('/home/revoycom/...', Array)
#14 /home/revoycom/public_html/vendor/facade/ignition/src/Views/Engines/CompilerEngine.php(37): Illuminate\\View\\Engines\\CompilerEngine->get('/home/revoycom/...', Array)
#15 /home/revoycom/public_html/vendor/laravel/framework/src/Illuminate/View/View.php(139): Facade\\Ignition\\Views\\Engines\\CompilerEngine->get('/home/revoycom/...', Array)
#16 /home/revoycom/public_html/vendor/laravel/framework/src/Illuminate/View/View.php(122): Illuminate\\View\\View->getContents()
#17 /home/revoycom/public_html/vendor/laravel/framework/src/Illuminate/View/View.php(91): Illuminate\\View\\View->renderContents()
#18 /home/revoycom/public_html/storage/framework/views/0cf937996d5b8be09cf6adc5636c350ebb2c42ed.php(154): Illuminate\\View\\View->render()
#19 /home/revoycom/public_html/vendor/laravel/framework/src/Illuminate/Filesystem/Filesystem.php(107): require('/home/revoycom/...')
#20 /home/revoycom/public_html/vendor/laravel/framework/src/Illuminate/Filesystem/Filesystem.php(108): Illuminate\\Filesystem\\Filesystem::Illuminate\\Filesystem\\{closure}()
#21 /home/revoycom/public_html/vendor/laravel/framework/src/Illuminate/View/Engines/PhpEngine.php(58): Illuminate\\Filesystem\\Filesystem->getRequire('/home/revoycom/...', Array)
#22 /home/revoycom/public_html/vendor/laravel/framework/src/Illuminate/View/Engines/CompilerEngine.php(61): Illuminate\\View\\Engines\\PhpEngine->evaluatePath('/home/revoycom/...', Array)
#23 /home/revoycom/public_html/vendor/facade/ignition/src/Views/Engines/CompilerEngine.php(37): Illuminate\\View\\Engines\\CompilerEngine->get('/home/revoycom/...', Array)
#24 /home/revoycom/public_html/vendor/laravel/framework/src/Illuminate/View/View.php(139): Facade\\Ignition\\Views\\Engines\\CompilerEngine->get('/home/revoycom/...', Array)
#25 /home/revoycom/public_html/vendor/laravel/framework/src/Illuminate/View/View.php(122): Illuminate\\View\\View->getContents()
#26 /home/revoycom/public_html/vendor/laravel/framework/src/Illuminate/View/View.php(91): Illuminate\\View\\View->renderContents()
#27 /home/revoycom/public_html/vendor/laravel/framework/src/Illuminate/Http/Response.php(69): Illuminate\\View\\View->render()
#28 /home/revoycom/public_html/vendor/laravel/framework/src/Illuminate/Http/Response.php(35): Illuminate\\Http\\Response->setContent(Object(Illuminate\\View\\View))
#29 /home/revoycom/public_html/vendor/laravel/framework/src/Illuminate/Routing/Router.php(794): Illuminate\\Http\\Response->__construct(Object(Illuminate\\View\\View), 200, Array)
#30 /home/revoycom/public_html/vendor/laravel/framework/src/Illuminate/Routing/Router.php(763): Illuminate\\Routing\\Router::toResponse(Object(Illuminate\\Http\\Request), Object(Illuminate\\View\\View))
#31 /home/revoycom/public_html/vendor/laravel/framework/src/Illuminate/Routing/Router.php(695): Illuminate\\Routing\\Router->prepareResponse(Object(Illuminate\\Http\\Request), Object(Illuminate\\View\\View))
#32 /home/revoycom/public_html/vendor/laravel/framework/src/Illuminate/Pipeline/Pipeline.php(128): Illuminate\\Routing\\Router->Illuminate\\Routing\\{closure}(Object(Illuminate\\Http\\Request))
#33 /home/revoycom/public_html/app/Http/Middleware/RedirectIfAuthenticated.php(29): Illuminate\\Pipeline\\Pipeline->Illuminate\\Pipeline\\{closure}(Object(Illuminate\\Http\\Request))
#34 /home/revoycom/public_html/vendor/laravel/framework/src/Illuminate/Pipeline/Pipeline.php(167): App\\Http\\Middleware\\RedirectIfAuthenticated->handle(Object(Illuminate\\Http\\Request), Object(Closure))
#35 /home/revoycom/public_html/vendor/laravel/framework/src/Illuminate/Routing/Middleware/SubstituteBindings.php(50): Illuminate\\Pipeline\\Pipeline->Illuminate\\Pipeline\\{closure}(Object(Illuminate\\Http\\Request))
#36 /home/revoycom/public_html/vendor/laravel/framework/src/Illuminate/Pipeline/Pipeline.php(167): Illuminate\\Routing\\Middleware\\SubstituteBindings->handle(Object(Illuminate\\Http\\Request), Object(Closure))
#37 /home/revoycom/public_html/vendor/laravel/framework/src/Illuminate/Foundation/Http/Middleware/VerifyCsrfToken.php(78): Illuminate\\Pipeline\\Pipeline->Illuminate\\Pipeline\\{closure}(Object(Illuminate\\Http\\Request))
#38 /home/revoycom/public_html/vendor/laravel/framework/src/Illuminate/Pipeline/Pipeline.php(167): Illuminate\\Foundation\\Http\\Middleware\\VerifyCsrfToken->handle(Object(Illuminate\\Http\\Request), Object(Closure))
#39 /home/revoycom/public_html/vendor/laravel/framework/src/Illuminate/View/Middleware/ShareErrorsFromSession.php(49): Illuminate\\Pipeline\\Pipeline->Illuminate\\Pipeline\\{closure}(Object(Illuminate\\Http\\Request))
#40 /home/revoycom/public_html/vendor/laravel/framework/src/Illuminate/Pipeline/Pipeline.php(167): Illuminate\\View\\Middleware\\ShareErrorsFromSession->handle(Object(Illuminate\\Http\\Request), Object(Closure))
#41 /home/revoycom/public_html/vendor/laravel/framework/src/Illuminate/Session/Middleware/StartSession.php(121): Illuminate\\Pipeline\\Pipeline->Illuminate\\Pipeline\\{closure}(Object(Illuminate\\Http\\Request))
#42 /home/revoycom/public_html/vendor/laravel/framework/src/Illuminate/Session/Middleware/StartSession.php(64): Illuminate\\Session\\Middleware\\StartSession->handleStatefulRequest(Object(Illuminate\\Http\\Request), Object(Illuminate\\Session\\Store), Object(Closure))
#43 /home/revoycom/public_html/vendor/laravel/framework/src/Illuminate/Pipeline/Pipeline.php(167): Illuminate\\Session\\Middleware\\StartSession->handle(Object(Illuminate\\Http\\Request), Object(Closure))
#44 /home/revoycom/public_html/vendor/laravel/framework/src/Illuminate/Cookie/Middleware/AddQueuedCookiesToResponse.php(37): Illuminate\\Pipeline\\Pipeline->Illuminate\\Pipeline\\{closure}(Object(Illuminate\\Http\\Request))
#45 /home/revoycom/public_html/vendor/laravel/framework/src/Illuminate/Pipeline/Pipeline.php(167): Illuminate\\Cookie\\Middleware\\AddQueuedCookiesToResponse->handle(Object(Illuminate\\Http\\Request), Object(Closure))
#46 /home/revoycom/public_html/vendor/laravel/framework/src/Illuminate/Cookie/Middleware/EncryptCookies.php(67): Illuminate\\Pipeline\\Pipeline->Illuminate\\Pipeline\\{closure}(Object(Illuminate\\Http\\Request))
#47 /home/revoycom/public_html/vendor/laravel/framework/src/Illuminate/Pipeline/Pipeline.php(167): Illuminate\\Cookie\\Middleware\\EncryptCookies->handle(Object(Illuminate\\Http\\Request), Object(Closure))
#48 /home/revoycom/public_html/vendor/laravel/framework/src/Illuminate/Pipeline/Pipeline.php(103): Illuminate\\Pipeline\\Pipeline->Illuminate\\Pipeline\\{closure}(Object(Illuminate\\Http\\Request))
#49 /home/revoycom/public_html/vendor/laravel/framework/src/Illuminate/Routing/Router.php(697): Illuminate\\Pipeline\\Pipeline->then(Object(Closure))
#50 /home/revoycom/public_html/vendor/laravel/framework/src/Illuminate/Routing/Router.php(672): Illuminate\\Routing\\Router->runRouteWithinStack(Object(Illuminate\\Routing\\Route), Object(Illuminate\\Http\\Request))
#51 /home/revoycom/public_html/vendor/laravel/framework/src/Illuminate/Routing/Router.php(636): Illuminate\\Routing\\Router->runRoute(Object(Illuminate\\Http\\Request), Object(Illuminate\\Routing\\Route))
#52 /home/revoycom/public_html/vendor/laravel/framework/src/Illuminate/Routing/Router.php(625): Illuminate\\Routing\\Router->dispatchToRoute(Object(Illuminate\\Http\\Request))
#53 /home/revoycom/public_html/vendor/laravel/framework/src/Illuminate/Foundation/Http/Kernel.php(167): Illuminate\\Routing\\Router->dispatch(Object(Illuminate\\Http\\Request))
#54 /home/revoycom/public_html/vendor/laravel/framework/src/Illuminate/Pipeline/Pipeline.php(128): Illuminate\\Foundation\\Http\\Kernel->Illuminate\\Foundation\\Http\\{closure}(Object(Illuminate\\Http\\Request))
#55 /home/revoycom/public_html/vendor/laravel/framework/src/Illuminate/Foundation/Http/Middleware/TransformsRequest.php(21): Illuminate\\Pipeline\\Pipeline->Illuminate\\Pipeline\\{closure}(Object(Illuminate\\Http\\Request))
#56 /home/revoycom/public_html/vendor/laravel/framework/src/Illuminate/Foundation/Http/Middleware/ConvertEmptyStringsToNull.php(31): Illuminate\\Foundation\\Http\\Middleware\\TransformsRequest->handle(Object(Illuminate\\Http\\Request), Object(Closure))
#57 /home/revoycom/public_html/vendor/laravel/framework/src/Illuminate/Pipeline/Pipeline.php(167): Illuminate\\Foundation\\Http\\Middleware\\ConvertEmptyStringsToNull->handle(Object(Illuminate\\Http\\Request), Object(Closure))
#58 /home/revoycom/public_html/vendor/laravel/framework/src/Illuminate/Foundation/Http/Middleware/TransformsRequest.php(21): Illuminate\\Pipeline\\Pipeline->Illuminate\\Pipeline\\{closure}(Object(Illuminate\\Http\\Request))
#59 /home/revoycom/public_html/vendor/laravel/framework/src/Illuminate/Foundation/Http/Middleware/TrimStrings.php(40): Illuminate\\Foundation\\Http\\Middleware\\TransformsRequest->handle(Object(Illuminate\\Http\\Request), Object(Closure))
#60 /home/revoycom/public_html/vendor/laravel/framework/src/Illuminate/Pipeline/Pipeline.php(167): Illuminate\\Foundation\\Http\\Middleware\\TrimStrings->handle(Object(Illuminate\\Http\\Request), Object(Closure))
#61 /home/revoycom/public_html/vendor/laravel/framework/src/Illuminate/Foundation/Http/Middleware/ValidatePostSize.php(27): Illuminate\\Pipeline\\Pipeline->Illuminate\\Pipeline\\{closure}(Object(Illuminate\\Http\\Request))
#62 /home/revoycom/public_html/vendor/laravel/framework/src/Illuminate/Pipeline/Pipeline.php(167): Illuminate\\Foundation\\Http\\Middleware\\ValidatePostSize->handle(Object(Illuminate\\Http\\Request), Object(Closure))
#63 /home/revoycom/public_html/vendor/laravel/framework/src/Illuminate/Foundation/Http/Middleware/PreventRequestsDuringMaintenance.php(86): Illuminate\\Pipeline\\Pipeline->Illuminate\\Pipeline\\{closure}(Object(Illuminate\\Http\\Request))
#64 /home/revoycom/public_html/vendor/laravel/framework/src/Illuminate/Pipeline/Pipeline.php(167): Illuminate\\Foundation\\Http\\Middleware\\PreventRequestsDuringMaintenance->handle(Object(Illuminate\\Http\\Request), Object(Closure))
#65 /home/revoycom/public_html/vendor/fruitcake/laravel-cors/src/HandleCors.php(38): Illuminate\\Pipeline\\Pipeline->Illuminate\\Pipeline\\{closure}(Object(Illuminate\\Http\\Request))
#66 /home/revoycom/public_html/vendor/laravel/framework/src/Illuminate/Pipeline/Pipeline.php(167): Fruitcake\\Cors\\HandleCors->handle(Object(Illuminate\\Http\\Request), Object(Closure))
#67 /home/revoycom/public_html/vendor/fideloper/proxy/src/TrustProxies.php(57): Illuminate\\Pipeline\\Pipeline->Illuminate\\Pipeline\\{closure}(Object(Illuminate\\Http\\Request))
#68 /home/revoycom/public_html/vendor/laravel/framework/src/Illuminate/Pipeline/Pipeline.php(167): Fideloper\\Proxy\\TrustProxies->handle(Object(Illuminate\\Http\\Request), Object(Closure))
#69 /home/revoycom/public_html/vendor/laravel/framework/src/Illuminate/Pipeline/Pipeline.php(103): Illuminate\\Pipeline\\Pipeline->Illuminate\\Pipeline\\{closure}(Object(Illuminate\\Http\\Request))
#70 /home/revoycom/public_html/vendor/laravel/framework/src/Illuminate/Foundation/Http/Kernel.php(142): Illuminate\\Pipeline\\Pipeline->then(Object(Closure))
#71 /home/revoycom/public_html/vendor/laravel/framework/src/Illuminate/Foundation/Http/Kernel.php(111): Illuminate\\Foundation\\Http\\Kernel->sendRequestThroughRouter(Object(Illuminate\\Http\\Request))
#72 /home/revoycom/public_html/index.php(52): Illuminate\\Foundation\\Http\\Kernel->handle(Object(Illuminate\\Http\\Request))
#73 {main}
"} 
[2026-06-08 06:24:24] local.ERROR: Trying to get property 'primary_colour' of non-object (View: /home/revoycom/public_html/resources/views/common/listing/branding.blade.php) {"view":{"view":"/home/revoycom/public_html/resources/views/common/listing/branding.blade.php","data":{"errors":"<pre class=sf-dump id=sf-dump-1486574660 data-indent-pad=\"  \"><span class=sf-dump-note>Illuminate\\Support\\ViewErrorBag</span> {<a class=sf-dump-ref>#1183</a><samp data-depth=1 class=sf-dump-expanded>
  #<span class=sf-dump-protected title=\"Protected property\">bags</span>: []
</samp>}
</pre><script>Sfdump(\"sf-dump-1486574660\", {\"maxDepth\":3,\"maxStringLength\":160})</script>
","title":"<pre class=sf-dump id=sf-dump-2013784638 data-indent-pad=\"  \">\"<span class=sf-dump-str title=\"9 characters\">New Homes</span>\"
</pre><script>Sfdump(\"sf-dump-2013784638\", {\"maxDepth\":3,\"maxStringLength\":160})</script>
","keywords":"<pre class=sf-dump id=sf-dump-845042365 data-indent-pad=\"  \">\"<span class=sf-dump-str title=\"9 characters\">New Homes</span>\"
</pre><script>Sfdump(\"sf-dump-845042365\", {\"maxDepth\":3,\"maxStringLength\":160})</script>
","description":"<pre class=sf-dump id=sf-dump-1857431467 data-indent-pad=\"  \">\"<span class=sf-dump-str title=\"9 characters\">New Homes</span>\"
</pre><script>Sfdump(\"sf-dump-1857431467\", {\"maxDepth\":3,\"maxStringLength\":160})</script>
","og_image":"<pre class=sf-dump id=sf-dump-2023876229 data-indent-pad=\"  \">\"<span class=sf-dump-str title=\"65 characters\">https://www.revoy.com.au/public/upload/cms/58251_new-home-ban.jpg</span>\"
</pre><script>Sfdump(\"sf-dump-2023876229\", {\"maxDepth\":3,\"maxStringLength\":160})</script>
","cms_dp":"<pre class=sf-dump id=sf-dump-1685440710 data-indent-pad=\"  \"><span class=sf-dump-note>array:10</span> [<samp data-depth=1 class=sf-dump-expanded>
  \"<span class=sf-dump-key>name</span>\" => \"<span class=sf-dump-str title=\"9 characters\">New Homes</span>\"
  \"<span class=sf-dump-key>slug</span>\" => \"<span class=sf-dump-str title=\"9 characters\">new-homes</span>\"
  \"<span class=sf-dump-key>heading</span>\" => \"<span class=sf-dump-str title=\"19 characters\">Featured Properties</span>\"
  \"<span class=sf-dump-key>banner_heading</span>\" => \"<span class=sf-dump-str title=\"20 characters\">New homes start here</span>\"
  \"<span class=sf-dump-key>full_contents</span>\" => \"<span class=sf-dump-str title=\"6 characters\">&lt;br /&gt;</span>\"
  \"<span class=sf-dump-key>short_contents</span>\" => <span class=sf-dump-const>null</span>
  \"<span class=sf-dump-key>extra_detail</span>\" => \"<span class=sf-dump-str title=\"6 characters\">&lt;br /&gt;</span>\"
  \"<span class=sf-dump-key>tag_line</span>\" => \"<span class=sf-dump-str title=\"9 characters\">New Homes</span>\"
  \"<span class=sf-dump-key>image</span>\" => \"\"
  \"<span class=sf-dump-key>banner</span>\" => \"<span class=sf-dump-str title=\"65 characters\">https://www.revoy.com.au/public/upload/cms/58251_new-home-ban.jpg</span>\"
</samp>]
</pre><script>Sfdump(\"sf-dump-1685440710\", {\"maxDepth\":3,\"maxStringLength\":160})</script>
","keyword":"<pre class=sf-dump id=sf-dump-1318224587 data-indent-pad=\"  \">\"\"
</pre><script>Sfdump(\"sf-dump-1318224587\", {\"maxDepth\":3,\"maxStringLength\":160})</script>
","keywordArray":"<pre class=sf-dump id=sf-dump-879880223 data-indent-pad=\"  \">[]
</pre><script>Sfdump(\"sf-dump-879880223\", {\"maxDepth\":3,\"maxStringLength\":160})</script>
","keywords_array":"<pre class=sf-dump id=sf-dump-1241362363 data-indent-pad=\"  \">[]
</pre><script>Sfdump(\"sf-dump-1241362363\", {\"maxDepth\":3,\"maxStringLength\":160})</script>
","db_property":"<pre class=sf-dump id=sf-dump-1824717486 data-indent-pad=\"  \"><span class=sf-dump-note>Illuminate\\Pagination\\LengthAwarePaginator</span> {<a class=sf-dump-ref>#1526</a><samp data-depth=1 class=sf-dump-expanded>
  #<span class=sf-dump-protected title=\"Protected property\">total</span>: <span class=sf-dump-num>520</span>
  #<span class=sf-dump-protected title=\"Protected property\">lastPage</span>: <span class=sf-dump-num>44</span>
  #<span class=sf-dump-protected title=\"Protected property\">items</span>: <span class=sf-dump-note title=\"Illuminate\\Database\\Eloquent\\Collection
\"><span class=\"sf-dump-ellipsis sf-dump-ellipsis-note\">Illuminate\\Database\\Eloquent</span><span class=\"sf-dump-ellipsis sf-dump-ellipsis-note\">\\</span>Collection</span> {<a class=sf-dump-ref>#1535</a><samp data-depth=2 class=sf-dump-compact>
    #<span class=sf-dump-protected title=\"Protected property\">items</span>: <span class=sf-dump-note>array:12</span> [<samp data-depth=3 class=sf-dump-compact>
      <span class=sf-dump-index>0</span> => <span class=sf-dump-note title=\"App\\Model\\Property
\"><span class=\"sf-dump-ellipsis sf-dump-ellipsis-note\">App\\Model</span><span class=\"sf-dump-ellipsis sf-dump-ellipsis-note\">\\</span>Property</span> {<a class=sf-dump-ref>#1536</a> &hellip;30}
      <span class=sf-dump-index>1</span> => <span class=sf-dump-note title=\"App\\Model\\Property
\"><span class=\"sf-dump-ellipsis sf-dump-ellipsis-note\">App\\Model</span><span class=\"sf-dump-ellipsis sf-dump-ellipsis-note\">\\</span>Property</span> {<a class=sf-dump-ref>#1537</a> &hellip;30}
      <span class=sf-dump-index>2</span> => <span class=sf-dump-note title=\"App\\Model\\Property
\"><span class=\"sf-dump-ellipsis sf-dump-ellipsis-note\">App\\Model</span><span class=\"sf-dump-ellipsis sf-dump-ellipsis-note\">\\</span>Property</span> {<a class=sf-dump-ref>#1538</a> &hellip;30}
      <span class=sf-dump-index>3</span> => <span class=sf-dump-note title=\"App\\Model\\Property
\"><span class=\"sf-dump-ellipsis sf-dump-ellipsis-note\">App\\Model</span><span class=\"sf-dump-ellipsis sf-dump-ellipsis-note\">\\</span>Property</span> {<a class=sf-dump-ref>#1539</a> &hellip;30}
      <span class=sf-dump-index>4</span> => <span class=sf-dump-note title=\"App\\Model\\Property
\"><span class=\"sf-dump-ellipsis sf-dump-ellipsis-note\">App\\Model</span><span class=\"sf-dump-ellipsis sf-dump-ellipsis-note\">\\</span>Property</span> {<a class=sf-dump-ref>#1540</a> &hellip;30}
      <span class=sf-dump-index>5</span> => <span class=sf-dump-note title=\"App\\Model\\Property
\"><span class=\"sf-dump-ellipsis sf-dump-ellipsis-note\">App\\Model</span><span class=\"sf-dump-ellipsis sf-dump-ellipsis-note\">\\</span>Property</span> {<a class=sf-dump-ref>#1541</a> &hellip;30}
      <span class=sf-dump-index>6</span> => <span class=sf-dump-note title=\"App\\Model\\Property
\"><span class=\"sf-dump-ellipsis sf-dump-ellipsis-note\">App\\Model</span><span class=\"sf-dump-ellipsis sf-dump-ellipsis-note\">\\</span>Property</span> {<a class=sf-dump-ref>#1542</a> &hellip;30}
      <span class=sf-dump-index>7</span> => <span class=sf-dump-note title=\"App\\Model\\Property
\"><span class=\"sf-dump-ellipsis sf-dump-ellipsis-note\">App\\Model</span><span class=\"sf-dump-ellipsis sf-dump-ellipsis-note\">\\</span>Property</span> {<a class=sf-dump-ref>#1543</a> &hellip;30}
      <span class=sf-dump-index>8</span> => <span class=sf-dump-note title=\"App\\Model\\Property
\"><span class=\"sf-dump-ellipsis sf-dump-ellipsis-note\">App\\Model</span><span class=\"sf-dump-ellipsis sf-dump-ellipsis-note\">\\</span>Property</span> {<a class=sf-dump-ref>#1544</a> &hellip;30}
      <span class=sf-dump-index>9</span> => <span class=sf-dump-note title=\"App\\Model\\Property
\"><span class=\"sf-dump-ellipsis sf-dump-ellipsis-note\">App\\Model</span><span class=\"sf-dump-ellipsis sf-dump-ellipsis-note\">\\</span>Property</span> {<a class=sf-dump-ref>#1545</a> &hellip;30}
      <span class=sf-dump-index>10</span> => <span class=sf-dump-note title=\"App\\Model\\Property
\"><span class=\"sf-dump-ellipsis sf-dump-ellipsis-note\">App\\Model</span><span class=\"sf-dump-ellipsis sf-dump-ellipsis-note\">\\</span>Property</span> {<a class=sf-dump-ref>#1546</a> &hellip;30}
      <span class=sf-dump-index>11</span> => <span class=sf-dump-note title=\"App\\Model\\Property
\"><span class=\"sf-dump-ellipsis sf-dump-ellipsis-note\">App\\Model</span><span class=\"sf-dump-ellipsis sf-dump-ellipsis-note\">\\</span>Property</span> {<a class=sf-dump-ref>#1547</a> &hellip;30}
    </samp>]
    #<span class=sf-dump-protected title=\"Protected property\">escapeWhenCastingToString</span>: <span class=sf-dump-const>false</span>
  </samp>}
  #<span class=sf-dump-protected title=\"Protected property\">perPage</span>: \"<span class=sf-dump-str title=\"2 characters\">12</span>\"
  #<span class=sf-dump-protected title=\"Protected property\">currentPage</span>: <span class=sf-dump-num>42</span>
  #<span class=sf-dump-protected title=\"Protected property\">path</span>: \"<span class=sf-dump-str title=\"39 characters\">https://www.revoy.com.au/new-homes.html</span>\"
  #<span class=sf-dump-protected title=\"Protected property\">query</span>: []
  #<span class=sf-dump-protected title=\"Protected property\">fragment</span>: <span class=sf-dump-const>null</span>
  #<span class=sf-dump-protected title=\"Protected property\">pageName</span>: \"<span class=sf-dump-str title=\"4 characters\">page</span>\"
  +<span class=sf-dump-public title=\"Public property\">onEachSide</span>: <span class=sf-dump-num>3</span>
  #<span class=sf-dump-protected title=\"Protected property\">options</span>: <span class=sf-dump-note>array:2</span> [<samp data-depth=2 class=sf-dump-compact>
    \"<span class=sf-dump-key>path</span>\" => \"<span class=sf-dump-str title=\"39 characters\">https://www.revoy.com.au/new-homes.html</span>\"
    \"<span class=sf-dump-key>pageName</span>\" => \"<span class=sf-dump-str title=\"4 characters\">page</span>\"
  </samp>]
</samp>}
</pre><script>Sfdump(\"sf-dump-1824717486\", {\"maxDepth\":3,\"maxStringLength\":160})</script>
","widget_dp":"<pre class=sf-dump id=sf-dump-925988033 data-indent-pad=\"  \"><span class=sf-dump-note>array:1</span> [<samp data-depth=1 class=sf-dump-expanded>
  <span class=sf-dump-index>0</span> => <span class=sf-dump-note>array:16</span> [<samp data-depth=2 class=sf-dump-compact>
    \"<span class=sf-dump-key>id</span>\" => <span class=sf-dump-num>4</span>
    \"<span class=sf-dump-key>banner_type</span>\" => <span class=sf-dump-num>1</span>
    \"<span class=sf-dump-key>name</span>\" => \"<span class=sf-dump-str title=\"21 characters\">Ready to get started?</span>\"
    \"<span class=sf-dump-key>page_name</span>\" => \"<span class=sf-dump-str title=\"17 characters\">Buy , Rent , Sold</span>\"
    \"<span class=sf-dump-key>tag_line</span>\" => <span class=sf-dump-const>null</span>
    \"<span class=sf-dump-key>sub_title</span>\" => <span class=sf-dump-const>null</span>
    \"<span class=sf-dump-key>button_text</span>\" => \"<span class=sf-dump-str title=\"19 characters\">Get a Free Estimate</span>\"
    \"<span class=sf-dump-key>link</span>\" => \"<span class=sf-dump-str title=\"18 characters\">free-estimate.html</span>\"
    \"<span class=sf-dump-key>button_text_2</span>\" => \"<span class=sf-dump-str title=\"12 characters\">1300 702 738</span>\"
    \"<span class=sf-dump-key>link_2</span>\" => \"<span class=sf-dump-str title=\"15 characters\">tel:+1300702738</span>\"
    \"<span class=sf-dump-key>image</span>\" => \"<span class=sf-dump-str title=\"17 characters\">675409f8dce5d.jpg</span>\"
    \"<span class=sf-dump-key>detail</span>\" => \"<span class=sf-dump-str title=\"111 characters\">Talk to our of our Friendly Qualified Real-estate Agents to Organize your Free Property Market Valuation&nbsp;Report</span>\"
    \"<span class=sf-dump-key>sort_order</span>\" => \"<span class=sf-dump-str>1</span>\"
    \"<span class=sf-dump-key>status</span>\" => \"<span class=sf-dump-str title=\"3 characters\">Yes</span>\"
    \"<span class=sf-dump-key>created_at</span>\" => \"<span class=sf-dump-str title=\"27 characters\">2024-12-07T14:40:24.000000Z</span>\"
    \"<span class=sf-dump-key>updated_at</span>\" => \"<span class=sf-dump-str title=\"27 characters\">2025-06-18T04:50:16.000000Z</span>\"
  </samp>]
</samp>]
</pre><script>Sfdump(\"sf-dump-925988033\", {\"maxDepth\":3,\"maxStringLength\":160})</script>
","widget_new_dp":"<pre class=sf-dump id=sf-dump-801813082 data-indent-pad=\"  \"><span class=sf-dump-note>array:1</span> [<samp data-depth=1 class=sf-dump-expanded>
  <span class=sf-dump-index>0</span> => <span class=sf-dump-note>array:16</span> [<samp data-depth=2 class=sf-dump-compact>
    \"<span class=sf-dump-key>id</span>\" => <span class=sf-dump-num>5</span>
    \"<span class=sf-dump-key>banner_type</span>\" => <span class=sf-dump-num>1</span>
    \"<span class=sf-dump-key>name</span>\" => \"<span class=sf-dump-str title=\"30 characters\">Explore your home loan options</span>\"
    \"<span class=sf-dump-key>page_name</span>\" => \"<span class=sf-dump-str title=\"17 characters\">Buy , Rent , Sold</span>\"
    \"<span class=sf-dump-key>tag_line</span>\" => <span class=sf-dump-const>null</span>
    \"<span class=sf-dump-key>sub_title</span>\" => <span class=sf-dump-const>null</span>
    \"<span class=sf-dump-key>button_text</span>\" => \"<span class=sf-dump-str title=\"13 characters\">Compare Loans</span>\"
    \"<span class=sf-dump-key>link</span>\" => \"<span class=sf-dump-str title=\"15 characters\">home-loans.html</span>\"
    \"<span class=sf-dump-key>button_text_2</span>\" => <span class=sf-dump-const>null</span>
    \"<span class=sf-dump-key>link_2</span>\" => <span class=sf-dump-const>null</span>
    \"<span class=sf-dump-key>image</span>\" => \"<span class=sf-dump-str title=\"17 characters\">676543fc1e097.jpg</span>\"
    \"<span class=sf-dump-key>detail</span>\" => <span class=sf-dump-const>null</span>
    \"<span class=sf-dump-key>sort_order</span>\" => \"<span class=sf-dump-str>1</span>\"
    \"<span class=sf-dump-key>status</span>\" => \"<span class=sf-dump-str title=\"3 characters\">Yes</span>\"
    \"<span class=sf-dump-key>created_at</span>\" => \"<span class=sf-dump-str title=\"27 characters\">2024-12-16T11:54:27.000000Z</span>\"
    \"<span class=sf-dump-key>updated_at</span>\" => \"<span class=sf-dump-str title=\"27 characters\">2025-02-27T15:46:45.000000Z</span>\"
  </samp>]
</samp>]
</pre><script>Sfdump(\"sf-dump-801813082\", {\"maxDepth\":3,\"maxStringLength\":160})</script>
","result":"<pre class=sf-dump id=sf-dump-413864125 data-indent-pad=\"  \"><span class=sf-dump-note>Illuminate\\Pagination\\LengthAwarePaginator</span> {<a class=sf-dump-ref>#1526</a><samp data-depth=1 class=sf-dump-expanded>
  #<span class=sf-dump-protected title=\"Protected property\">total</span>: <span class=sf-dump-num>520</span>
  #<span class=sf-dump-protected title=\"Protected property\">lastPage</span>: <span class=sf-dump-num>44</span>
  #<span class=sf-dump-protected title=\"Protected property\">items</span>: <span class=sf-dump-note title=\"Illuminate\\Database\\Eloquent\\Collection
\"><span class=\"sf-dump-ellipsis sf-dump-ellipsis-note\">Illuminate\\Database\\Eloquent</span><span class=\"sf-dump-ellipsis sf-dump-ellipsis-note\">\\</span>Collection</span> {<a class=sf-dump-ref>#1535</a><samp data-depth=2 class=sf-dump-compact>
    #<span class=sf-dump-protected title=\"Protected property\">items</span>: <span class=sf-dump-note>array:12</span> [<samp data-depth=3 class=sf-dump-compact>
      <span class=sf-dump-index>0</span> => <span class=sf-dump-note title=\"App\\Model\\Property
\"><span class=\"sf-dump-ellipsis sf-dump-ellipsis-note\">App\\Model</span><span class=\"sf-dump-ellipsis sf-dump-ellipsis-note\">\\</span>Property</span> {<a class=sf-dump-ref>#1536</a> &hellip;30}
      <span class=sf-dump-index>1</span> => <span class=sf-dump-note title=\"App\\Model\\Property
\"><span class=\"sf-dump-ellipsis sf-dump-ellipsis-note\">App\\Model</span><span class=\"sf-dump-ellipsis sf-dump-ellipsis-note\">\\</span>Property</span> {<a class=sf-dump-ref>#1537</a> &hellip;30}
      <span class=sf-dump-index>2</span> => <span class=sf-dump-note title=\"App\\Model\\Property
\"><span class=\"sf-dump-ellipsis sf-dump-ellipsis-note\">App\\Model</span><span class=\"sf-dump-ellipsis sf-dump-ellipsis-note\">\\</span>Property</span> {<a class=sf-dump-ref>#1538</a> &hellip;30}
      <span class=sf-dump-index>3</span> => <span class=sf-dump-note title=\"App\\Model\\Property
\"><span class=\"sf-dump-ellipsis sf-dump-ellipsis-note\">App\\Model</span><span class=\"sf-dump-ellipsis sf-dump-ellipsis-note\">\\</span>Property</span> {<a class=sf-dump-ref>#1539</a> &hellip;30}
      <span class=sf-dump-index>4</span> => <span class=sf-dump-note title=\"App\\Model\\Property
\"><span class=\"sf-dump-ellipsis sf-dump-ellipsis-note\">App\\Model</span><span class=\"sf-dump-ellipsis sf-dump-ellipsis-note\">\\</span>Property</span> {<a class=sf-dump-ref>#1540</a> &hellip;30}
      <span class=sf-dump-index>5</span> => <span class=sf-dump-note title=\"App\\Model\\Property
\"><span class=\"sf-dump-ellipsis sf-dump-ellipsis-note\">App\\Model</span><span class=\"sf-dump-ellipsis sf-dump-ellipsis-note\">\\</span>Property</span> {<a class=sf-dump-ref>#1541</a> &hellip;30}
      <span class=sf-dump-index>6</span> => <span class=sf-dump-note title=\"App\\Model\\Property
\"><span class=\"sf-dump-ellipsis sf-dump-ellipsis-note\">App\\Model</span><span class=\"sf-dump-ellipsis sf-dump-ellipsis-note\">\\</span>Property</span> {<a class=sf-dump-ref>#1542</a> &hellip;30}
      <span class=sf-dump-index>7</span> => <span class=sf-dump-note title=\"App\\Model\\Property
\"><span class=\"sf-dump-ellipsis sf-dump-ellipsis-note\">App\\Model</span><span class=\"sf-dump-ellipsis sf-dump-ellipsis-note\">\\</span>Property</span> {<a class=sf-dump-ref>#1543</a> &hellip;30}
      <span class=sf-dump-index>8</span> => <span class=sf-dump-note title=\"App\\Model\\Property
\"><span class=\"sf-dump-ellipsis sf-dump-ellipsis-note\">App\\Model</span><span class=\"sf-dump-ellipsis sf-dump-ellipsis-note\">\\</span>Property</span> {<a class=sf-dump-ref>#1544</a> &hellip;30}
      <span class=sf-dump-index>9</span> => <span class=sf-dump-note title=\"App\\Model\\Property
\"><span class=\"sf-dump-ellipsis sf-dump-ellipsis-note\">App\\Model</span><span class=\"sf-dump-ellipsis sf-dump-ellipsis-note\">\\</span>Property</span> {<a class=sf-dump-ref>#1545</a> &hellip;30}
      <span class=sf-dump-index>10</span> => <span class=sf-dump-note title=\"App\\Model\\Property
\"><span class=\"sf-dump-ellipsis sf-dump-ellipsis-note\">App\\Model</span><span class=\"sf-dump-ellipsis sf-dump-ellipsis-note\">\\</span>Property</span> {<a class=sf-dump-ref>#1546</a> &hellip;30}
      <span class=sf-dump-index>11</span> => <span class=sf-dump-note title=\"App\\Model\\Property
\"><span class=\"sf-dump-ellipsis sf-dump-ellipsis-note\">App\\Model</span><span class=\"sf-dump-ellipsis sf-dump-ellipsis-note\">\\</span>Property</span> {<a class=sf-dump-ref>#1547</a> &hellip;30}
    </samp>]
    #<span class=sf-dump-protected title=\"Protected property\">escapeWhenCastingToString</span>: <span class=sf-dump-const>false</span>
  </samp>}
  #<span class=sf-dump-protected title=\"Protected property\">perPage</span>: \"<span class=sf-dump-str title=\"2 characters\">12</span>\"
  #<span class=sf-dump-protected title=\"Protected property\">currentPage</span>: <span class=sf-dump-num>42</span>
  #<span class=sf-dump-protected title=\"Protected property\">path</span>: \"<span class=sf-dump-str title=\"39 characters\">https://www.revoy.com.au/new-homes.html</span>\"
  #<span class=sf-dump-protected title=\"Protected property\">query</span>: []
  #<span class=sf-dump-protected title=\"Protected property\">fragment</span>: <span class=sf-dump-const>null</span>
  #<span class=sf-dump-protected title=\"Protected property\">pageName</span>: \"<span class=sf-dump-str title=\"4 characters\">page</span>\"
  +<span class=sf-dump-public title=\"Public property\">onEachSide</span>: <span class=sf-dump-num>3</span>
  #<span class=sf-dump-protected title=\"Protected property\">options</span>: <span class=sf-dump-note>array:2</span> [<samp data-depth=2 class=sf-dump-compact>
    \"<span class=sf-dump-key>path</span>\" => \"<span class=sf-dump-str title=\"39 characters\">https://www.revoy.com.au/new-homes.html</span>\"
    \"<span class=sf-dump-key>pageName</span>\" => \"<span class=sf-dump-str title=\"4 characters\">page</span>\"
  </samp>]
</samp>}
</pre><script>Sfdump(\"sf-dump-413864125\", {\"maxDepth\":3,\"maxStringLength\":160})</script>
","show_wp_button":"<pre class=sf-dump id=sf-dump-1541451369 data-indent-pad=\"  \">\"<span class=sf-dump-str title=\"3 characters\">Yes</span>\"
</pre><script>Sfdump(\"sf-dump-1541451369\", {\"maxDepth\":3,\"maxStringLength\":160})</script>
","whats_app_number":"<pre class=sf-dump id=sf-dump-1048375253 data-indent-pad=\"  \">\"<span class=sf-dump-str title=\"12 characters\">+61494381040</span>\"
</pre><script>Sfdump(\"sf-dump-1048375253\", {\"maxDepth\":3,\"maxStringLength\":160})</script>
","row_p":"<pre class=sf-dump id=sf-dump-1910278841 data-indent-pad=\"  \"><span class=sf-dump-note>App\\Model\\Property</span> {<a class=sf-dump-ref>#1536</a><samp data-depth=1 class=sf-dump-expanded>
  #<span class=sf-dump-protected title=\"Protected property\">table</span>: \"<span class=sf-dump-str title=\"12 characters\">tbl_property</span>\"
  #<span class=sf-dump-protected title=\"Protected property\">connection</span>: \"<span class=sf-dump-str title=\"5 characters\">mysql</span>\"
  #<span class=sf-dump-protected title=\"Protected property\">primaryKey</span>: \"<span class=sf-dump-str title=\"2 characters\">id</span>\"
  #<span class=sf-dump-protected title=\"Protected property\">keyType</span>: \"<span class=sf-dump-str title=\"3 characters\">int</span>\"
  +<span class=sf-dump-public title=\"Public property\">incrementing</span>: <span class=sf-dump-const>true</span>
  #<span class=sf-dump-protected title=\"Protected property\">with</span>: []
  #<span class=sf-dump-protected title=\"Protected property\">withCount</span>: []
  +<span class=sf-dump-public title=\"Public property\">preventsLazyLoading</span>: <span class=sf-dump-const>false</span>
  #<span class=sf-dump-protected title=\"Protected property\">perPage</span>: <span class=sf-dump-num>15</span>
  +<span class=sf-dump-public title=\"Public property\">exists</span>: <span class=sf-dump-const>true</span>
  +<span class=sf-dump-public title=\"Public property\">wasRecentlyCreated</span>: <span class=sf-dump-const>false</span>
  #<span class=sf-dump-protected title=\"Protected property\">escapeWhenCastingToString</span>: <span class=sf-dump-const>false</span>
  #<span class=sf-dump-protected title=\"Protected property\">attributes</span>: <span class=sf-dump-note>array:82</span> [<samp data-depth=2 class=sf-dump-compact>
    \"<span class=sf-dump-key>id</span>\" => <span class=sf-dump-num>72</span>
    \"<span class=sf-dump-key>property_id</span>\" => <span class=sf-dump-num>0</span>
    \"<span class=sf-dump-key>user_id</span>\" => <span class=sf-dump-num>50</span>
    \"<span class=sf-dump-key>agency_id</span>\" => <span class=sf-dump-num>0</span>
    \"<span class=sf-dump-key>assestant_user_id</span>\" => <span class=sf-dump-const>null</span>
    \"<span class=sf-dump-key>show_assestant_user</span>\" => <span class=sf-dump-num>0</span>
    \"<span class=sf-dump-key>category_id</span>\" => <span class=sf-dump-num>1</span>
    \"<span class=sf-dump-key>status_id</span>\" => <span class=sf-dump-num>0</span>
    \"<span class=sf-dump-key>package_id</span>\" => <span class=sf-dump-num>2</span>
    \"<span class=sf-dump-key>display_start_date</span>\" => <span class=sf-dump-const>null</span>
    \"<span class=sf-dump-key>display_end_date</span>\" => <span class=sf-dump-const>null</span>
    \"<span class=sf-dump-key>package_name</span>\" => \"<span class=sf-dump-str title=\"5 characters\">Elite</span>\"
    \"<span class=sf-dump-key>property_type_id</span>\" => <span class=sf-dump-num>2</span>
    \"<span class=sf-dump-key>property_status_type</span>\" => \"<span class=sf-dump-str title=\"16 characters\">New Construction</span>\"
    \"<span class=sf-dump-key>property_authority</span>\" => \"<span class=sf-dump-str>2</span>\"
    \"<span class=sf-dump-key>name</span>\" => \"<span class=sf-dump-str title=\"36 characters\">Smart Designs for Modern Family Life</span>\"
    \"<span class=sf-dump-key>slug</span>\" => \"<span class=sf-dump-str title=\"36 characters\">smart-designs-for-modern-family-life</span>\"
    \"<span class=sf-dump-key>price</span>\" => \"<span class=sf-dump-str title=\"10 characters\">1725000.00</span>\"
    \"<span class=sf-dump-key>min_price</span>\" => \"<span class=sf-dump-str title=\"13 characters\">Contact Agent</span>\"
    \"<span class=sf-dump-key>max_price</span>\" => \"<span class=sf-dump-str title=\"4 characters\">0.00</span>\"
    \"<span class=sf-dump-key>show_price</span>\" => \"<span class=sf-dump-str>0</span>\"
    \"<span class=sf-dump-key>hide_price_show_contact_agent</span>\" => <span class=sf-dump-num>0</span>
    \"<span class=sf-dump-key>image</span>\" => \"<span class=sf-dump-str title=\"14 characters\">91670_main.jpg</span>\"
    \"<span class=sf-dump-key>floorplan</span>\" => <span class=sf-dump-const>null</span>
    \"<span class=sf-dump-key>statement_information</span>\" => <span class=sf-dump-const>null</span>
    \"<span class=sf-dump-key>front_page_image</span>\" => <span class=sf-dump-const>null</span>
    \"<span class=sf-dump-key>video_url</span>\" => <span class=sf-dump-const>null</span>
    \"<span class=sf-dump-key>banner</span>\" => <span class=sf-dump-const>null</span>
    \"<span class=sf-dump-key>is_featured</span>\" => \"<span class=sf-dump-str title=\"2 characters\">No</span>\"
    \"<span class=sf-dump-key>is_new</span>\" => \"<span class=sf-dump-str title=\"3 characters\">Yes</span>\"
    \"<span class=sf-dump-key>sort_order</span>\" => <span class=sf-dump-num>1</span>
    \"<span class=sf-dump-key>short_contents</span>\" => <span class=sf-dump-const>null</span>
    \"<span class=sf-dump-key>full_contents</span>\" => \"\"\"
      <span class=sf-dump-str title=\"1124 characters\">Lot 1 <span class=\"sf-dump-default sf-dump-ns\">\\
</span></span>
      <span class=sf-dump-str title=\"1124 characters\">Layout: 4 Bed | 3 Bath | 2 Car | 159 sqm Floor area<span class=\"sf-dump-default sf-dump-ns\">\\
</span></span>
      <span class=sf-dump-str title=\"1124 characters\"><span class=\"sf-dump-default sf-dump-ns\">\\
</span></span>
      <span class=sf-dump-str title=\"1124 characters\">Property Highlights<span class=\"sf-dump-default sf-dump-ns\">\\
</span></span>
      <span class=sf-dump-str title=\"1124 characters\">* Spacious Open-Plan Living: Herringbone parquet laminate flooring in the main areas and bedrooms, with carpet on the stairs for added comfort.<span class=\"sf-dump-default sf-dump-ns\">\\
</span></span>
      <span class=sf-dump-str title=\"1124 characters\">Modern Kitchen: Equipped with SMEG premium appliances, including an oven, microwave, and dishwasher. The kitchen island features natural Italian<span class=\"sf-dump-default sf-dump-ns\">\\
</span></span>
      <span class=sf-dump-str title=\"1124 characters\">marble for a luxurious touch.<span class=\"sf-dump-default sf-dump-ns\">\\
</span></span>
      <span class=sf-dump-str title=\"1124 characters\">* Thoughtful Lighting Design: 35 warm LED downlights throughout the home create a bright and cozy atmosphere, complemented by exterior sensor lights<span class=\"sf-dump-default sf-dump-ns\">\\
</span></span>
      <span class=sf-dump-str title=\"1124 characters\">in sleek black designs.<span class=\"sf-dump-default sf-dump-ns\">\\
</span></span>
      <span class=sf-dump-str title=\"1124 characters\">* Elegant Details: USB-compatible switches and power outlets, matte black hardware throughout, enhancing the overall sophistication of the home.<span class=\"sf-dump-default sf-dump-ns\">\\
</span></span>
      <span class=sf-dump-str title=\"1124 characters\">Property Highlights<span class=\"sf-dump-default sf-dump-ns\">\\
</span></span>
      <span class=sf-dump-str title=\"1124 characters\">* Air Conditioning System: Split heating and cooling air conditioners ensure year-round comfort.<span class=\"sf-dump-default sf-dump-ns\">\\
</span></span>
      <span class=sf-dump-str title=\"1124 characters\"><span class=\"sf-dump-default sf-dump-ns\">\\
</span></span>
      <span class=sf-dump-str title=\"1124 characters\">Public School Zone:<span class=\"sf-dump-default sf-dump-ns\">\\
</span></span>
      <span class=sf-dump-str title=\"1124 characters\">Alphington Primary School | 1.2km<span class=\"sf-dump-default sf-dump-ns\">\\
</span></span>
      <span class=sf-dump-str title=\"1124 characters\">Thornbury High School&#65372;4.4km<span class=\"sf-dump-default sf-dump-ns\">\\
</span></span>
      <span class=sf-dump-str title=\"1124 characters\"><span class=\"sf-dump-default sf-dump-ns\">\\
</span></span>
      <span class=sf-dump-str title=\"1124 characters\">Transport&#65306;<span class=\"sf-dump-default sf-dump-ns\">\\
</span></span>
      <span class=sf-dump-str title=\"1124 characters\">Convenient Living Area Darebin railway station &#65372; 400m<span class=\"sf-dump-default sf-dump-ns\">\\
</span></span>
      <span class=sf-dump-str title=\"1124 characters\">Darebin Bus Station &#65372; 100m<span class=\"sf-dump-default sf-dump-ns\">\\
</span></span>
      <span class=sf-dump-str title=\"1124 characters\"><span class=\"sf-dump-default sf-dump-ns\">\\
</span></span>
      <span class=sf-dump-str title=\"1124 characters\">Lifestyle&#65306;<span class=\"sf-dump-default sf-dump-ns\">\\
</span></span>
      <span class=sf-dump-str title=\"1124 characters\">Sparks Park &#65372; 300m<span class=\"sf-dump-default sf-dump-ns\">\\
</span></span>
      <span class=sf-dump-str title=\"1124 characters\">Alphington Agricultural Market &#65372; 1.3km<span class=\"sf-dump-default sf-dump-ns\">\\
</span></span>
      <span class=sf-dump-str title=\"1124 characters\">Ivanhoe Plaza &#65372; 950m</span>
      \"\"\"
    \"<span class=sf-dump-key>status</span>\" => \"<span class=sf-dump-str title=\"3 characters\">Yes</span>\"
    \"<span class=sf-dump-key>admin_status</span>\" => \"<span class=sf-dump-str title=\"3 characters\">Yes</span>\"
    \"<span class=sf-dump-key>vendor_name</span>\" => \"<span class=sf-dump-str title=\"3 characters\">zim</span>\"
    \"<span class=sf-dump-key>vendor_email</span>\" => \"<span class=sf-dump-str title=\"19 characters\">zimroy689@gmail.com</span>\"
    \"<span class=sf-dump-key>vendor_phone</span>\" => \"<span class=sf-dump-str title=\"10 characters\">0430883278</span>\"
    \"<span class=sf-dump-key>send_public_mail_to_vender</span>\" => <span class=sf-dump-num>1</span>
    \"<span class=sf-dump-key>send_weekly_mail_to_vender</span>\" => <span class=sf-dump-num>0</span>
    \"<span class=sf-dump-key>address_unit</span>\" => <span class=sf-dump-const>null</span>
    \"<span class=sf-dump-key>street_address</span>\" => \"<span class=sf-dump-str title=\"18 characters\">1012 Heidelberg Rd</span>\"
    \"<span class=sf-dump-key>suburb</span>\" => \"<span class=sf-dump-str title=\"7 characters\">Ivanhoe</span>\"
    \"<span class=sf-dump-key>postcode</span>\" => \"<span class=sf-dump-str title=\"4 characters\">3079</span>\"
    \"<span class=sf-dump-key>state_id</span>\" => <span class=sf-dump-num>2</span>
    \"<span class=sf-dump-key>municipality</span>\" => <span class=sf-dump-const>null</span>
    \"<span class=sf-dump-key>hide_street_address</span>\" => <span class=sf-dump-num>1</span>
    \"<span class=sf-dump-key>hide_street_view</span>\" => <span class=sf-dump-num>0</span>
    \"<span class=sf-dump-key>auction_result</span>\" => \"<span class=sf-dump-str title=\"16 characters\">To be determined</span>\"
    \"<span class=sf-dump-key>maximum_bid</span>\" => \"<span class=sf-dump-str title=\"4 characters\">0.00</span>\"
    \"<span class=sf-dump-key>bedrooms</span>\" => \"<span class=sf-dump-str>4</span>\"
    \"<span class=sf-dump-key>bathrooms</span>\" => <span class=sf-dump-num>3</span>
    \"<span class=sf-dump-key>ensuites</span>\" => <span class=sf-dump-num>0</span>
    \"<span class=sf-dump-key>toilets</span>\" => <span class=sf-dump-num>0</span>
    \"<span class=sf-dump-key>garage_spaces</span>\" => <span class=sf-dump-num>1</span>
    \"<span class=sf-dump-key>carport_spaces</span>\" => <span class=sf-dump-num>0</span>
    \"<span class=sf-dump-key>popen_spaces</span>\" => <span class=sf-dump-num>0</span>
    \"<span class=sf-dump-key>living_areas</span>\" => <span class=sf-dump-const>null</span>
    \"<span class=sf-dump-key>house_size</span>\" => <span class=sf-dump-const>null</span>
    \"<span class=sf-dump-key>house_size_unit</span>\" => \"<span class=sf-dump-str title=\"7 characters\">Squares</span>\"
    \"<span class=sf-dump-key>land_size</span>\" => \"<span class=sf-dump-str title=\"3 characters\">159</span>\"
    \"<span class=sf-dump-key>land_size_unit</span>\" => \"<span class=sf-dump-str title=\"12 characters\">quare metres</span>\"
    \"<span class=sf-dump-key>energy_efficiency_rating</span>\" => <span class=sf-dump-const>null</span>
    \"<span class=sf-dump-key>outdoor_features</span>\" => \"<span class=sf-dump-str title=\"74 characters\">Balcony,Ensuite,Fully Fenced,Outdoor Entertainment Area,Undercover parking</span>\"
    \"<span class=sf-dump-key>indoor_features</span>\" => \"<span class=sf-dump-str title=\"10 characters\">Dishwasher</span>\"
    \"<span class=sf-dump-key>heating_cooling</span>\" => \"<span class=sf-dump-str title=\"5 characters\">A / C</span>\"
    \"<span class=sf-dump-key>eco_friendly_features</span>\" => \"\"
    \"<span class=sf-dump-key>other_features</span>\" => <span class=sf-dump-const>null</span>
    \"<span class=sf-dump-key>published_date</span>\" => \"<span class=sf-dump-str title=\"10 characters\">2025-05-15</span>\"
    \"<span class=sf-dump-key>map_link_url</span>\" => <span class=sf-dump-const>null</span>
    \"<span class=sf-dump-key>latitude</span>\" => \"<span class=sf-dump-str title=\"11 characters\">-37.7758165</span>\"
    \"<span class=sf-dump-key>longitude</span>\" => \"<span class=sf-dump-str title=\"11 characters\">145.0390471</span>\"
    \"<span class=sf-dump-key>sold_date</span>\" => <span class=sf-dump-const>null</span>
    \"<span class=sf-dump-key>sold_price</span>\" => <span class=sf-dump-const>null</span>
    \"<span class=sf-dump-key>auction_date</span>\" => <span class=sf-dump-const>null</span>
    \"<span class=sf-dump-key>auction_time</span>\" => <span class=sf-dump-const>null</span>
    \"<span class=sf-dump-key>auction_location</span>\" => <span class=sf-dump-const>null</span>
    \"<span class=sf-dump-key>underContract</span>\" => \"<span class=sf-dump-str>0</span>\"
    \"<span class=sf-dump-key>leased_date</span>\" => <span class=sf-dump-const>null</span>
    \"<span class=sf-dump-key>bond</span>\" => <span class=sf-dump-const>null</span>
    \"<span class=sf-dump-key>created_at</span>\" => \"<span class=sf-dump-str title=\"19 characters\">2025-05-15 06:58:44</span>\"
    \"<span class=sf-dump-key>updated_at</span>\" => \"<span class=sf-dump-str title=\"19 characters\">2025-08-26 12:51:43</span>\"
  </samp>]
  #<span class=sf-dump-protected title=\"Protected property\">original</span>: <span class=sf-dump-note>array:82</span> [<samp data-depth=2 class=sf-dump-compact>
    \"<span class=sf-dump-key>id</span>\" => <span class=sf-dump-num>72</span>
    \"<span class=sf-dump-key>property_id</span>\" => <span class=sf-dump-num>0</span>
    \"<span class=sf-dump-key>user_id</span>\" => <span class=sf-dump-num>50</span>
    \"<span class=sf-dump-key>agency_id</span>\" => <span class=sf-dump-num>0</span>
    \"<span class=sf-dump-key>assestant_user_id</span>\" => <span class=sf-dump-const>null</span>
    \"<span class=sf-dump-key>show_assestant_user</span>\" => <span class=sf-dump-num>0</span>
    \"<span class=sf-dump-key>category_id</span>\" => <span class=sf-dump-num>1</span>
    \"<span class=sf-dump-key>status_id</span>\" => <span class=sf-dump-num>0</span>
    \"<span class=sf-dump-key>package_id</span>\" => <span class=sf-dump-num>3</span>
    \"<span class=sf-dump-key>display_start_date</span>\" => <span class=sf-dump-const>null</span>
    \"<span class=sf-dump-key>display_end_date</span>\" => <span class=sf-dump-const>null</span>
    \"<span class=sf-dump-key>package_name</span>\" => \"<span class=sf-dump-str title=\"5 characters\">Elite</span>\"
    \"<span class=sf-dump-key>property_type_id</span>\" => <span class=sf-dump-num>2</span>
    \"<span class=sf-dump-key>property_status_type</span>\" => \"<span class=sf-dump-str title=\"16 characters\">New Construction</span>\"
    \"<span class=sf-dump-key>property_authority</span>\" => \"<span class=sf-dump-str>2</span>\"
    \"<span class=sf-dump-key>name</span>\" => \"<span class=sf-dump-str title=\"36 characters\">Smart Designs for Modern Family Life</span>\"
    \"<span class=sf-dump-key>slug</span>\" => \"<span class=sf-dump-str title=\"36 characters\">smart-designs-for-modern-family-life</span>\"
    \"<span class=sf-dump-key>price</span>\" => \"<span class=sf-dump-str title=\"10 characters\">1725000.00</span>\"
    \"<span class=sf-dump-key>min_price</span>\" => \"<span class=sf-dump-str title=\"13 characters\">Contact Agent</span>\"
    \"<span class=sf-dump-key>max_price</span>\" => \"<span class=sf-dump-str title=\"4 characters\">0.00</span>\"
    \"<span class=sf-dump-key>show_price</span>\" => \"<span class=sf-dump-str>0</span>\"
    \"<span class=sf-dump-key>hide_price_show_contact_agent</span>\" => <span class=sf-dump-num>0</span>
    \"<span class=sf-dump-key>image</span>\" => \"<span class=sf-dump-str title=\"14 characters\">91670_main.jpg</span>\"
    \"<span class=sf-dump-key>floorplan</span>\" => <span class=sf-dump-const>null</span>
    \"<span class=sf-dump-key>statement_information</span>\" => <span class=sf-dump-const>null</span>
    \"<span class=sf-dump-key>front_page_image</span>\" => <span class=sf-dump-const>null</span>
    \"<span class=sf-dump-key>video_url</span>\" => <span class=sf-dump-const>null</span>
    \"<span class=sf-dump-key>banner</span>\" => <span class=sf-dump-const>null</span>
    \"<span class=sf-dump-key>is_featured</span>\" => \"<span class=sf-dump-str title=\"2 characters\">No</span>\"
    \"<span class=sf-dump-key>is_new</span>\" => \"<span class=sf-dump-str title=\"3 characters\">Yes</span>\"
    \"<span class=sf-dump-key>sort_order</span>\" => <span class=sf-dump-num>1</span>
    \"<span class=sf-dump-key>short_contents</span>\" => <span class=sf-dump-const>null</span>
    \"<span class=sf-dump-key>full_contents</span>\" => \"\"\"
      <span class=sf-dump-str title=\"1124 characters\">Lot 1 <span class=\"sf-dump-default sf-dump-ns\">\\
</span></span>
      <span class=sf-dump-str title=\"1124 characters\">Layout: 4 Bed | 3 Bath | 2 Car | 159 sqm Floor area<span class=\"sf-dump-default sf-dump-ns\">\\
</span></span>
      <span class=sf-dump-str title=\"1124 characters\"><span class=\"sf-dump-default sf-dump-ns\">\\
</span></span>
      <span class=sf-dump-str title=\"1124 characters\">Property Highlights<span class=\"sf-dump-default sf-dump-ns\">\\
</span></span>
      <span class=sf-dump-str title=\"1124 characters\">* Spacious Open-Plan Living: Herringbone parquet laminate flooring in the main areas and bedrooms, with carpet on the stairs for added comfort.<span class=\"sf-dump-default sf-dump-ns\">\\
</span></span>
      <span class=sf-dump-str title=\"1124 characters\">Modern Kitchen: Equipped with SMEG premium appliances, including an oven, microwave, and dishwasher. The kitchen island features natural Italian<span class=\"sf-dump-default sf-dump-ns\">\\
</span></span>
      <span class=sf-dump-str title=\"1124 characters\">marble for a luxurious touch.<span class=\"sf-dump-default sf-dump-ns\">\\
</span></span>
      <span class=sf-dump-str title=\"1124 characters\">* Thoughtful Lighting Design: 35 warm LED downlights throughout the home create a bright and cozy atmosphere, complemented by exterior sensor lights<span class=\"sf-dump-default sf-dump-ns\">\\
</span></span>
      <span class=sf-dump-str title=\"1124 characters\">in sleek black designs.<span class=\"sf-dump-default sf-dump-ns\">\\
</span></span>
      <span class=sf-dump-str title=\"1124 characters\">* Elegant Details: USB-compatible switches and power outlets, matte black hardware throughout, enhancing the overall sophistication of the home.<span class=\"sf-dump-default sf-dump-ns\">\\
</span></span>
      <span class=sf-dump-str title=\"1124 characters\">Property Highlights<span class=\"sf-dump-default sf-dump-ns\">\\
</span></span>
      <span class=sf-dump-str title=\"1124 characters\">* Air Conditioning System: Split heating and cooling air conditioners ensure year-round comfort.<span class=\"sf-dump-default sf-dump-ns\">\\
</span></span>
      <span class=sf-dump-str title=\"1124 characters\"><span class=\"sf-dump-default sf-dump-ns\">\\
</span></span>
      <span class=sf-dump-str title=\"1124 characters\">Public School Zone:<span class=\"sf-dump-default sf-dump-ns\">\\
</span></span>
      <span class=sf-dump-str title=\"1124 characters\">Alphington Primary School | 1.2km<span class=\"sf-dump-default sf-dump-ns\">\\
</span></span>
      <span class=sf-dump-str title=\"1124 characters\">Thornbury High School&#65372;4.4km<span class=\"sf-dump-default sf-dump-ns\">\\
</span></span>
      <span class=sf-dump-str title=\"1124 characters\"><span class=\"sf-dump-default sf-dump-ns\">\\
</span></span>
      <span class=sf-dump-str title=\"1124 characters\">Transport&#65306;<span class=\"sf-dump-default sf-dump-ns\">\\
</span></span>
      <span class=sf-dump-str title=\"1124 characters\">Convenient Living Area Darebin railway station &#65372; 400m<span class=\"sf-dump-default sf-dump-ns\">\\
</span></span>
      <span class=sf-dump-str title=\"1124 characters\">Darebin Bus Station &#65372; 100m<span class=\"sf-dump-default sf-dump-ns\">\\
</span></span>
      <span class=sf-dump-str title=\"1124 characters\"><span class=\"sf-dump-default sf-dump-ns\">\\
</span></span>
      <span class=sf-dump-str title=\"1124 characters\">Lifestyle&#65306;<span class=\"sf-dump-default sf-dump-ns\">\\
</span></span>
      <span class=sf-dump-str title=\"1124 characters\">Sparks Park &#65372; 300m<span class=\"sf-dump-default sf-dump-ns\">\\
</span></span>
      <span class=sf-dump-str title=\"1124 characters\">Alphington Agricultural Market &#65372; 1.3km<span class=\"sf-dump-default sf-dump-ns\">\\
</span></span>
      <span class=sf-dump-str title=\"1124 characters\">Ivanhoe Plaza &#65372; 950m</span>
      \"\"\"
    \"<span class=sf-dump-key>status</span>\" => \"<span class=sf-dump-str title=\"3 characters\">Yes</span>\"
    \"<span class=sf-dump-key>admin_status</span>\" => \"<span class=sf-dump-str title=\"3 characters\">Yes</span>\"
    \"<span class=sf-dump-key>vendor_name</span>\" => \"<span class=sf-dump-str title=\"3 characters\">zim</span>\"
    \"<span class=sf-dump-key>vendor_email</span>\" => \"<span class=sf-dump-str title=\"19 characters\">zimroy689@gmail.com</span>\"
    \"<span class=sf-dump-key>vendor_phone</span>\" => \"<span class=sf-dump-str title=\"10 characters\">0430883278</span>\"
    \"<span class=sf-dump-key>send_public_mail_to_vender</span>\" => <span class=sf-dump-num>1</span>
    \"<span class=sf-dump-key>send_weekly_mail_to_vender</span>\" => <span class=sf-dump-num>0</span>
    \"<span class=sf-dump-key>address_unit</span>\" => <span class=sf-dump-const>null</span>
    \"<span class=sf-dump-key>street_address</span>\" => \"<span class=sf-dump-str title=\"18 characters\">1012 Heidelberg Rd</span>\"
    \"<span class=sf-dump-key>suburb</span>\" => \"<span class=sf-dump-str title=\"7 characters\">Ivanhoe</span>\"
    \"<span class=sf-dump-key>postcode</span>\" => \"<span class=sf-dump-str title=\"4 characters\">3079</span>\"
    \"<span class=sf-dump-key>state_id</span>\" => <span class=sf-dump-num>2</span>
    \"<span class=sf-dump-key>municipality</span>\" => <span class=sf-dump-const>null</span>
    \"<span class=sf-dump-key>hide_street_address</span>\" => <span class=sf-dump-num>1</span>
    \"<span class=sf-dump-key>hide_street_view</span>\" => <span class=sf-dump-num>0</span>
    \"<span class=sf-dump-key>auction_result</span>\" => \"<span class=sf-dump-str title=\"16 characters\">To be determined</span>\"
    \"<span class=sf-dump-key>maximum_bid</span>\" => \"<span class=sf-dump-str title=\"4 characters\">0.00</span>\"
    \"<span class=sf-dump-key>bedrooms</span>\" => \"<span class=sf-dump-str>4</span>\"
    \"<span class=sf-dump-key>bathrooms</span>\" => <span class=sf-dump-num>3</span>
    \"<span class=sf-dump-key>ensuites</span>\" => <span class=sf-dump-num>0</span>
    \"<span class=sf-dump-key>toilets</span>\" => <span class=sf-dump-num>0</span>
    \"<span class=sf-dump-key>garage_spaces</span>\" => <span class=sf-dump-num>1</span>
    \"<span class=sf-dump-key>carport_spaces</span>\" => <span class=sf-dump-num>0</span>
    \"<span class=sf-dump-key>popen_spaces</span>\" => <span class=sf-dump-num>0</span>
    \"<span class=sf-dump-key>living_areas</span>\" => <span class=sf-dump-const>null</span>
    \"<span class=sf-dump-key>house_size</span>\" => <span class=sf-dump-const>null</span>
    \"<span class=sf-dump-key>house_size_unit</span>\" => \"<span class=sf-dump-str title=\"7 characters\">Squares</span>\"
    \"<span class=sf-dump-key>land_size</span>\" => \"<span class=sf-dump-str title=\"3 characters\">159</span>\"
    \"<span class=sf-dump-key>land_size_unit</span>\" => \"<span class=sf-dump-str title=\"12 characters\">quare metres</span>\"
    \"<span class=sf-dump-key>energy_efficiency_rating</span>\" => <span class=sf-dump-const>null</span>
    \"<span class=sf-dump-key>outdoor_features</span>\" => \"<span class=sf-dump-str title=\"74 characters\">Balcony,Ensuite,Fully Fenced,Outdoor Entertainment Area,Undercover parking</span>\"
    \"<span class=sf-dump-key>indoor_features</span>\" => \"<span class=sf-dump-str title=\"10 characters\">Dishwasher</span>\"
    \"<span class=sf-dump-key>heating_cooling</span>\" => \"<span class=sf-dump-str title=\"5 characters\">A / C</span>\"
    \"<span class=sf-dump-key>eco_friendly_features</span>\" => \"\"
    \"<span class=sf-dump-key>other_features</span>\" => <span class=sf-dump-const>null</span>
    \"<span class=sf-dump-key>published_date</span>\" => \"<span class=sf-dump-str title=\"10 characters\">2025-05-15</span>\"
    \"<span class=sf-dump-key>map_link_url</span>\" => <span class=sf-dump-const>null</span>
    \"<span class=sf-dump-key>latitude</span>\" => \"<span class=sf-dump-str title=\"11 characters\">-37.7758165</span>\"
    \"<span class=sf-dump-key>longitude</span>\" => \"<span class=sf-dump-str title=\"11 characters\">145.0390471</span>\"
    \"<span class=sf-dump-key>sold_date</span>\" => <span class=sf-dump-const>null</span>
    \"<span class=sf-dump-key>sold_price</span>\" => <span class=sf-dump-const>null</span>
    \"<span class=sf-dump-key>auction_date</span>\" => <span class=sf-dump-const>null</span>
    \"<span class=sf-dump-key>auction_time</span>\" => <span class=sf-dump-const>null</span>
    \"<span class=sf-dump-key>auction_location</span>\" => <span class=sf-dump-const>null</span>
    \"<span class=sf-dump-key>underContract</span>\" => \"<span class=sf-dump-str>0</span>\"
    \"<span class=sf-dump-key>leased_date</span>\" => <span class=sf-dump-const>null</span>
    \"<span class=sf-dump-key>bond</span>\" => <span class=sf-dump-const>null</span>
    \"<span class=sf-dump-key>created_at</span>\" => \"<span class=sf-dump-str title=\"19 characters\">2025-05-15 06:58:44</span>\"
    \"<span class=sf-dump-key>updated_at</span>\" => \"<span class=sf-dump-str title=\"19 characters\">2025-08-26 12:51:43</span>\"
  </samp>]
  #<span class=sf-dump-protected title=\"Protected property\">changes</span>: []
  #<span class=sf-dump-protected title=\"Protected property\">casts</span>: []
  #<span class=sf-dump-protected title=\"Protected property\">classCastCache</span>: []
  #<span class=sf-dump-protected title=\"Protected property\">attributeCastCache</span>: []
  #<span class=sf-dump-protected title=\"Protected property\">dates</span>: []
  #<span class=sf-dump-protected title=\"Protected property\">dateFormat</span>: <span class=sf-dump-const>null</span>
  #<span class=sf-dump-protected title=\"Protected property\">appends</span>: []
  #<span class=sf-dump-protected title=\"Protected property\">dispatchesEvents</span>: []
  #<span class=sf-dump-protected title=\"Protected property\">observables</span>: []
  #<span class=sf-dump-protected title=\"Protected property\">relations</span>: <span class=sf-dump-note>array:4</span> [<samp data-depth=2 class=sf-dump-compact>
    \"<span class=sf-dump-key>agent</span>\" => <span class=sf-dump-note title=\"App\\Model\\Agents
\"><span class=\"sf-dump-ellipsis sf-dump-ellipsis-note\">App\\Model</span><span class=\"sf-dump-ellipsis sf-dump-ellipsis-note\">\\</span>Agents</span> {<a class=sf-dump-ref>#1569</a><samp data-depth=3 class=sf-dump-compact>
      #<span class=sf-dump-protected title=\"Protected property\">table</span>: \"<span class=sf-dump-str title=\"9 characters\">tbl_users</span>\"
      #<span class=sf-dump-protected title=\"Protected property\">primaryKey</span>: \"<span class=sf-dump-str title=\"2 characters\">id</span>\"
      #<span class=sf-dump-protected title=\"Protected property\">connection</span>: \"<span class=sf-dump-str title=\"5 characters\">mysql</span>\"
      #<span class=sf-dump-protected title=\"Protected property\">keyType</span>: \"<span class=sf-dump-str title=\"3 characters\">int</span>\"
      +<span class=sf-dump-public title=\"Public property\">incrementing</span>: <span class=sf-dump-const>true</span>
      #<span class=sf-dump-protected title=\"Protected property\">with</span>: []
      #<span class=sf-dump-protected title=\"Protected property\">withCount</span>: []
      +<span class=sf-dump-public title=\"Public property\">preventsLazyLoading</span>: <span class=sf-dump-const>false</span>
      #<span class=sf-dump-protected title=\"Protected property\">perPage</span>: <span class=sf-dump-num>15</span>
      +<span class=sf-dump-public title=\"Public property\">exists</span>: <span class=sf-dump-const>true</span>
      +<span class=sf-dump-public title=\"Public property\">wasRecentlyCreated</span>: <span class=sf-dump-const>false</span>
      #<span class=sf-dump-protected title=\"Protected property\">escapeWhenCastingToString</span>: <span class=sf-dump-const>false</span>
      #<span class=sf-dump-protected title=\"Protected property\">attributes</span>: <span class=sf-dump-note>array:77</span> [ &hellip;77]
      #<span class=sf-dump-protected title=\"Protected property\">original</span>: <span class=sf-dump-note>array:77</span> [ &hellip;77]
      #<span class=sf-dump-protected title=\"Protected property\">changes</span>: []
      #<span class=sf-dump-protected title=\"Protected property\">casts</span>: []
      #<span class=sf-dump-protected title=\"Protected property\">classCastCache</span>: []
      #<span class=sf-dump-protected title=\"Protected property\">attributeCastCache</span>: []
      #<span class=sf-dump-protected title=\"Protected property\">dates</span>: []
      #<span class=sf-dump-protected title=\"Protected property\">dateFormat</span>: <span class=sf-dump-const>null</span>
      #<span class=sf-dump-protected title=\"Protected property\">appends</span>: []
      #<span class=sf-dump-protected title=\"Protected property\">dispatchesEvents</span>: []
      #<span class=sf-dump-protected title=\"Protected property\">observables</span>: []
      #<span class=sf-dump-protected title=\"Protected property\">relations</span>: []
      #<span class=sf-dump-protected title=\"Protected property\">touches</span>: []
      +<span class=sf-dump-public title=\"Public property\">timestamps</span>: <span class=sf-dump-const>true</span>
      #<span class=sf-dump-protected title=\"Protected property\">hidden</span>: []
      #<span class=sf-dump-protected title=\"Protected property\">visible</span>: []
      #<span class=sf-dump-protected title=\"Protected property\">fillable</span>: []
      #<span class=sf-dump-protected title=\"Protected property\">guarded</span>: <span class=sf-dump-note>array:1</span> [ &hellip;1]
    </samp>}
    \"<span class=sf-dump-key>property_option</span>\" => <span class=sf-dump-note title=\"App\\Model\\Propertyoptions
\"><span class=\"sf-dump-ellipsis sf-dump-ellipsis-note\">App\\Model</span><span class=\"sf-dump-ellipsis sf-dump-ellipsis-note\">\\</span>Propertyoptions</span> {<a class=sf-dump-ref>#1570</a><samp data-depth=3 class=sf-dump-compact>
      #<span class=sf-dump-protected title=\"Protected property\">table</span>: \"<span class=sf-dump-str title=\"19 characters\">tbl_property_option</span>\"
      #<span class=sf-dump-protected title=\"Protected property\">primaryKey</span>: \"<span class=sf-dump-str title=\"2 characters\">id</span>\"
      +<span class=sf-dump-public title=\"Public property\">timestamps</span>: <span class=sf-dump-const>false</span>
      #<span class=sf-dump-protected title=\"Protected property\">connection</span>: \"<span class=sf-dump-str title=\"5 characters\">mysql</span>\"
      #<span class=sf-dump-protected title=\"Protected property\">keyType</span>: \"<span class=sf-dump-str title=\"3 characters\">int</span>\"
      +<span class=sf-dump-public title=\"Public property\">incrementing</span>: <span class=sf-dump-const>true</span>
      #<span class=sf-dump-protected title=\"Protected property\">with</span>: []
      #<span class=sf-dump-protected title=\"Protected property\">withCount</span>: []
      +<span class=sf-dump-public title=\"Public property\">preventsLazyLoading</span>: <span class=sf-dump-const>false</span>
      #<span class=sf-dump-protected title=\"Protected property\">perPage</span>: <span class=sf-dump-num>15</span>
      +<span class=sf-dump-public title=\"Public property\">exists</span>: <span class=sf-dump-const>true</span>
      +<span class=sf-dump-public title=\"Public property\">wasRecentlyCreated</span>: <span class=sf-dump-const>false</span>
      #<span class=sf-dump-protected title=\"Protected property\">escapeWhenCastingToString</span>: <span class=sf-dump-const>false</span>
      #<span class=sf-dump-protected title=\"Protected property\">attributes</span>: <span class=sf-dump-note>array:7</span> [ &hellip;7]
      #<span class=sf-dump-protected title=\"Protected property\">original</span>: <span class=sf-dump-note>array:7</span> [ &hellip;7]
      #<span class=sf-dump-protected title=\"Protected property\">changes</span>: []
      #<span class=sf-dump-protected title=\"Protected property\">casts</span>: []
      #<span class=sf-dump-protected title=\"Protected property\">classCastCache</span>: []
      #<span class=sf-dump-protected title=\"Protected property\">attributeCastCache</span>: []
      #<span class=sf-dump-protected title=\"Protected property\">dates</span>: []
      #<span class=sf-dump-protected title=\"Protected property\">dateFormat</span>: <span class=sf-dump-const>null</span>
      #<span class=sf-dump-protected title=\"Protected property\">appends</span>: []
      #<span class=sf-dump-protected title=\"Protected property\">dispatchesEvents</span>: []
      #<span class=sf-dump-protected title=\"Protected property\">observables</span>: []
      #<span class=sf-dump-protected title=\"Protected property\">relations</span>: []
      #<span class=sf-dump-protected title=\"Protected property\">touches</span>: []
      #<span class=sf-dump-protected title=\"Protected property\">hidden</span>: []
      #<span class=sf-dump-protected title=\"Protected property\">visible</span>: []
      #<span class=sf-dump-protected title=\"Protected property\">fillable</span>: []
      #<span class=sf-dump-protected title=\"Protected property\">guarded</span>: <span class=sf-dump-note>array:1</span> [ &hellip;1]
    </samp>}
    \"<span class=sf-dump-key>property_state</span>\" => <span class=sf-dump-note title=\"App\\Model\\States
\"><span class=\"sf-dump-ellipsis sf-dump-ellipsis-note\">App\\Model</span><span class=\"sf-dump-ellipsis sf-dump-ellipsis-note\">\\</span>States</span> {<a class=sf-dump-ref>#1572</a><samp data-depth=3 class=sf-dump-compact>
      #<span class=sf-dump-protected title=\"Protected property\">table</span>: \"<span class=sf-dump-str title=\"10 characters\">tbl_states</span>\"
      +<span class=sf-dump-public title=\"Public property\">timestamps</span>: <span class=sf-dump-const>false</span>
      #<span class=sf-dump-protected title=\"Protected property\">connection</span>: \"<span class=sf-dump-str title=\"5 characters\">mysql</span>\"
      #<span class=sf-dump-protected title=\"Protected property\">primaryKey</span>: \"<span class=sf-dump-str title=\"2 characters\">id</span>\"
      #<span class=sf-dump-protected title=\"Protected property\">keyType</span>: \"<span class=sf-dump-str title=\"3 characters\">int</span>\"
      +<span class=sf-dump-public title=\"Public property\">incrementing</span>: <span class=sf-dump-const>true</span>
      #<span class=sf-dump-protected title=\"Protected property\">with</span>: []
      #<span class=sf-dump-protected title=\"Protected property\">withCount</span>: []
      +<span class=sf-dump-public title=\"Public property\">preventsLazyLoading</span>: <span class=sf-dump-const>false</span>
      #<span class=sf-dump-protected title=\"Protected property\">perPage</span>: <span class=sf-dump-num>15</span>
      +<span class=sf-dump-public title=\"Public property\">exists</span>: <span class=sf-dump-const>true</span>
      +<span class=sf-dump-public title=\"Public property\">wasRecentlyCreated</span>: <span class=sf-dump-const>false</span>
      #<span class=sf-dump-protected title=\"Protected property\">escapeWhenCastingToString</span>: <span class=sf-dump-const>false</span>
      #<span class=sf-dump-protected title=\"Protected property\">attributes</span>: <span class=sf-dump-note>array:15</span> [ &hellip;15]
      #<span class=sf-dump-protected title=\"Protected property\">original</span>: <span class=sf-dump-note>array:15</span> [ &hellip;15]
      #<span class=sf-dump-protected title=\"Protected property\">changes</span>: []
      #<span class=sf-dump-protected title=\"Protected property\">casts</span>: []
      #<span class=sf-dump-protected title=\"Protected property\">classCastCache</span>: []
      #<span class=sf-dump-protected title=\"Protected property\">attributeCastCache</span>: []
      #<span class=sf-dump-protected title=\"Protected property\">dates</span>: []
      #<span class=sf-dump-protected title=\"Protected property\">dateFormat</span>: <span class=sf-dump-const>null</span>
      #<span class=sf-dump-protected title=\"Protected property\">appends</span>: []
      #<span class=sf-dump-protected title=\"Protected property\">dispatchesEvents</span>: []
      #<span class=sf-dump-protected title=\"Protected property\">observables</span>: []
      #<span class=sf-dump-protected title=\"Protected property\">relations</span>: []
      #<span class=sf-dump-protected title=\"Protected property\">touches</span>: []
      #<span class=sf-dump-protected title=\"Protected property\">hidden</span>: []
      #<span class=sf-dump-protected title=\"Protected property\">visible</span>: []
      #<span class=sf-dump-protected title=\"Protected property\">fillable</span>: []
      #<span class=sf-dump-protected title=\"Protected property\">guarded</span>: <span class=sf-dump-note>array:1</span> [ &hellip;1]
    </samp>}
    \"<span class=sf-dump-key>property_type</span>\" => <span class=sf-dump-note title=\"App\\Model\\Propertytypes
\"><span class=\"sf-dump-ellipsis sf-dump-ellipsis-note\">App\\Model</span><span class=\"sf-dump-ellipsis sf-dump-ellipsis-note\">\\</span>Propertytypes</span> {<a class=sf-dump-ref>#1574</a><samp data-depth=3 class=sf-dump-compact>
      #<span class=sf-dump-protected title=\"Protected property\">table</span>: \"<span class=sf-dump-str title=\"18 characters\">tbl_property_types</span>\"
      #<span class=sf-dump-protected title=\"Protected property\">primaryKey</span>: \"<span class=sf-dump-str title=\"2 characters\">id</span>\"
      +<span class=sf-dump-public title=\"Public property\">timestamps</span>: <span class=sf-dump-const>false</span>
      #<span class=sf-dump-protected title=\"Protected property\">connection</span>: \"<span class=sf-dump-str title=\"5 characters\">mysql</span>\"
      #<span class=sf-dump-protected title=\"Protected property\">keyType</span>: \"<span class=sf-dump-str title=\"3 characters\">int</span>\"
      +<span class=sf-dump-public title=\"Public property\">incrementing</span>: <span class=sf-dump-const>true</span>
      #<span class=sf-dump-protected title=\"Protected property\">with</span>: []
      #<span class=sf-dump-protected title=\"Protected property\">withCount</span>: []
      +<span class=sf-dump-public title=\"Public property\">preventsLazyLoading</span>: <span class=sf-dump-const>false</span>
      #<span class=sf-dump-protected title=\"Protected property\">perPage</span>: <span class=sf-dump-num>15</span>
      +<span class=sf-dump-public title=\"Public property\">exists</span>: <span class=sf-dump-const>true</span>
      +<span class=sf-dump-public title=\"Public property\">wasRecentlyCreated</span>: <span class=sf-dump-const>false</span>
      #<span class=sf-dump-protected title=\"Protected property\">escapeWhenCastingToString</span>: <span class=sf-dump-const>false</span>
      #<span class=sf-dump-protected title=\"Protected property\">attributes</span>: <span class=sf-dump-note>array:6</span> [ &hellip;6]
      #<span class=sf-dump-protected title=\"Protected property\">original</span>: <span class=sf-dump-note>array:6</span> [ &hellip;6]
      #<span class=sf-dump-protected title=\"Protected property\">changes</span>: []
      #<span class=sf-dump-protected title=\"Protected property\">casts</span>: []
      #<span class=sf-dump-protected title=\"Protected property\">classCastCache</span>: []
      #<span class=sf-dump-protected title=\"Protected property\">attributeCastCache</span>: []
      #<span class=sf-dump-protected title=\"Protected property\">dates</span>: []
      #<span class=sf-dump-protected title=\"Protected property\">dateFormat</span>: <span class=sf-dump-const>null</span>
      #<span class=sf-dump-protected title=\"Protected property\">appends</span>: []
      #<span class=sf-dump-protected title=\"Protected property\">dispatchesEvents</span>: []
      #<span class=sf-dump-protected title=\"Protected property\">observables</span>: []
      #<span class=sf-dump-protected title=\"Protected property\">relations</span>: []
      #<span class=sf-dump-protected title=\"Protected property\">touches</span>: []
      #<span class=sf-dump-protected title=\"Protected property\">hidden</span>: []
      #<span class=sf-dump-protected title=\"Protected property\">visible</span>: []
      #<span class=sf-dump-protected title=\"Protected property\">fillable</span>: []
      #<span class=sf-dump-protected title=\"Protected property\">guarded</span>: <span class=sf-dump-note>array:1</span> [ &hellip;1]
    </samp>}
  </samp>]
  #<span class=sf-dump-protected title=\"Protected property\">touches</span>: []
  +<span class=sf-dump-public title=\"Public property\">timestamps</span>: <span class=sf-dump-const>true</span>
  #<span class=sf-dump-protected title=\"Protected property\">hidden</span>: []
  #<span class=sf-dump-protected title=\"Protected property\">visible</span>: []
  #<span class=sf-dump-protected title=\"Protected property\">fillable</span>: []
  #<span class=sf-dump-protected title=\"Protected property\">guarded</span>: <span class=sf-dump-note>array:1</span> [<samp data-depth=2 class=sf-dump-compact>
    <span class=sf-dump-index>0</span> => \"<span class=sf-dump-str>*</span>\"
  </samp>]
</samp>}
</pre><script>Sfdump(\"sf-dump-1910278841\", {\"maxDepth\":3,\"maxStringLength\":160})</script>
","rs_images":"<pre class=sf-dump id=sf-dump-1873780746 data-indent-pad=\"  \"><span class=sf-dump-note>array:4</span> [<samp data-depth=1 class=sf-dump-expanded>
  <span class=sf-dump-index>0</span> => <span class=sf-dump-note>array:9</span> [<samp data-depth=2 class=sf-dump-compact>
    \"<span class=sf-dump-key>id</span>\" => <span class=sf-dump-num>13258</span>
    \"<span class=sf-dump-key>img_type</span>\" => \"<span class=sf-dump-str title=\"6 characters\">images</span>\"
    \"<span class=sf-dump-key>property_id</span>\" => <span class=sf-dump-num>72</span>
    \"<span class=sf-dump-key>image</span>\" => \"<span class=sf-dump-str title=\"11 characters\">15400_1.jpg</span>\"
    \"<span class=sf-dump-key>sort_order</span>\" => <span class=sf-dump-const>null</span>
    \"<span class=sf-dump-key>featured</span>\" => \"<span class=sf-dump-str title=\"2 characters\">No</span>\"
    \"<span class=sf-dump-key>status</span>\" => \"<span class=sf-dump-str title=\"2 characters\">No</span>\"
    \"<span class=sf-dump-key>created_at</span>\" => \"<span class=sf-dump-str title=\"27 characters\">2025-05-15T06:59:52.000000Z</span>\"
    \"<span class=sf-dump-key>updated_at</span>\" => \"<span class=sf-dump-str title=\"27 characters\">2025-05-15T06:59:52.000000Z</span>\"
  </samp>]
  <span class=sf-dump-index>1</span> => <span class=sf-dump-note>array:9</span> [<samp data-depth=2 class=sf-dump-compact>
    \"<span class=sf-dump-key>id</span>\" => <span class=sf-dump-num>13259</span>
    \"<span class=sf-dump-key>img_type</span>\" => \"<span class=sf-dump-str title=\"6 characters\">images</span>\"
    \"<span class=sf-dump-key>property_id</span>\" => <span class=sf-dump-num>72</span>
    \"<span class=sf-dump-key>image</span>\" => \"<span class=sf-dump-str title=\"11 characters\">21377_2.jpg</span>\"
    \"<span class=sf-dump-key>sort_order</span>\" => <span class=sf-dump-const>null</span>
    \"<span class=sf-dump-key>featured</span>\" => \"<span class=sf-dump-str title=\"2 characters\">No</span>\"
    \"<span class=sf-dump-key>status</span>\" => \"<span class=sf-dump-str title=\"2 characters\">No</span>\"
    \"<span class=sf-dump-key>created_at</span>\" => \"<span class=sf-dump-str title=\"27 characters\">2025-05-15T06:59:52.000000Z</span>\"
    \"<span class=sf-dump-key>updated_at</span>\" => \"<span class=sf-dump-str title=\"27 characters\">2025-05-15T06:59:52.000000Z</span>\"
  </samp>]
  <span class=sf-dump-index>2</span> => <span class=sf-dump-note>array:9</span> [<samp data-depth=2 class=sf-dump-compact>
    \"<span class=sf-dump-key>id</span>\" => <span class=sf-dump-num>13260</span>
    \"<span class=sf-dump-key>img_type</span>\" => \"<span class=sf-dump-str title=\"6 characters\">images</span>\"
    \"<span class=sf-dump-key>property_id</span>\" => <span class=sf-dump-num>72</span>
    \"<span class=sf-dump-key>image</span>\" => \"<span class=sf-dump-str title=\"11 characters\">68224_3.jpg</span>\"
    \"<span class=sf-dump-key>sort_order</span>\" => <span class=sf-dump-const>null</span>
    \"<span class=sf-dump-key>featured</span>\" => \"<span class=sf-dump-str title=\"2 characters\">No</span>\"
    \"<span class=sf-dump-key>status</span>\" => \"<span class=sf-dump-str title=\"2 characters\">No</span>\"
    \"<span class=sf-dump-key>created_at</span>\" => \"<span class=sf-dump-str title=\"27 characters\">2025-05-15T06:59:52.000000Z</span>\"
    \"<span class=sf-dump-key>updated_at</span>\" => \"<span class=sf-dump-str title=\"27 characters\">2025-05-15T06:59:52.000000Z</span>\"
  </samp>]
  <span class=sf-dump-index>3</span> => <span class=sf-dump-note>array:9</span> [<samp data-depth=2 class=sf-dump-compact>
    \"<span class=sf-dump-key>id</span>\" => <span class=sf-dump-num>13261</span>
    \"<span class=sf-dump-key>img_type</span>\" => \"<span class=sf-dump-str title=\"6 characters\">images</span>\"
    \"<span class=sf-dump-key>property_id</span>\" => <span class=sf-dump-num>72</span>
    \"<span class=sf-dump-key>image</span>\" => \"<span class=sf-dump-str title=\"11 characters\">88955_4.jpg</span>\"
    \"<span class=sf-dump-key>sort_order</span>\" => <span class=sf-dump-const>null</span>
    \"<span class=sf-dump-key>featured</span>\" => \"<span class=sf-dump-str title=\"2 characters\">No</span>\"
    \"<span class=sf-dump-key>status</span>\" => \"<span class=sf-dump-str title=\"2 characters\">No</span>\"
    \"<span class=sf-dump-key>created_at</span>\" => \"<span class=sf-dump-str title=\"27 characters\">2025-05-15T06:59:52.000000Z</span>\"
    \"<span class=sf-dump-key>updated_at</span>\" => \"<span class=sf-dump-str title=\"27 characters\">2025-05-15T06:59:52.000000Z</span>\"
  </samp>]
</samp>]
</pre><script>Sfdump(\"sf-dump-1873780746\", {\"maxDepth\":3,\"maxStringLength\":160})</script>
"}},"exception":"[object] (Facade\\Ignition\\Exceptions\\ViewException(code: 0): Trying to get property 'primary_colour' of non-object (View: /home/revoycom/public_html/resources/views/common/listing/branding.blade.php) at /home/revoycom/public_html/resources/views/common/listing/branding.blade.php:18)
[stacktrace]
#0 /home/revoycom/public_html/resources/views/common/listing/branding.blade.php(18): Illuminate\\Foundation\\Bootstrap\\HandleExceptions->handleError(8, 'Trying to get p...', '/home/revoycom/...', 18, Array)
#1 /home/revoycom/public_html/vendor/laravel/framework/src/Illuminate/Filesystem/Filesystem.php(107): require('/home/revoycom/...')
#2 /home/revoycom/public_html/vendor/laravel/framework/src/Illuminate/Filesystem/Filesystem.php(108): Illuminate\\Filesystem\\Filesystem::Illuminate\\Filesystem\\{closure}()
#3 /home/revoycom/public_html/vendor/laravel/framework/src/Illuminate/View/Engines/PhpEngine.php(58): Illuminate\\Filesystem\\Filesystem->getRequire('/home/revoycom/...', Array)
#4 /home/revoycom/public_html/vendor/laravel/framework/src/Illuminate/View/Engines/CompilerEngine.php(61): Illuminate\\View\\Engines\\PhpEngine->evaluatePath('/home/revoycom/...', Array)
#5 /home/revoycom/public_html/vendor/facade/ignition/src/Views/Engines/CompilerEngine.php(37): Illuminate\\View\\Engines\\CompilerEngine->get('/home/revoycom/...', Array)
#6 /home/revoycom/public_html/vendor/laravel/framework/src/Illuminate/View/View.php(139): Facade\\Ignition\\Views\\Engines\\CompilerEngine->get('/home/revoycom/...', Array)
#7 /home/revoycom/public_html/vendor/laravel/framework/src/Illuminate/View/View.php(122): Illuminate\\View\\View->getContents()
#8 /home/revoycom/public_html/vendor/laravel/framework/src/Illuminate/View/View.php(91): Illuminate\\View\\View->renderContents()
#9 /home/revoycom/public_html/resources/views/common/listing/view.blade.php(26): Illuminate\\View\\View->render()
#10 /home/revoycom/public_html/vendor/laravel/framework/src/Illuminate/Filesystem/Filesystem.php(107): require('/home/revoycom/...')
#11 /home/revoycom/public_html/vendor/laravel/framework/src/Illuminate/Filesystem/Filesystem.php(108): Illuminate\\Filesystem\\Filesystem::Illuminate\\Filesystem\\{closure}()
#12 /home/revoycom/public_html/vendor/laravel/framework/src/Illuminate/View/Engines/PhpEngine.php(58): Illuminate\\Filesystem\\Filesystem->getRequire('/home/revoycom/...', Array)
#13 /home/revoycom/public_html/vendor/laravel/framework/src/Illuminate/View/Engines/CompilerEngine.php(61): Illuminate\\View\\Engines\\PhpEngine->evaluatePath('/home/revoycom/...', Array)
#14 /home/revoycom/public_html/vendor/facade/ignition/src/Views/Engines/CompilerEngine.php(37): Illuminate\\View\\Engines\\CompilerEngine->get('/home/revoycom/...', Array)
#15 /home/revoycom/public_html/vendor/laravel/framework/src/Illuminate/View/View.php(139): Facade\\Ignition\\Views\\Engines\\CompilerEngine->get('/home/revoycom/...', Array)
#16 /home/revoycom/public_html/vendor/laravel/framework/src/Illuminate/View/View.php(122): Illuminate\\View\\View->getContents()
#17 /home/revoycom/public_html/vendor/laravel/framework/src/Illuminate/View/View.php(91): Illuminate\\View\\View->renderContents()
#18 /home/revoycom/public_html/resources/views/new_homes.blade.php(154): Illuminate\\View\\View->render()
#19 /home/revoycom/public_html/vendor/laravel/framework/src/Illuminate/Filesystem/Filesystem.php(107): require('/home/revoycom/...')
#20 /home/revoycom/public_html/vendor/laravel/framework/src/Illuminate/Filesystem/Filesystem.php(108): Illuminate\\Filesystem\\Filesystem::Illuminate\\Filesystem\\{closure}()
#21 /home/revoycom/public_html/vendor/laravel/framework/src/Illuminate/View/Engines/PhpEngine.php(58): Illuminate\\Filesystem\\Filesystem->getRequire('/home/revoycom/...', Array)
#22 /home/revoycom/public_html/vendor/laravel/framework/src/Illuminate/View/Engines/CompilerEngine.php(61): Illuminate\\View\\Engines\\PhpEngine->evaluatePath('/home/revoycom/...', Array)
#23 /home/revoycom/public_html/vendor/facade/ignition/src/Views/Engines/CompilerEngine.php(37): Illuminate\\View\\Engines\\CompilerEngine->get('/home/revoycom/...', Array)
#24 /home/revoycom/public_html/vendor/laravel/framework/src/Illuminate/View/View.php(139): Facade\\Ignition\\Views\\Engines\\CompilerEngine->get('/home/revoycom/...', Array)
#25 /home/revoycom/public_html/vendor/laravel/framework/src/Illuminate/View/View.php(122): Illuminate\\View\\View->getContents()
#26 /home/revoycom/public_html/vendor/laravel/framework/src/Illuminate/View/View.php(91): Illuminate\\View\\View->renderContents()
#27 /home/revoycom/public_html/vendor/laravel/framework/src/Illuminate/Http/Response.php(69): Illuminate\\View\\View->render()
#28 /home/revoycom/public_html/vendor/laravel/framework/src/Illuminate/Http/Response.php(35): Illuminate\\Http\\Response->setContent(Object(Illuminate\\View\\View))
#29 /home/revoycom/public_html/vendor/laravel/framework/src/Illuminate/Routing/Router.php(794): Illuminate\\Http\\Response->__construct(Object(Illuminate\\View\\View), 200, Array)
#30 /home/revoycom/public_html/vendor/laravel/framework/src/Illuminate/Routing/Router.php(763): Illuminate\\Routing\\Router::toResponse(Object(Illuminate\\Http\\Request), Object(Illuminate\\View\\View))
#31 /home/revoycom/public_html/vendor/laravel/framework/src/Illuminate/Routing/Router.php(695): Illuminate\\Routing\\Router->prepareResponse(Object(Illuminate\\Http\\Request), Object(Illuminate\\View\\View))
#32 /home/revoycom/public_html/vendor/laravel/framework/src/Illuminate/Pipeline/Pipeline.php(128): Illuminate\\Routing\\Router->Illuminate\\Routing\\{closure}(Object(Illuminate\\Http\\Request))
#33 /home/revoycom/public_html/app/Http/Middleware/RedirectIfAuthenticated.php(29): Illuminate\\Pipeline\\Pipeline->Illuminate\\Pipeline\\{closure}(Object(Illuminate\\Http\\Request))
#34 /home/revoycom/public_html/vendor/laravel/framework/src/Illuminate/Pipeline/Pipeline.php(167): App\\Http\\Middleware\\RedirectIfAuthenticated->handle(Object(Illuminate\\Http\\Request), Object(Closure))
#35 /home/revoycom/public_html/vendor/laravel/framework/src/Illuminate/Routing/Middleware/SubstituteBindings.php(50): Illuminate\\Pipeline\\Pipeline->Illuminate\\Pipeline\\{closure}(Object(Illuminate\\Http\\Request))
#36 /home/revoycom/public_html/vendor/laravel/framework/src/Illuminate/Pipeline/Pipeline.php(167): Illuminate\\Routing\\Middleware\\SubstituteBindings->handle(Object(Illuminate\\Http\\Request), Object(Closure))
#37 /home/revoycom/public_html/vendor/laravel/framework/src/Illuminate/Foundation/Http/Middleware/VerifyCsrfToken.php(78): Illuminate\\Pipeline\\Pipeline->Illuminate\\Pipeline\\{closure}(Object(Illuminate\\Http\\Request))
#38 /home/revoycom/public_html/vendor/laravel/framework/src/Illuminate/Pipeline/Pipeline.php(167): Illuminate\\Foundation\\Http\\Middleware\\VerifyCsrfToken->handle(Object(Illuminate\\Http\\Request), Object(Closure))
#39 /home/revoycom/public_html/vendor/laravel/framework/src/Illuminate/View/Middleware/ShareErrorsFromSession.php(49): Illuminate\\Pipeline\\Pipeline->Illuminate\\Pipeline\\{closure}(Object(Illuminate\\Http\\Request))
#40 /home/revoycom/public_html/vendor/laravel/framework/src/Illuminate/Pipeline/Pipeline.php(167): Illuminate\\View\\Middleware\\ShareErrorsFromSession->handle(Object(Illuminate\\Http\\Request), Object(Closure))
#41 /home/revoycom/public_html/vendor/laravel/framework/src/Illuminate/Session/Middleware/StartSession.php(121): Illuminate\\Pipeline\\Pipeline->Illuminate\\Pipeline\\{closure}(Object(Illuminate\\Http\\Request))
#42 /home/revoycom/public_html/vendor/laravel/framework/src/Illuminate/Session/Middleware/StartSession.php(64): Illuminate\\Session\\Middleware\\StartSession->handleStatefulRequest(Object(Illuminate\\Http\\Request), Object(Illuminate\\Session\\Store), Object(Closure))
#43 /home/revoycom/public_html/vendor/laravel/framework/src/Illuminate/Pipeline/Pipeline.php(167): Illuminate\\Session\\Middleware\\StartSession->handle(Object(Illuminate\\Http\\Request), Object(Closure))
#44 /home/revoycom/public_html/vendor/laravel/framework/src/Illuminate/Cookie/Middleware/AddQueuedCookiesToResponse.php(37): Illuminate\\Pipeline\\Pipeline->Illuminate\\Pipeline\\{closure}(Object(Illuminate\\Http\\Request))
#45 /home/revoycom/public_html/vendor/laravel/framework/src/Illuminate/Pipeline/Pipeline.php(167): Illuminate\\Cookie\\Middleware\\AddQueuedCookiesToResponse->handle(Object(Illuminate\\Http\\Request), Object(Closure))
#46 /home/revoycom/public_html/vendor/laravel/framework/src/Illuminate/Cookie/Middleware/EncryptCookies.php(67): Illuminate\\Pipeline\\Pipeline->Illuminate\\Pipeline\\{closure}(Object(Illuminate\\Http\\Request))
#47 /home/revoycom/public_html/vendor/laravel/framework/src/Illuminate/Pipeline/Pipeline.php(167): Illuminate\\Cookie\\Middleware\\EncryptCookies->handle(Object(Illuminate\\Http\\Request), Object(Closure))
#48 /home/revoycom/public_html/vendor/laravel/framework/src/Illuminate/Pipeline/Pipeline.php(103): Illuminate\\Pipeline\\Pipeline->Illuminate\\Pipeline\\{closure}(Object(Illuminate\\Http\\Request))
#49 /home/revoycom/public_html/vendor/laravel/framework/src/Illuminate/Routing/Router.php(697): Illuminate\\Pipeline\\Pipeline->then(Object(Closure))
#50 /home/revoycom/public_html/vendor/laravel/framework/src/Illuminate/Routing/Router.php(672): Illuminate\\Routing\\Router->runRouteWithinStack(Object(Illuminate\\Routing\\Route), Object(Illuminate\\Http\\Request))
#51 /home/revoycom/public_html/vendor/laravel/framework/src/Illuminate/Routing/Router.php(636): Illuminate\\Routing\\Router->runRoute(Object(Illuminate\\Http\\Request), Object(Illuminate\\Routing\\Route))
#52 /home/revoycom/public_html/vendor/laravel/framework/src/Illuminate/Routing/Router.php(625): Illuminate\\Routing\\Router->dispatchToRoute(Object(Illuminate\\Http\\Request))
#53 /home/revoycom/public_html/vendor/laravel/framework/src/Illuminate/Foundation/Http/Kernel.php(167): Illuminate\\Routing\\Router->dispatch(Object(Illuminate\\Http\\Request))
#54 /home/revoycom/public_html/vendor/laravel/framework/src/Illuminate/Pipeline/Pipeline.php(128): Illuminate\\Foundation\\Http\\Kernel->Illuminate\\Foundation\\Http\\{closure}(Object(Illuminate\\Http\\Request))
#55 /home/revoycom/public_html/vendor/laravel/framework/src/Illuminate/Foundation/Http/Middleware/TransformsRequest.php(21): Illuminate\\Pipeline\\Pipeline->Illuminate\\Pipeline\\{closure}(Object(Illuminate\\Http\\Request))
#56 /home/revoycom/public_html/vendor/laravel/framework/src/Illuminate/Foundation/Http/Middleware/ConvertEmptyStringsToNull.php(31): Illuminate\\Foundation\\Http\\Middleware\\TransformsRequest->handle(Object(Illuminate\\Http\\Request), Object(Closure))
#57 /home/revoycom/public_html/vendor/laravel/framework/src/Illuminate/Pipeline/Pipeline.php(167): Illuminate\\Foundation\\Http\\Middleware\\ConvertEmptyStringsToNull->handle(Object(Illuminate\\Http\\Request), Object(Closure))
#58 /home/revoycom/public_html/vendor/laravel/framework/src/Illuminate/Foundation/Http/Middleware/TransformsRequest.php(21): Illuminate\\Pipeline\\Pipeline->Illuminate\\Pipeline\\{closure}(Object(Illuminate\\Http\\Request))
#59 /home/revoycom/public_html/vendor/laravel/framework/src/Illuminate/Foundation/Http/Middleware/TrimStrings.php(40): Illuminate\\Foundation\\Http\\Middleware\\TransformsRequest->handle(Object(Illuminate\\Http\\Request), Object(Closure))
#60 /home/revoycom/public_html/vendor/laravel/framework/src/Illuminate/Pipeline/Pipeline.php(167): Illuminate\\Foundation\\Http\\Middleware\\TrimStrings->handle(Object(Illuminate\\Http\\Request), Object(Closure))
#61 /home/revoycom/public_html/vendor/laravel/framework/src/Illuminate/Foundation/Http/Middleware/ValidatePostSize.php(27): Illuminate\\Pipeline\\Pipeline->Illuminate\\Pipeline\\{closure}(Object(Illuminate\\Http\\Request))
#62 /home/revoycom/public_html/vendor/laravel/framework/src/Illuminate/Pipeline/Pipeline.php(167): Illuminate\\Foundation\\Http\\Middleware\\ValidatePostSize->handle(Object(Illuminate\\Http\\Request), Object(Closure))
#63 /home/revoycom/public_html/vendor/laravel/framework/src/Illuminate/Foundation/Http/Middleware/PreventRequestsDuringMaintenance.php(86): Illuminate\\Pipeline\\Pipeline->Illuminate\\Pipeline\\{closure}(Object(Illuminate\\Http\\Request))
#64 /home/revoycom/public_html/vendor/laravel/framework/src/Illuminate/Pipeline/Pipeline.php(167): Illuminate\\Foundation\\Http\\Middleware\\PreventRequestsDuringMaintenance->handle(Object(Illuminate\\Http\\Request), Object(Closure))
#65 /home/revoycom/public_html/vendor/fruitcake/laravel-cors/src/HandleCors.php(38): Illuminate\\Pipeline\\Pipeline->Illuminate\\Pipeline\\{closure}(Object(Illuminate\\Http\\Request))
#66 /home/revoycom/public_html/vendor/laravel/framework/src/Illuminate/Pipeline/Pipeline.php(167): Fruitcake\\Cors\\HandleCors->handle(Object(Illuminate\\Http\\Request), Object(Closure))
#67 /home/revoycom/public_html/vendor/fideloper/proxy/src/TrustProxies.php(57): Illuminate\\Pipeline\\Pipeline->Illuminate\\Pipeline\\{closure}(Object(Illuminate\\Http\\Request))
#68 /home/revoycom/public_html/vendor/laravel/framework/src/Illuminate/Pipeline/Pipeline.php(167): Fideloper\\Proxy\\TrustProxies->handle(Object(Illuminate\\Http\\Request), Object(Closure))
#69 /home/revoycom/public_html/vendor/laravel/framework/src/Illuminate/Pipeline/Pipeline.php(103): Illuminate\\Pipeline\\Pipeline->Illuminate\\Pipeline\\{closure}(Object(Illuminate\\Http\\Request))
#70 /home/revoycom/public_html/vendor/laravel/framework/src/Illuminate/Foundation/Http/Kernel.php(142): Illuminate\\Pipeline\\Pipeline->then(Object(Closure))
#71 /home/revoycom/public_html/vendor/laravel/framework/src/Illuminate/Foundation/Http/Kernel.php(111): Illuminate\\Foundation\\Http\\Kernel->sendRequestThroughRouter(Object(Illuminate\\Http\\Request))
#72 /home/revoycom/public_html/index.php(52): Illuminate\\Foundation\\Http\\Kernel->handle(Object(Illuminate\\Http\\Request))
#73 {main}

[previous exception] [object] (ErrorException(code: 0): Trying to get property 'primary_colour' of non-object at /home/revoycom/public_html/storage/framework/views/737a6f054e3ed66a5272f2fb0316c14e188dc444.php:18)
[stacktrace]
#0 /home/revoycom/public_html/storage/framework/views/737a6f054e3ed66a5272f2fb0316c14e188dc444.php(18): Illuminate\\Foundation\\Bootstrap\\HandleExceptions->handleError(8, 'Trying to get p...', '/home/revoycom/...', 18, Array)
#1 /home/revoycom/public_html/vendor/laravel/framework/src/Illuminate/Filesystem/Filesystem.php(107): require('/home/revoycom/...')
#2 /home/revoycom/public_html/vendor/laravel/framework/src/Illuminate/Filesystem/Filesystem.php(108): Illuminate\\Filesystem\\Filesystem::Illuminate\\Filesystem\\{closure}()
#3 /home/revoycom/public_html/vendor/laravel/framework/src/Illuminate/View/Engines/PhpEngine.php(58): Illuminate\\Filesystem\\Filesystem->getRequire('/home/revoycom/...', Array)
#4 /home/revoycom/public_html/vendor/laravel/framework/src/Illuminate/View/Engines/CompilerEngine.php(61): Illuminate\\View\\Engines\\PhpEngine->evaluatePath('/home/revoycom/...', Array)
#5 /home/revoycom/public_html/vendor/facade/ignition/src/Views/Engines/CompilerEngine.php(37): Illuminate\\View\\Engines\\CompilerEngine->get('/home/revoycom/...', Array)
#6 /home/revoycom/public_html/vendor/laravel/framework/src/Illuminate/View/View.php(139): Facade\\Ignition\\Views\\Engines\\CompilerEngine->get('/home/revoycom/...', Array)
#7 /home/revoycom/public_html/vendor/laravel/framework/src/Illuminate/View/View.php(122): Illuminate\\View\\View->getContents()
#8 /home/revoycom/public_html/vendor/laravel/framework/src/Illuminate/View/View.php(91): Illuminate\\View\\View->renderContents()
#9 /home/revoycom/public_html/storage/framework/views/230a52106d2efcf258b20a80c213897c9ce1a0ae.php(26): Illuminate\\View\\View->render()
#10 /home/revoycom/public_html/vendor/laravel/framework/src/Illuminate/Filesystem/Filesystem.php(107): require('/home/revoycom/...')
#11 /home/revoycom/public_html/vendor/laravel/framework/src/Illuminate/Filesystem/Filesystem.php(108): Illuminate\\Filesystem\\Filesystem::Illuminate\\Filesystem\\{closure}()
#12 /home/revoycom/public_html/vendor/laravel/framework/src/Illuminate/View/Engines/PhpEngine.php(58): Illuminate\\Filesystem\\Filesystem->getRequire('/home/revoycom/...', Array)
#13 /home/revoycom/public_html/vendor/laravel/framework/src/Illuminate/View/Engines/CompilerEngine.php(61): Illuminate\\View\\Engines\\PhpEngine->evaluatePath('/home/revoycom/...', Array)
#14 /home/revoycom/public_html/vendor/facade/ignition/src/Views/Engines/CompilerEngine.php(37): Illuminate\\View\\Engines\\CompilerEngine->get('/home/revoycom/...', Array)
#15 /home/revoycom/public_html/vendor/laravel/framework/src/Illuminate/View/View.php(139): Facade\\Ignition\\Views\\Engines\\CompilerEngine->get('/home/revoycom/...', Array)
#16 /home/revoycom/public_html/vendor/laravel/framework/src/Illuminate/View/View.php(122): Illuminate\\View\\View->getContents()
#17 /home/revoycom/public_html/vendor/laravel/framework/src/Illuminate/View/View.php(91): Illuminate\\View\\View->renderContents()
#18 /home/revoycom/public_html/storage/framework/views/0cf937996d5b8be09cf6adc5636c350ebb2c42ed.php(154): Illuminate\\View\\View->render()
#19 /home/revoycom/public_html/vendor/laravel/framework/src/Illuminate/Filesystem/Filesystem.php(107): require('/home/revoycom/...')
#20 /home/revoycom/public_html/vendor/laravel/framework/src/Illuminate/Filesystem/Filesystem.php(108): Illuminate\\Filesystem\\Filesystem::Illuminate\\Filesystem\\{closure}()
#21 /home/revoycom/public_html/vendor/laravel/framework/src/Illuminate/View/Engines/PhpEngine.php(58): Illuminate\\Filesystem\\Filesystem->getRequire('/home/revoycom/...', Array)
#22 /home/revoycom/public_html/vendor/laravel/framework/src/Illuminate/View/Engines/CompilerEngine.php(61): Illuminate\\View\\Engines\\PhpEngine->evaluatePath('/home/revoycom/...', Array)
#23 /home/revoycom/public_html/vendor/facade/ignition/src/Views/Engines/CompilerEngine.php(37): Illuminate\\View\\Engines\\CompilerEngine->get('/home/revoycom/...', Array)
#24 /home/revoycom/public_html/vendor/laravel/framework/src/Illuminate/View/View.php(139): Facade\\Ignition\\Views\\Engines\\CompilerEngine->get('/home/revoycom/...', Array)
#25 /home/revoycom/public_html/vendor/laravel/framework/src/Illuminate/View/View.php(122): Illuminate\\View\\View->getContents()
#26 /home/revoycom/public_html/vendor/laravel/framework/src/Illuminate/View/View.php(91): Illuminate\\View\\View->renderContents()
#27 /home/revoycom/public_html/vendor/laravel/framework/src/Illuminate/Http/Response.php(69): Illuminate\\View\\View->render()
#28 /home/revoycom/public_html/vendor/laravel/framework/src/Illuminate/Http/Response.php(35): Illuminate\\Http\\Response->setContent(Object(Illuminate\\View\\View))
#29 /home/revoycom/public_html/vendor/laravel/framework/src/Illuminate/Routing/Router.php(794): Illuminate\\Http\\Response->__construct(Object(Illuminate\\View\\View), 200, Array)
#30 /home/revoycom/public_html/vendor/laravel/framework/src/Illuminate/Routing/Router.php(763): Illuminate\\Routing\\Router::toResponse(Object(Illuminate\\Http\\Request), Object(Illuminate\\View\\View))
#31 /home/revoycom/public_html/vendor/laravel/framework/src/Illuminate/Routing/Router.php(695): Illuminate\\Routing\\Router->prepareResponse(Object(Illuminate\\Http\\Request), Object(Illuminate\\View\\View))
#32 /home/revoycom/public_html/vendor/laravel/framework/src/Illuminate/Pipeline/Pipeline.php(128): Illuminate\\Routing\\Router->Illuminate\\Routing\\{closure}(Object(Illuminate\\Http\\Request))
#33 /home/revoycom/public_html/app/Http/Middleware/RedirectIfAuthenticated.php(29): Illuminate\\Pipeline\\Pipeline->Illuminate\\Pipeline\\{closure}(Object(Illuminate\\Http\\Request))
#34 /home/revoycom/public_html/vendor/laravel/framework/src/Illuminate/Pipeline/Pipeline.php(167): App\\Http\\Middleware\\RedirectIfAuthenticated->handle(Object(Illuminate\\Http\\Request), Object(Closure))
#35 /home/revoycom/public_html/vendor/laravel/framework/src/Illuminate/Routing/Middleware/SubstituteBindings.php(50): Illuminate\\Pipeline\\Pipeline->Illuminate\\Pipeline\\{closure}(Object(Illuminate\\Http\\Request))
#36 /home/revoycom/public_html/vendor/laravel/framework/src/Illuminate/Pipeline/Pipeline.php(167): Illuminate\\Routing\\Middleware\\SubstituteBindings->handle(Object(Illuminate\\Http\\Request), Object(Closure))
#37 /home/revoycom/public_html/vendor/laravel/framework/src/Illuminate/Foundation/Http/Middleware/VerifyCsrfToken.php(78): Illuminate\\Pipeline\\Pipeline->Illuminate\\Pipeline\\{closure}(Object(Illuminate\\Http\\Request))
#38 /home/revoycom/public_html/vendor/laravel/framework/src/Illuminate/Pipeline/Pipeline.php(167): Illuminate\\Foundation\\Http\\Middleware\\VerifyCsrfToken->handle(Object(Illuminate\\Http\\Request), Object(Closure))
#39 /home/revoycom/public_html/vendor/laravel/framework/src/Illuminate/View/Middleware/ShareErrorsFromSession.php(49): Illuminate\\Pipeline\\Pipeline->Illuminate\\Pipeline\\{closure}(Object(Illuminate\\Http\\Request))
#40 /home/revoycom/public_html/vendor/laravel/framework/src/Illuminate/Pipeline/Pipeline.php(167): Illuminate\\View\\Middleware\\ShareErrorsFromSession->handle(Object(Illuminate\\Http\\Request), Object(Closure))
#41 /home/revoycom/public_html/vendor/laravel/framework/src/Illuminate/Session/Middleware/StartSession.php(121): Illuminate\\Pipeline\\Pipeline->Illuminate\\Pipeline\\{closure}(Object(Illuminate\\Http\\Request))
#42 /home/revoycom/public_html/vendor/laravel/framework/src/Illuminate/Session/Middleware/StartSession.php(64): Illuminate\\Session\\Middleware\\StartSession->handleStatefulRequest(Object(Illuminate\\Http\\Request), Object(Illuminate\\Session\\Store), Object(Closure))
#43 /home/revoycom/public_html/vendor/laravel/framework/src/Illuminate/Pipeline/Pipeline.php(167): Illuminate\\Session\\Middleware\\StartSession->handle(Object(Illuminate\\Http\\Request), Object(Closure))
#44 /home/revoycom/public_html/vendor/laravel/framework/src/Illuminate/Cookie/Middleware/AddQueuedCookiesToResponse.php(37): Illuminate\\Pipeline\\Pipeline->Illuminate\\Pipeline\\{closure}(Object(Illuminate\\Http\\Request))
#45 /home/revoycom/public_html/vendor/laravel/framework/src/Illuminate/Pipeline/Pipeline.php(167): Illuminate\\Cookie\\Middleware\\AddQueuedCookiesToResponse->handle(Object(Illuminate\\Http\\Request), Object(Closure))
#46 /home/revoycom/public_html/vendor/laravel/framework/src/Illuminate/Cookie/Middleware/EncryptCookies.php(67): Illuminate\\Pipeline\\Pipeline->Illuminate\\Pipeline\\{closure}(Object(Illuminate\\Http\\Request))
#47 /home/revoycom/public_html/vendor/laravel/framework/src/Illuminate/Pipeline/Pipeline.php(167): Illuminate\\Cookie\\Middleware\\EncryptCookies->handle(Object(Illuminate\\Http\\Request), Object(Closure))
#48 /home/revoycom/public_html/vendor/laravel/framework/src/Illuminate/Pipeline/Pipeline.php(103): Illuminate\\Pipeline\\Pipeline->Illuminate\\Pipeline\\{closure}(Object(Illuminate\\Http\\Request))
#49 /home/revoycom/public_html/vendor/laravel/framework/src/Illuminate/Routing/Router.php(697): Illuminate\\Pipeline\\Pipeline->then(Object(Closure))
#50 /home/revoycom/public_html/vendor/laravel/framework/src/Illuminate/Routing/Router.php(672): Illuminate\\Routing\\Router->runRouteWithinStack(Object(Illuminate\\Routing\\Route), Object(Illuminate\\Http\\Request))
#51 /home/revoycom/public_html/vendor/laravel/framework/src/Illuminate/Routing/Router.php(636): Illuminate\\Routing\\Router->runRoute(Object(Illuminate\\Http\\Request), Object(Illuminate\\Routing\\Route))
#52 /home/revoycom/public_html/vendor/laravel/framework/src/Illuminate/Routing/Router.php(625): Illuminate\\Routing\\Router->dispatchToRoute(Object(Illuminate\\Http\\Request))
#53 /home/revoycom/public_html/vendor/laravel/framework/src/Illuminate/Foundation/Http/Kernel.php(167): Illuminate\\Routing\\Router->dispatch(Object(Illuminate\\Http\\Request))
#54 /home/revoycom/public_html/vendor/laravel/framework/src/Illuminate/Pipeline/Pipeline.php(128): Illuminate\\Foundation\\Http\\Kernel->Illuminate\\Foundation\\Http\\{closure}(Object(Illuminate\\Http\\Request))
#55 /home/revoycom/public_html/vendor/laravel/framework/src/Illuminate/Foundation/Http/Middleware/TransformsRequest.php(21): Illuminate\\Pipeline\\Pipeline->Illuminate\\Pipeline\\{closure}(Object(Illuminate\\Http\\Request))
#56 /home/revoycom/public_html/vendor/laravel/framework/src/Illuminate/Foundation/Http/Middleware/ConvertEmptyStringsToNull.php(31): Illuminate\\Foundation\\Http\\Middleware\\TransformsRequest->handle(Object(Illuminate\\Http\\Request), Object(Closure))
#57 /home/revoycom/public_html/vendor/laravel/framework/src/Illuminate/Pipeline/Pipeline.php(167): Illuminate\\Foundation\\Http\\Middleware\\ConvertEmptyStringsToNull->handle(Object(Illuminate\\Http\\Request), Object(Closure))
#58 /home/revoycom/public_html/vendor/laravel/framework/src/Illuminate/Foundation/Http/Middleware/TransformsRequest.php(21): Illuminate\\Pipeline\\Pipeline->Illuminate\\Pipeline\\{closure}(Object(Illuminate\\Http\\Request))
#59 /home/revoycom/public_html/vendor/laravel/framework/src/Illuminate/Foundation/Http/Middleware/TrimStrings.php(40): Illuminate\\Foundation\\Http\\Middleware\\TransformsRequest->handle(Object(Illuminate\\Http\\Request), Object(Closure))
#60 /home/revoycom/public_html/vendor/laravel/framework/src/Illuminate/Pipeline/Pipeline.php(167): Illuminate\\Foundation\\Http\\Middleware\\TrimStrings->handle(Object(Illuminate\\Http\\Request), Object(Closure))
#61 /home/revoycom/public_html/vendor/laravel/framework/src/Illuminate/Foundation/Http/Middleware/ValidatePostSize.php(27): Illuminate\\Pipeline\\Pipeline->Illuminate\\Pipeline\\{closure}(Object(Illuminate\\Http\\Request))
#62 /home/revoycom/public_html/vendor/laravel/framework/src/Illuminate/Pipeline/Pipeline.php(167): Illuminate\\Foundation\\Http\\Middleware\\ValidatePostSize->handle(Object(Illuminate\\Http\\Request), Object(Closure))
#63 /home/revoycom/public_html/vendor/laravel/framework/src/Illuminate/Foundation/Http/Middleware/PreventRequestsDuringMaintenance.php(86): Illuminate\\Pipeline\\Pipeline->Illuminate\\Pipeline\\{closure}(Object(Illuminate\\Http\\Request))
#64 /home/revoycom/public_html/vendor/laravel/framework/src/Illuminate/Pipeline/Pipeline.php(167): Illuminate\\Foundation\\Http\\Middleware\\PreventRequestsDuringMaintenance->handle(Object(Illuminate\\Http\\Request), Object(Closure))
#65 /home/revoycom/public_html/vendor/fruitcake/laravel-cors/src/HandleCors.php(38): Illuminate\\Pipeline\\Pipeline->Illuminate\\Pipeline\\{closure}(Object(Illuminate\\Http\\Request))
#66 /home/revoycom/public_html/vendor/laravel/framework/src/Illuminate/Pipeline/Pipeline.php(167): Fruitcake\\Cors\\HandleCors->handle(Object(Illuminate\\Http\\Request), Object(Closure))
#67 /home/revoycom/public_html/vendor/fideloper/proxy/src/TrustProxies.php(57): Illuminate\\Pipeline\\Pipeline->Illuminate\\Pipeline\\{closure}(Object(Illuminate\\Http\\Request))
#68 /home/revoycom/public_html/vendor/laravel/framework/src/Illuminate/Pipeline/Pipeline.php(167): Fideloper\\Proxy\\TrustProxies->handle(Object(Illuminate\\Http\\Request), Object(Closure))
#69 /home/revoycom/public_html/vendor/laravel/framework/src/Illuminate/Pipeline/Pipeline.php(103): Illuminate\\Pipeline\\Pipeline->Illuminate\\Pipeline\\{closure}(Object(Illuminate\\Http\\Request))
#70 /home/revoycom/public_html/vendor/laravel/framework/src/Illuminate/Foundation/Http/Kernel.php(142): Illuminate\\Pipeline\\Pipeline->then(Object(Closure))
#71 /home/revoycom/public_html/vendor/laravel/framework/src/Illuminate/Foundation/Http/Kernel.php(111): Illuminate\\Foundation\\Http\\Kernel->sendRequestThroughRouter(Object(Illuminate\\Http\\Request))
#72 /home/revoycom/public_html/index.php(52): Illuminate\\Foundation\\Http\\Kernel->handle(Object(Illuminate\\Http\\Request))
#73 {main}
"} 
[2026-06-08 14:18:36] local.ERROR: SQLSTATE[42000]: Syntax error or access violation: 1064 You have an error in your SQL syntax; check the manual that corresponds to your MariaDB server version for the right syntax to use near 'and (`suburb` LIKE ? or `street_address` LIKE ? or `name` LIKE ? or `full_con...' at line 1 (SQL: select count(*) as aggregate from `tbl_property` where status = 'Yes'  AND admin_status = 'Yes'  AND category_id =    and (`suburb` LIKE %Search% or `street_address` LIKE %Search% or `name` LIKE %Search% or `full_contents` LIKE %Search% or `street_address` LIKE %Search% or `address_unit` LIKE %Search%)) {"exception":"[object] (Illuminate\\Database\\QueryException(code: 42000): SQLSTATE[42000]: Syntax error or access violation: 1064 You have an error in your SQL syntax; check the manual that corresponds to your MariaDB server version for the right syntax to use near 'and (`suburb` LIKE ? or `street_address` LIKE ? or `name` LIKE ? or `full_con...' at line 1 (SQL: select count(*) as aggregate from `tbl_property` where status = 'Yes'  AND admin_status = 'Yes'  AND category_id =    and (`suburb` LIKE %Search% or `street_address` LIKE %Search% or `name` LIKE %Search% or `full_contents` LIKE %Search% or `street_address` LIKE %Search% or `address_unit` LIKE %Search%)) at /home/revoycom/public_html/vendor/laravel/framework/src/Illuminate/Database/Connection.php:703)
[stacktrace]
#0 /home/revoycom/public_html/vendor/laravel/framework/src/Illuminate/Database/Connection.php(663): Illuminate\\Database\\Connection->runQueryCallback('select count(*)...', Array, Object(Closure))
#1 /home/revoycom/public_html/vendor/laravel/framework/src/Illuminate/Database/Connection.php(367): Illuminate\\Database\\Connection->run('select count(*)...', Array, Object(Closure))
#2 /home/revoycom/public_html/vendor/laravel/framework/src/Illuminate/Database/Query/Builder.php(2352): Illuminate\\Database\\Connection->select('select count(*)...', Array, true)
#3 /home/revoycom/public_html/vendor/laravel/framework/src/Illuminate/Database/Query/Builder.php(2340): Illuminate\\Database\\Query\\Builder->runSelect()
#4 /home/revoycom/public_html/vendor/laravel/framework/src/Illuminate/Database/Query/Builder.php(2874): Illuminate\\Database\\Query\\Builder->Illuminate\\Database\\Query\\{closure}()
#5 /home/revoycom/public_html/vendor/laravel/framework/src/Illuminate/Database/Query/Builder.php(2341): Illuminate\\Database\\Query\\Builder->onceWithColumns(Array, Object(Closure))
#6 /home/revoycom/public_html/vendor/laravel/framework/src/Illuminate/Database/Query/Builder.php(2801): Illuminate\\Database\\Query\\Builder->get(Array)
#7 /home/revoycom/public_html/vendor/laravel/framework/src/Illuminate/Database/Query/Builder.php(2729): Illuminate\\Database\\Query\\Builder->aggregate('count', Array)
#8 /home/revoycom/public_html/vendor/laravel/framework/src/Illuminate/Database/Eloquent/Builder.php(1655): Illuminate\\Database\\Query\\Builder->count()
#9 /home/revoycom/public_html/app/Http/Controllers/CommonController.php(1617): Illuminate\\Database\\Eloquent\\Builder->__call('count', Array)
#10 /home/revoycom/public_html/vendor/laravel/framework/src/Illuminate/Routing/Controller.php(54): App\\Http\\Controllers\\CommonController->load_property(Object(Illuminate\\Http\\Request))
#11 /home/revoycom/public_html/vendor/laravel/framework/src/Illuminate/Routing/ControllerDispatcher.php(45): Illuminate\\Routing\\Controller->callAction('load_property', Array)
#12 /home/revoycom/public_html/vendor/laravel/framework/src/Illuminate/Routing/Route.php(262): Illuminate\\Routing\\ControllerDispatcher->dispatch(Object(Illuminate\\Routing\\Route), Object(App\\Http\\Controllers\\CommonController), 'load_property')
#13 /home/revoycom/public_html/vendor/laravel/framework/src/Illuminate/Routing/Route.php(205): Illuminate\\Routing\\Route->runController()
#14 /home/revoycom/public_html/vendor/laravel/framework/src/Illuminate/Routing/Router.php(695): Illuminate\\Routing\\Route->run()
#15 /home/revoycom/public_html/vendor/laravel/framework/src/Illuminate/Pipeline/Pipeline.php(128): Illuminate\\Routing\\Router->Illuminate\\Routing\\{closure}(Object(Illuminate\\Http\\Request))
#16 /home/revoycom/public_html/app/Http/Middleware/RedirectIfAuthenticated.php(29): Illuminate\\Pipeline\\Pipeline->Illuminate\\Pipeline\\{closure}(Object(Illuminate\\Http\\Request))
#17 /home/revoycom/public_html/vendor/laravel/framework/src/Illuminate/Pipeline/Pipeline.php(167): App\\Http\\Middleware\\RedirectIfAuthenticated->handle(Object(Illuminate\\Http\\Request), Object(Closure))
#18 /home/revoycom/public_html/vendor/laravel/framework/src/Illuminate/Routing/Middleware/SubstituteBindings.php(50): Illuminate\\Pipeline\\Pipeline->Illuminate\\Pipeline\\{closure}(Object(Illuminate\\Http\\Request))
#19 /home/revoycom/public_html/vendor/laravel/framework/src/Illuminate/Pipeline/Pipeline.php(167): Illuminate\\Routing\\Middleware\\SubstituteBindings->handle(Object(Illuminate\\Http\\Request), Object(Closure))
#20 /home/revoycom/public_html/vendor/laravel/framework/src/Illuminate/Foundation/Http/Middleware/VerifyCsrfToken.php(78): Illuminate\\Pipeline\\Pipeline->Illuminate\\Pipeline\\{closure}(Object(Illuminate\\Http\\Request))
#21 /home/revoycom/public_html/vendor/laravel/framework/src/Illuminate/Pipeline/Pipeline.php(167): Illuminate\\Foundation\\Http\\Middleware\\VerifyCsrfToken->handle(Object(Illuminate\\Http\\Request), Object(Closure))
#22 /home/revoycom/public_html/vendor/laravel/framework/src/Illuminate/View/Middleware/ShareErrorsFromSession.php(49): Illuminate\\Pipeline\\Pipeline->Illuminate\\Pipeline\\{closure}(Object(Illuminate\\Http\\Request))
#23 /home/revoycom/public_html/vendor/laravel/framework/src/Illuminate/Pipeline/Pipeline.php(167): Illuminate\\View\\Middleware\\ShareErrorsFromSession->handle(Object(Illuminate\\Http\\Request), Object(Closure))
#24 /home/revoycom/public_html/vendor/laravel/framework/src/Illuminate/Session/Middleware/StartSession.php(121): Illuminate\\Pipeline\\Pipeline->Illuminate\\Pipeline\\{closure}(Object(Illuminate\\Http\\Request))
#25 /home/revoycom/public_html/vendor/laravel/framework/src/Illuminate/Session/Middleware/StartSession.php(64): Illuminate\\Session\\Middleware\\StartSession->handleStatefulRequest(Object(Illuminate\\Http\\Request), Object(Illuminate\\Session\\Store), Object(Closure))
#26 /home/revoycom/public_html/vendor/laravel/framework/src/Illuminate/Pipeline/Pipeline.php(167): Illuminate\\Session\\Middleware\\StartSession->handle(Object(Illuminate\\Http\\Request), Object(Closure))
#27 /home/revoycom/public_html/vendor/laravel/framework/src/Illuminate/Cookie/Middleware/AddQueuedCookiesToResponse.php(37): Illuminate\\Pipeline\\Pipeline->Illuminate\\Pipeline\\{closure}(Object(Illuminate\\Http\\Request))
#28 /home/revoycom/public_html/vendor/laravel/framework/src/Illuminate/Pipeline/Pipeline.php(167): Illuminate\\Cookie\\Middleware\\AddQueuedCookiesToResponse->handle(Object(Illuminate\\Http\\Request), Object(Closure))
#29 /home/revoycom/public_html/vendor/laravel/framework/src/Illuminate/Cookie/Middleware/EncryptCookies.php(67): Illuminate\\Pipeline\\Pipeline->Illuminate\\Pipeline\\{closure}(Object(Illuminate\\Http\\Request))
#30 /home/revoycom/public_html/vendor/laravel/framework/src/Illuminate/Pipeline/Pipeline.php(167): Illuminate\\Cookie\\Middleware\\EncryptCookies->handle(Object(Illuminate\\Http\\Request), Object(Closure))
#31 /home/revoycom/public_html/vendor/laravel/framework/src/Illuminate/Pipeline/Pipeline.php(103): Illuminate\\Pipeline\\Pipeline->Illuminate\\Pipeline\\{closure}(Object(Illuminate\\Http\\Request))
#32 /home/revoycom/public_html/vendor/laravel/framework/src/Illuminate/Routing/Router.php(697): Illuminate\\Pipeline\\Pipeline->then(Object(Closure))
#33 /home/revoycom/public_html/vendor/laravel/framework/src/Illuminate/Routing/Router.php(672): Illuminate\\Routing\\Router->runRouteWithinStack(Object(Illuminate\\Routing\\Route), Object(Illuminate\\Http\\Request))
#34 /home/revoycom/public_html/vendor/laravel/framework/src/Illuminate/Routing/Router.php(636): Illuminate\\Routing\\Router->runRoute(Object(Illuminate\\Http\\Request), Object(Illuminate\\Routing\\Route))
#35 /home/revoycom/public_html/vendor/laravel/framework/src/Illuminate/Routing/Router.php(625): Illuminate\\Routing\\Router->dispatchToRoute(Object(Illuminate\\Http\\Request))
#36 /home/revoycom/public_html/vendor/laravel/framework/src/Illuminate/Foundation/Http/Kernel.php(167): Illuminate\\Routing\\Router->dispatch(Object(Illuminate\\Http\\Request))
#37 /home/revoycom/public_html/vendor/laravel/framework/src/Illuminate/Pipeline/Pipeline.php(128): Illuminate\\Foundation\\Http\\Kernel->Illuminate\\Foundation\\Http\\{closure}(Object(Illuminate\\Http\\Request))
#38 /home/revoycom/public_html/vendor/laravel/framework/src/Illuminate/Foundation/Http/Middleware/TransformsRequest.php(21): Illuminate\\Pipeline\\Pipeline->Illuminate\\Pipeline\\{closure}(Object(Illuminate\\Http\\Request))
#39 /home/revoycom/public_html/vendor/laravel/framework/src/Illuminate/Foundation/Http/Middleware/ConvertEmptyStringsToNull.php(31): Illuminate\\Foundation\\Http\\Middleware\\TransformsRequest->handle(Object(Illuminate\\Http\\Request), Object(Closure))
#40 /home/revoycom/public_html/vendor/laravel/framework/src/Illuminate/Pipeline/Pipeline.php(167): Illuminate\\Foundation\\Http\\Middleware\\ConvertEmptyStringsToNull->handle(Object(Illuminate\\Http\\Request), Object(Closure))
#41 /home/revoycom/public_html/vendor/laravel/framework/src/Illuminate/Foundation/Http/Middleware/TransformsRequest.php(21): Illuminate\\Pipeline\\Pipeline->Illuminate\\Pipeline\\{closure}(Object(Illuminate\\Http\\Request))
#42 /home/revoycom/public_html/vendor/laravel/framework/src/Illuminate/Foundation/Http/Middleware/TrimStrings.php(40): Illuminate\\Foundation\\Http\\Middleware\\TransformsRequest->handle(Object(Illuminate\\Http\\Request), Object(Closure))
#43 /home/revoycom/public_html/vendor/laravel/framework/src/Illuminate/Pipeline/Pipeline.php(167): Illuminate\\Foundation\\Http\\Middleware\\TrimStrings->handle(Object(Illuminate\\Http\\Request), Object(Closure))
#44 /home/revoycom/public_html/vendor/laravel/framework/src/Illuminate/Foundation/Http/Middleware/ValidatePostSize.php(27): Illuminate\\Pipeline\\Pipeline->Illuminate\\Pipeline\\{closure}(Object(Illuminate\\Http\\Request))
#45 /home/revoycom/public_html/vendor/laravel/framework/src/Illuminate/Pipeline/Pipeline.php(167): Illuminate\\Foundation\\Http\\Middleware\\ValidatePostSize->handle(Object(Illuminate\\Http\\Request), Object(Closure))
#46 /home/revoycom/public_html/vendor/laravel/framework/src/Illuminate/Foundation/Http/Middleware/PreventRequestsDuringMaintenance.php(86): Illuminate\\Pipeline\\Pipeline->Illuminate\\Pipeline\\{closure}(Object(Illuminate\\Http\\Request))
#47 /home/revoycom/public_html/vendor/laravel/framework/src/Illuminate/Pipeline/Pipeline.php(167): Illuminate\\Foundation\\Http\\Middleware\\PreventRequestsDuringMaintenance->handle(Object(Illuminate\\Http\\Request), Object(Closure))
#48 /home/revoycom/public_html/vendor/fruitcake/laravel-cors/src/HandleCors.php(38): Illuminate\\Pipeline\\Pipeline->Illuminate\\Pipeline\\{closure}(Object(Illuminate\\Http\\Request))
#49 /home/revoycom/public_html/vendor/laravel/framework/src/Illuminate/Pipeline/Pipeline.php(167): Fruitcake\\Cors\\HandleCors->handle(Object(Illuminate\\Http\\Request), Object(Closure))
#50 /home/revoycom/public_html/vendor/fideloper/proxy/src/TrustProxies.php(57): Illuminate\\Pipeline\\Pipeline->Illuminate\\Pipeline\\{closure}(Object(Illuminate\\Http\\Request))
#51 /home/revoycom/public_html/vendor/laravel/framework/src/Illuminate/Pipeline/Pipeline.php(167): Fideloper\\Proxy\\TrustProxies->handle(Object(Illuminate\\Http\\Request), Object(Closure))
#52 /home/revoycom/public_html/vendor/laravel/framework/src/Illuminate/Pipeline/Pipeline.php(103): Illuminate\\Pipeline\\Pipeline->Illuminate\\Pipeline\\{closure}(Object(Illuminate\\Http\\Request))
#53 /home/revoycom/public_html/vendor/laravel/framework/src/Illuminate/Foundation/Http/Kernel.php(142): Illuminate\\Pipeline\\Pipeline->then(Object(Closure))
#54 /home/revoycom/public_html/vendor/laravel/framework/src/Illuminate/Foundation/Http/Kernel.php(111): Illuminate\\Foundation\\Http\\Kernel->sendRequestThroughRouter(Object(Illuminate\\Http\\Request))
#55 /home/revoycom/public_html/index.php(52): Illuminate\\Foundation\\Http\\Kernel->handle(Object(Illuminate\\Http\\Request))
#56 {main}

[previous exception] [object] (PDOException(code: 42000): SQLSTATE[42000]: Syntax error or access violation: 1064 You have an error in your SQL syntax; check the manual that corresponds to your MariaDB server version for the right syntax to use near 'and (`suburb` LIKE ? or `street_address` LIKE ? or `name` LIKE ? or `full_con...' at line 1 at /home/revoycom/public_html/vendor/laravel/framework/src/Illuminate/Database/Connection.php:359)
[stacktrace]
#0 /home/revoycom/public_html/vendor/laravel/framework/src/Illuminate/Database/Connection.php(359): PDO->prepare('select count(*)...')
#1 /home/revoycom/public_html/vendor/laravel/framework/src/Illuminate/Database/Connection.php(696): Illuminate\\Database\\Connection->Illuminate\\Database\\{closure}('select count(*)...', Array)
#2 /home/revoycom/public_html/vendor/laravel/framework/src/Illuminate/Database/Connection.php(663): Illuminate\\Database\\Connection->runQueryCallback('select count(*)...', Array, Object(Closure))
#3 /home/revoycom/public_html/vendor/laravel/framework/src/Illuminate/Database/Connection.php(367): Illuminate\\Database\\Connection->run('select count(*)...', Array, Object(Closure))
#4 /home/revoycom/public_html/vendor/laravel/framework/src/Illuminate/Database/Query/Builder.php(2352): Illuminate\\Database\\Connection->select('select count(*)...', Array, true)
#5 /home/revoycom/public_html/vendor/laravel/framework/src/Illuminate/Database/Query/Builder.php(2340): Illuminate\\Database\\Query\\Builder->runSelect()
#6 /home/revoycom/public_html/vendor/laravel/framework/src/Illuminate/Database/Query/Builder.php(2874): Illuminate\\Database\\Query\\Builder->Illuminate\\Database\\Query\\{closure}()
#7 /home/revoycom/public_html/vendor/laravel/framework/src/Illuminate/Database/Query/Builder.php(2341): Illuminate\\Database\\Query\\Builder->onceWithColumns(Array, Object(Closure))
#8 /home/revoycom/public_html/vendor/laravel/framework/src/Illuminate/Database/Query/Builder.php(2801): Illuminate\\Database\\Query\\Builder->get(Array)
#9 /home/revoycom/public_html/vendor/laravel/framework/src/Illuminate/Database/Query/Builder.php(2729): Illuminate\\Database\\Query\\Builder->aggregate('count', Array)
#10 /home/revoycom/public_html/vendor/laravel/framework/src/Illuminate/Database/Eloquent/Builder.php(1655): Illuminate\\Database\\Query\\Builder->count()
#11 /home/revoycom/public_html/app/Http/Controllers/CommonController.php(1617): Illuminate\\Database\\Eloquent\\Builder->__call('count', Array)
#12 /home/revoycom/public_html/vendor/laravel/framework/src/Illuminate/Routing/Controller.php(54): App\\Http\\Controllers\\CommonController->load_property(Object(Illuminate\\Http\\Request))
#13 /home/revoycom/public_html/vendor/laravel/framework/src/Illuminate/Routing/ControllerDispatcher.php(45): Illuminate\\Routing\\Controller->callAction('load_property', Array)
#14 /home/revoycom/public_html/vendor/laravel/framework/src/Illuminate/Routing/Route.php(262): Illuminate\\Routing\\ControllerDispatcher->dispatch(Object(Illuminate\\Routing\\Route), Object(App\\Http\\Controllers\\CommonController), 'load_property')
#15 /home/revoycom/public_html/vendor/laravel/framework/src/Illuminate/Routing/Route.php(205): Illuminate\\Routing\\Route->runController()
#16 /home/revoycom/public_html/vendor/laravel/framework/src/Illuminate/Routing/Router.php(695): Illuminate\\Routing\\Route->run()
#17 /home/revoycom/public_html/vendor/laravel/framework/src/Illuminate/Pipeline/Pipeline.php(128): Illuminate\\Routing\\Router->Illuminate\\Routing\\{closure}(Object(Illuminate\\Http\\Request))
#18 /home/revoycom/public_html/app/Http/Middleware/RedirectIfAuthenticated.php(29): Illuminate\\Pipeline\\Pipeline->Illuminate\\Pipeline\\{closure}(Object(Illuminate\\Http\\Request))
#19 /home/revoycom/public_html/vendor/laravel/framework/src/Illuminate/Pipeline/Pipeline.php(167): App\\Http\\Middleware\\RedirectIfAuthenticated->handle(Object(Illuminate\\Http\\Request), Object(Closure))
#20 /home/revoycom/public_html/vendor/laravel/framework/src/Illuminate/Routing/Middleware/SubstituteBindings.php(50): Illuminate\\Pipeline\\Pipeline->Illuminate\\Pipeline\\{closure}(Object(Illuminate\\Http\\Request))
#21 /home/revoycom/public_html/vendor/laravel/framework/src/Illuminate/Pipeline/Pipeline.php(167): Illuminate\\Routing\\Middleware\\SubstituteBindings->handle(Object(Illuminate\\Http\\Request), Object(Closure))
#22 /home/revoycom/public_html/vendor/laravel/framework/src/Illuminate/Foundation/Http/Middleware/VerifyCsrfToken.php(78): Illuminate\\Pipeline\\Pipeline->Illuminate\\Pipeline\\{closure}(Object(Illuminate\\Http\\Request))
#23 /home/revoycom/public_html/vendor/laravel/framework/src/Illuminate/Pipeline/Pipeline.php(167): Illuminate\\Foundation\\Http\\Middleware\\VerifyCsrfToken->handle(Object(Illuminate\\Http\\Request), Object(Closure))
#24 /home/revoycom/public_html/vendor/laravel/framework/src/Illuminate/View/Middleware/ShareErrorsFromSession.php(49): Illuminate\\Pipeline\\Pipeline->Illuminate\\Pipeline\\{closure}(Object(Illuminate\\Http\\Request))
#25 /home/revoycom/public_html/vendor/laravel/framework/src/Illuminate/Pipeline/Pipeline.php(167): Illuminate\\View\\Middleware\\ShareErrorsFromSession->handle(Object(Illuminate\\Http\\Request), Object(Closure))
#26 /home/revoycom/public_html/vendor/laravel/framework/src/Illuminate/Session/Middleware/StartSession.php(121): Illuminate\\Pipeline\\Pipeline->Illuminate\\Pipeline\\{closure}(Object(Illuminate\\Http\\Request))
#27 /home/revoycom/public_html/vendor/laravel/framework/src/Illuminate/Session/Middleware/StartSession.php(64): Illuminate\\Session\\Middleware\\StartSession->handleStatefulRequest(Object(Illuminate\\Http\\Request), Object(Illuminate\\Session\\Store), Object(Closure))
#28 /home/revoycom/public_html/vendor/laravel/framework/src/Illuminate/Pipeline/Pipeline.php(167): Illuminate\\Session\\Middleware\\StartSession->handle(Object(Illuminate\\Http\\Request), Object(Closure))
#29 /home/revoycom/public_html/vendor/laravel/framework/src/Illuminate/Cookie/Middleware/AddQueuedCookiesToResponse.php(37): Illuminate\\Pipeline\\Pipeline->Illuminate\\Pipeline\\{closure}(Object(Illuminate\\Http\\Request))
#30 /home/revoycom/public_html/vendor/laravel/framework/src/Illuminate/Pipeline/Pipeline.php(167): Illuminate\\Cookie\\Middleware\\AddQueuedCookiesToResponse->handle(Object(Illuminate\\Http\\Request), Object(Closure))
#31 /home/revoycom/public_html/vendor/laravel/framework/src/Illuminate/Cookie/Middleware/EncryptCookies.php(67): Illuminate\\Pipeline\\Pipeline->Illuminate\\Pipeline\\{closure}(Object(Illuminate\\Http\\Request))
#32 /home/revoycom/public_html/vendor/laravel/framework/src/Illuminate/Pipeline/Pipeline.php(167): Illuminate\\Cookie\\Middleware\\EncryptCookies->handle(Object(Illuminate\\Http\\Request), Object(Closure))
#33 /home/revoycom/public_html/vendor/laravel/framework/src/Illuminate/Pipeline/Pipeline.php(103): Illuminate\\Pipeline\\Pipeline->Illuminate\\Pipeline\\{closure}(Object(Illuminate\\Http\\Request))
#34 /home/revoycom/public_html/vendor/laravel/framework/src/Illuminate/Routing/Router.php(697): Illuminate\\Pipeline\\Pipeline->then(Object(Closure))
#35 /home/revoycom/public_html/vendor/laravel/framework/src/Illuminate/Routing/Router.php(672): Illuminate\\Routing\\Router->runRouteWithinStack(Object(Illuminate\\Routing\\Route), Object(Illuminate\\Http\\Request))
#36 /home/revoycom/public_html/vendor/laravel/framework/src/Illuminate/Routing/Router.php(636): Illuminate\\Routing\\Router->runRoute(Object(Illuminate\\Http\\Request), Object(Illuminate\\Routing\\Route))
#37 /home/revoycom/public_html/vendor/laravel/framework/src/Illuminate/Routing/Router.php(625): Illuminate\\Routing\\Router->dispatchToRoute(Object(Illuminate\\Http\\Request))
#38 /home/revoycom/public_html/vendor/laravel/framework/src/Illuminate/Foundation/Http/Kernel.php(167): Illuminate\\Routing\\Router->dispatch(Object(Illuminate\\Http\\Request))
#39 /home/revoycom/public_html/vendor/laravel/framework/src/Illuminate/Pipeline/Pipeline.php(128): Illuminate\\Foundation\\Http\\Kernel->Illuminate\\Foundation\\Http\\{closure}(Object(Illuminate\\Http\\Request))
#40 /home/revoycom/public_html/vendor/laravel/framework/src/Illuminate/Foundation/Http/Middleware/TransformsRequest.php(21): Illuminate\\Pipeline\\Pipeline->Illuminate\\Pipeline\\{closure}(Object(Illuminate\\Http\\Request))
#41 /home/revoycom/public_html/vendor/laravel/framework/src/Illuminate/Foundation/Http/Middleware/ConvertEmptyStringsToNull.php(31): Illuminate\\Foundation\\Http\\Middleware\\TransformsRequest->handle(Object(Illuminate\\Http\\Request), Object(Closure))
#42 /home/revoycom/public_html/vendor/laravel/framework/src/Illuminate/Pipeline/Pipeline.php(167): Illuminate\\Foundation\\Http\\Middleware\\ConvertEmptyStringsToNull->handle(Object(Illuminate\\Http\\Request), Object(Closure))
#43 /home/revoycom/public_html/vendor/laravel/framework/src/Illuminate/Foundation/Http/Middleware/TransformsRequest.php(21): Illuminate\\Pipeline\\Pipeline->Illuminate\\Pipeline\\{closure}(Object(Illuminate\\Http\\Request))
#44 /home/revoycom/public_html/vendor/laravel/framework/src/Illuminate/Foundation/Http/Middleware/TrimStrings.php(40): Illuminate\\Foundation\\Http\\Middleware\\TransformsRequest->handle(Object(Illuminate\\Http\\Request), Object(Closure))
#45 /home/revoycom/public_html/vendor/laravel/framework/src/Illuminate/Pipeline/Pipeline.php(167): Illuminate\\Foundation\\Http\\Middleware\\TrimStrings->handle(Object(Illuminate\\Http\\Request), Object(Closure))
#46 /home/revoycom/public_html/vendor/laravel/framework/src/Illuminate/Foundation/Http/Middleware/ValidatePostSize.php(27): Illuminate\\Pipeline\\Pipeline->Illuminate\\Pipeline\\{closure}(Object(Illuminate\\Http\\Request))
#47 /home/revoycom/public_html/vendor/laravel/framework/src/Illuminate/Pipeline/Pipeline.php(167): Illuminate\\Foundation\\Http\\Middleware\\ValidatePostSize->handle(Object(Illuminate\\Http\\Request), Object(Closure))
#48 /home/revoycom/public_html/vendor/laravel/framework/src/Illuminate/Foundation/Http/Middleware/PreventRequestsDuringMaintenance.php(86): Illuminate\\Pipeline\\Pipeline->Illuminate\\Pipeline\\{closure}(Object(Illuminate\\Http\\Request))
#49 /home/revoycom/public_html/vendor/laravel/framework/src/Illuminate/Pipeline/Pipeline.php(167): Illuminate\\Foundation\\Http\\Middleware\\PreventRequestsDuringMaintenance->handle(Object(Illuminate\\Http\\Request), Object(Closure))
#50 /home/revoycom/public_html/vendor/fruitcake/laravel-cors/src/HandleCors.php(38): Illuminate\\Pipeline\\Pipeline->Illuminate\\Pipeline\\{closure}(Object(Illuminate\\Http\\Request))
#51 /home/revoycom/public_html/vendor/laravel/framework/src/Illuminate/Pipeline/Pipeline.php(167): Fruitcake\\Cors\\HandleCors->handle(Object(Illuminate\\Http\\Request), Object(Closure))
#52 /home/revoycom/public_html/vendor/fideloper/proxy/src/TrustProxies.php(57): Illuminate\\Pipeline\\Pipeline->Illuminate\\Pipeline\\{closure}(Object(Illuminate\\Http\\Request))
#53 /home/revoycom/public_html/vendor/laravel/framework/src/Illuminate/Pipeline/Pipeline.php(167): Fideloper\\Proxy\\TrustProxies->handle(Object(Illuminate\\Http\\Request), Object(Closure))
#54 /home/revoycom/public_html/vendor/laravel/framework/src/Illuminate/Pipeline/Pipeline.php(103): Illuminate\\Pipeline\\Pipeline->Illuminate\\Pipeline\\{closure}(Object(Illuminate\\Http\\Request))
#55 /home/revoycom/public_html/vendor/laravel/framework/src/Illuminate/Foundation/Http/Kernel.php(142): Illuminate\\Pipeline\\Pipeline->then(Object(Closure))
#56 /home/revoycom/public_html/vendor/laravel/framework/src/Illuminate/Foundation/Http/Kernel.php(111): Illuminate\\Foundation\\Http\\Kernel->sendRequestThroughRouter(Object(Illuminate\\Http\\Request))
#57 /home/revoycom/public_html/index.php(52): Illuminate\\Foundation\\Http\\Kernel->handle(Object(Illuminate\\Http\\Request))
#58 {main}
"} 
[2026-06-08 20:18:52] local.ERROR: SQLSTATE[42000]: Syntax error or access violation: 1064 You have an error in your SQL syntax; check the manual that corresponds to your MariaDB server version for the right syntax to use near 'and (`suburb` LIKE ? or `street_address` LIKE ? or `name` LIKE ? or `full_con...' at line 1 (SQL: select count(*) as aggregate from `tbl_property` where status = 'Yes'  AND admin_status = 'Yes'  AND category_id =    and (`suburb` LIKE %Search% or `street_address` LIKE %Search% or `name` LIKE %Search% or `full_contents` LIKE %Search% or `street_address` LIKE %Search% or `address_unit` LIKE %Search%)) {"exception":"[object] (Illuminate\\Database\\QueryException(code: 42000): SQLSTATE[42000]: Syntax error or access violation: 1064 You have an error in your SQL syntax; check the manual that corresponds to your MariaDB server version for the right syntax to use near 'and (`suburb` LIKE ? or `street_address` LIKE ? or `name` LIKE ? or `full_con...' at line 1 (SQL: select count(*) as aggregate from `tbl_property` where status = 'Yes'  AND admin_status = 'Yes'  AND category_id =    and (`suburb` LIKE %Search% or `street_address` LIKE %Search% or `name` LIKE %Search% or `full_contents` LIKE %Search% or `street_address` LIKE %Search% or `address_unit` LIKE %Search%)) at /home/revoycom/public_html/vendor/laravel/framework/src/Illuminate/Database/Connection.php:703)
[stacktrace]
#0 /home/revoycom/public_html/vendor/laravel/framework/src/Illuminate/Database/Connection.php(663): Illuminate\\Database\\Connection->runQueryCallback('select count(*)...', Array, Object(Closure))
#1 /home/revoycom/public_html/vendor/laravel/framework/src/Illuminate/Database/Connection.php(367): Illuminate\\Database\\Connection->run('select count(*)...', Array, Object(Closure))
#2 /home/revoycom/public_html/vendor/laravel/framework/src/Illuminate/Database/Query/Builder.php(2352): Illuminate\\Database\\Connection->select('select count(*)...', Array, true)
#3 /home/revoycom/public_html/vendor/laravel/framework/src/Illuminate/Database/Query/Builder.php(2340): Illuminate\\Database\\Query\\Builder->runSelect()
#4 /home/revoycom/public_html/vendor/laravel/framework/src/Illuminate/Database/Query/Builder.php(2874): Illuminate\\Database\\Query\\Builder->Illuminate\\Database\\Query\\{closure}()
#5 /home/revoycom/public_html/vendor/laravel/framework/src/Illuminate/Database/Query/Builder.php(2341): Illuminate\\Database\\Query\\Builder->onceWithColumns(Array, Object(Closure))
#6 /home/revoycom/public_html/vendor/laravel/framework/src/Illuminate/Database/Query/Builder.php(2801): Illuminate\\Database\\Query\\Builder->get(Array)
#7 /home/revoycom/public_html/vendor/laravel/framework/src/Illuminate/Database/Query/Builder.php(2729): Illuminate\\Database\\Query\\Builder->aggregate('count', Array)
#8 /home/revoycom/public_html/vendor/laravel/framework/src/Illuminate/Database/Eloquent/Builder.php(1655): Illuminate\\Database\\Query\\Builder->count()
#9 /home/revoycom/public_html/app/Http/Controllers/CommonController.php(1617): Illuminate\\Database\\Eloquent\\Builder->__call('count', Array)
#10 /home/revoycom/public_html/vendor/laravel/framework/src/Illuminate/Routing/Controller.php(54): App\\Http\\Controllers\\CommonController->load_property(Object(Illuminate\\Http\\Request))
#11 /home/revoycom/public_html/vendor/laravel/framework/src/Illuminate/Routing/ControllerDispatcher.php(45): Illuminate\\Routing\\Controller->callAction('load_property', Array)
#12 /home/revoycom/public_html/vendor/laravel/framework/src/Illuminate/Routing/Route.php(262): Illuminate\\Routing\\ControllerDispatcher->dispatch(Object(Illuminate\\Routing\\Route), Object(App\\Http\\Controllers\\CommonController), 'load_property')
#13 /home/revoycom/public_html/vendor/laravel/framework/src/Illuminate/Routing/Route.php(205): Illuminate\\Routing\\Route->runController()
#14 /home/revoycom/public_html/vendor/laravel/framework/src/Illuminate/Routing/Router.php(695): Illuminate\\Routing\\Route->run()
#15 /home/revoycom/public_html/vendor/laravel/framework/src/Illuminate/Pipeline/Pipeline.php(128): Illuminate\\Routing\\Router->Illuminate\\Routing\\{closure}(Object(Illuminate\\Http\\Request))
#16 /home/revoycom/public_html/app/Http/Middleware/RedirectIfAuthenticated.php(29): Illuminate\\Pipeline\\Pipeline->Illuminate\\Pipeline\\{closure}(Object(Illuminate\\Http\\Request))
#17 /home/revoycom/public_html/vendor/laravel/framework/src/Illuminate/Pipeline/Pipeline.php(167): App\\Http\\Middleware\\RedirectIfAuthenticated->handle(Object(Illuminate\\Http\\Request), Object(Closure))
#18 /home/revoycom/public_html/vendor/laravel/framework/src/Illuminate/Routing/Middleware/SubstituteBindings.php(50): Illuminate\\Pipeline\\Pipeline->Illuminate\\Pipeline\\{closure}(Object(Illuminate\\Http\\Request))
#19 /home/revoycom/public_html/vendor/laravel/framework/src/Illuminate/Pipeline/Pipeline.php(167): Illuminate\\Routing\\Middleware\\SubstituteBindings->handle(Object(Illuminate\\Http\\Request), Object(Closure))
#20 /home/revoycom/public_html/vendor/laravel/framework/src/Illuminate/Foundation/Http/Middleware/VerifyCsrfToken.php(78): Illuminate\\Pipeline\\Pipeline->Illuminate\\Pipeline\\{closure}(Object(Illuminate\\Http\\Request))
#21 /home/revoycom/public_html/vendor/laravel/framework/src/Illuminate/Pipeline/Pipeline.php(167): Illuminate\\Foundation\\Http\\Middleware\\VerifyCsrfToken->handle(Object(Illuminate\\Http\\Request), Object(Closure))
#22 /home/revoycom/public_html/vendor/laravel/framework/src/Illuminate/View/Middleware/ShareErrorsFromSession.php(49): Illuminate\\Pipeline\\Pipeline->Illuminate\\Pipeline\\{closure}(Object(Illuminate\\Http\\Request))
#23 /home/revoycom/public_html/vendor/laravel/framework/src/Illuminate/Pipeline/Pipeline.php(167): Illuminate\\View\\Middleware\\ShareErrorsFromSession->handle(Object(Illuminate\\Http\\Request), Object(Closure))
#24 /home/revoycom/public_html/vendor/laravel/framework/src/Illuminate/Session/Middleware/StartSession.php(121): Illuminate\\Pipeline\\Pipeline->Illuminate\\Pipeline\\{closure}(Object(Illuminate\\Http\\Request))
#25 /home/revoycom/public_html/vendor/laravel/framework/src/Illuminate/Session/Middleware/StartSession.php(64): Illuminate\\Session\\Middleware\\StartSession->handleStatefulRequest(Object(Illuminate\\Http\\Request), Object(Illuminate\\Session\\Store), Object(Closure))
#26 /home/revoycom/public_html/vendor/laravel/framework/src/Illuminate/Pipeline/Pipeline.php(167): Illuminate\\Session\\Middleware\\StartSession->handle(Object(Illuminate\\Http\\Request), Object(Closure))
#27 /home/revoycom/public_html/vendor/laravel/framework/src/Illuminate/Cookie/Middleware/AddQueuedCookiesToResponse.php(37): Illuminate\\Pipeline\\Pipeline->Illuminate\\Pipeline\\{closure}(Object(Illuminate\\Http\\Request))
#28 /home/revoycom/public_html/vendor/laravel/framework/src/Illuminate/Pipeline/Pipeline.php(167): Illuminate\\Cookie\\Middleware\\AddQueuedCookiesToResponse->handle(Object(Illuminate\\Http\\Request), Object(Closure))
#29 /home/revoycom/public_html/vendor/laravel/framework/src/Illuminate/Cookie/Middleware/EncryptCookies.php(67): Illuminate\\Pipeline\\Pipeline->Illuminate\\Pipeline\\{closure}(Object(Illuminate\\Http\\Request))
#30 /home/revoycom/public_html/vendor/laravel/framework/src/Illuminate/Pipeline/Pipeline.php(167): Illuminate\\Cookie\\Middleware\\EncryptCookies->handle(Object(Illuminate\\Http\\Request), Object(Closure))
#31 /home/revoycom/public_html/vendor/laravel/framework/src/Illuminate/Pipeline/Pipeline.php(103): Illuminate\\Pipeline\\Pipeline->Illuminate\\Pipeline\\{closure}(Object(Illuminate\\Http\\Request))
#32 /home/revoycom/public_html/vendor/laravel/framework/src/Illuminate/Routing/Router.php(697): Illuminate\\Pipeline\\Pipeline->then(Object(Closure))
#33 /home/revoycom/public_html/vendor/laravel/framework/src/Illuminate/Routing/Router.php(672): Illuminate\\Routing\\Router->runRouteWithinStack(Object(Illuminate\\Routing\\Route), Object(Illuminate\\Http\\Request))
#34 /home/revoycom/public_html/vendor/laravel/framework/src/Illuminate/Routing/Router.php(636): Illuminate\\Routing\\Router->runRoute(Object(Illuminate\\Http\\Request), Object(Illuminate\\Routing\\Route))
#35 /home/revoycom/public_html/vendor/laravel/framework/src/Illuminate/Routing/Router.php(625): Illuminate\\Routing\\Router->dispatchToRoute(Object(Illuminate\\Http\\Request))
#36 /home/revoycom/public_html/vendor/laravel/framework/src/Illuminate/Foundation/Http/Kernel.php(167): Illuminate\\Routing\\Router->dispatch(Object(Illuminate\\Http\\Request))
#37 /home/revoycom/public_html/vendor/laravel/framework/src/Illuminate/Pipeline/Pipeline.php(128): Illuminate\\Foundation\\Http\\Kernel->Illuminate\\Foundation\\Http\\{closure}(Object(Illuminate\\Http\\Request))
#38 /home/revoycom/public_html/vendor/laravel/framework/src/Illuminate/Foundation/Http/Middleware/TransformsRequest.php(21): Illuminate\\Pipeline\\Pipeline->Illuminate\\Pipeline\\{closure}(Object(Illuminate\\Http\\Request))
#39 /home/revoycom/public_html/vendor/laravel/framework/src/Illuminate/Foundation/Http/Middleware/ConvertEmptyStringsToNull.php(31): Illuminate\\Foundation\\Http\\Middleware\\TransformsRequest->handle(Object(Illuminate\\Http\\Request), Object(Closure))
#40 /home/revoycom/public_html/vendor/laravel/framework/src/Illuminate/Pipeline/Pipeline.php(167): Illuminate\\Foundation\\Http\\Middleware\\ConvertEmptyStringsToNull->handle(Object(Illuminate\\Http\\Request), Object(Closure))
#41 /home/revoycom/public_html/vendor/laravel/framework/src/Illuminate/Foundation/Http/Middleware/TransformsRequest.php(21): Illuminate\\Pipeline\\Pipeline->Illuminate\\Pipeline\\{closure}(Object(Illuminate\\Http\\Request))
#42 /home/revoycom/public_html/vendor/laravel/framework/src/Illuminate/Foundation/Http/Middleware/TrimStrings.php(40): Illuminate\\Foundation\\Http\\Middleware\\TransformsRequest->handle(Object(Illuminate\\Http\\Request), Object(Closure))
#43 /home/revoycom/public_html/vendor/laravel/framework/src/Illuminate/Pipeline/Pipeline.php(167): Illuminate\\Foundation\\Http\\Middleware\\TrimStrings->handle(Object(Illuminate\\Http\\Request), Object(Closure))
#44 /home/revoycom/public_html/vendor/laravel/framework/src/Illuminate/Foundation/Http/Middleware/ValidatePostSize.php(27): Illuminate\\Pipeline\\Pipeline->Illuminate\\Pipeline\\{closure}(Object(Illuminate\\Http\\Request))
#45 /home/revoycom/public_html/vendor/laravel/framework/src/Illuminate/Pipeline/Pipeline.php(167): Illuminate\\Foundation\\Http\\Middleware\\ValidatePostSize->handle(Object(Illuminate\\Http\\Request), Object(Closure))
#46 /home/revoycom/public_html/vendor/laravel/framework/src/Illuminate/Foundation/Http/Middleware/PreventRequestsDuringMaintenance.php(86): Illuminate\\Pipeline\\Pipeline->Illuminate\\Pipeline\\{closure}(Object(Illuminate\\Http\\Request))
#47 /home/revoycom/public_html/vendor/laravel/framework/src/Illuminate/Pipeline/Pipeline.php(167): Illuminate\\Foundation\\Http\\Middleware\\PreventRequestsDuringMaintenance->handle(Object(Illuminate\\Http\\Request), Object(Closure))
#48 /home/revoycom/public_html/vendor/fruitcake/laravel-cors/src/HandleCors.php(38): Illuminate\\Pipeline\\Pipeline->Illuminate\\Pipeline\\{closure}(Object(Illuminate\\Http\\Request))
#49 /home/revoycom/public_html/vendor/laravel/framework/src/Illuminate/Pipeline/Pipeline.php(167): Fruitcake\\Cors\\HandleCors->handle(Object(Illuminate\\Http\\Request), Object(Closure))
#50 /home/revoycom/public_html/vendor/fideloper/proxy/src/TrustProxies.php(57): Illuminate\\Pipeline\\Pipeline->Illuminate\\Pipeline\\{closure}(Object(Illuminate\\Http\\Request))
#51 /home/revoycom/public_html/vendor/laravel/framework/src/Illuminate/Pipeline/Pipeline.php(167): Fideloper\\Proxy\\TrustProxies->handle(Object(Illuminate\\Http\\Request), Object(Closure))
#52 /home/revoycom/public_html/vendor/laravel/framework/src/Illuminate/Pipeline/Pipeline.php(103): Illuminate\\Pipeline\\Pipeline->Illuminate\\Pipeline\\{closure}(Object(Illuminate\\Http\\Request))
#53 /home/revoycom/public_html/vendor/laravel/framework/src/Illuminate/Foundation/Http/Kernel.php(142): Illuminate\\Pipeline\\Pipeline->then(Object(Closure))
#54 /home/revoycom/public_html/vendor/laravel/framework/src/Illuminate/Foundation/Http/Kernel.php(111): Illuminate\\Foundation\\Http\\Kernel->sendRequestThroughRouter(Object(Illuminate\\Http\\Request))
#55 /home/revoycom/public_html/index.php(52): Illuminate\\Foundation\\Http\\Kernel->handle(Object(Illuminate\\Http\\Request))
#56 {main}

[previous exception] [object] (PDOException(code: 42000): SQLSTATE[42000]: Syntax error or access violation: 1064 You have an error in your SQL syntax; check the manual that corresponds to your MariaDB server version for the right syntax to use near 'and (`suburb` LIKE ? or `street_address` LIKE ? or `name` LIKE ? or `full_con...' at line 1 at /home/revoycom/public_html/vendor/laravel/framework/src/Illuminate/Database/Connection.php:359)
[stacktrace]
#0 /home/revoycom/public_html/vendor/laravel/framework/src/Illuminate/Database/Connection.php(359): PDO->prepare('select count(*)...')
#1 /home/revoycom/public_html/vendor/laravel/framework/src/Illuminate/Database/Connection.php(696): Illuminate\\Database\\Connection->Illuminate\\Database\\{closure}('select count(*)...', Array)
#2 /home/revoycom/public_html/vendor/laravel/framework/src/Illuminate/Database/Connection.php(663): Illuminate\\Database\\Connection->runQueryCallback('select count(*)...', Array, Object(Closure))
#3 /home/revoycom/public_html/vendor/laravel/framework/src/Illuminate/Database/Connection.php(367): Illuminate\\Database\\Connection->run('select count(*)...', Array, Object(Closure))
#4 /home/revoycom/public_html/vendor/laravel/framework/src/Illuminate/Database/Query/Builder.php(2352): Illuminate\\Database\\Connection->select('select count(*)...', Array, true)
#5 /home/revoycom/public_html/vendor/laravel/framework/src/Illuminate/Database/Query/Builder.php(2340): Illuminate\\Database\\Query\\Builder->runSelect()
#6 /home/revoycom/public_html/vendor/laravel/framework/src/Illuminate/Database/Query/Builder.php(2874): Illuminate\\Database\\Query\\Builder->Illuminate\\Database\\Query\\{closure}()
#7 /home/revoycom/public_html/vendor/laravel/framework/src/Illuminate/Database/Query/Builder.php(2341): Illuminate\\Database\\Query\\Builder->onceWithColumns(Array, Object(Closure))
#8 /home/revoycom/public_html/vendor/laravel/framework/src/Illuminate/Database/Query/Builder.php(2801): Illuminate\\Database\\Query\\Builder->get(Array)
#9 /home/revoycom/public_html/vendor/laravel/framework/src/Illuminate/Database/Query/Builder.php(2729): Illuminate\\Database\\Query\\Builder->aggregate('count', Array)
#10 /home/revoycom/public_html/vendor/laravel/framework/src/Illuminate/Database/Eloquent/Builder.php(1655): Illuminate\\Database\\Query\\Builder->count()
#11 /home/revoycom/public_html/app/Http/Controllers/CommonController.php(1617): Illuminate\\Database\\Eloquent\\Builder->__call('count', Array)
#12 /home/revoycom/public_html/vendor/laravel/framework/src/Illuminate/Routing/Controller.php(54): App\\Http\\Controllers\\CommonController->load_property(Object(Illuminate\\Http\\Request))
#13 /home/revoycom/public_html/vendor/laravel/framework/src/Illuminate/Routing/ControllerDispatcher.php(45): Illuminate\\Routing\\Controller->callAction('load_property', Array)
#14 /home/revoycom/public_html/vendor/laravel/framework/src/Illuminate/Routing/Route.php(262): Illuminate\\Routing\\ControllerDispatcher->dispatch(Object(Illuminate\\Routing\\Route), Object(App\\Http\\Controllers\\CommonController), 'load_property')
#15 /home/revoycom/public_html/vendor/laravel/framework/src/Illuminate/Routing/Route.php(205): Illuminate\\Routing\\Route->runController()
#16 /home/revoycom/public_html/vendor/laravel/framework/src/Illuminate/Routing/Router.php(695): Illuminate\\Routing\\Route->run()
#17 /home/revoycom/public_html/vendor/laravel/framework/src/Illuminate/Pipeline/Pipeline.php(128): Illuminate\\Routing\\Router->Illuminate\\Routing\\{closure}(Object(Illuminate\\Http\\Request))
#18 /home/revoycom/public_html/app/Http/Middleware/RedirectIfAuthenticated.php(29): Illuminate\\Pipeline\\Pipeline->Illuminate\\Pipeline\\{closure}(Object(Illuminate\\Http\\Request))
#19 /home/revoycom/public_html/vendor/laravel/framework/src/Illuminate/Pipeline/Pipeline.php(167): App\\Http\\Middleware\\RedirectIfAuthenticated->handle(Object(Illuminate\\Http\\Request), Object(Closure))
#20 /home/revoycom/public_html/vendor/laravel/framework/src/Illuminate/Routing/Middleware/SubstituteBindings.php(50): Illuminate\\Pipeline\\Pipeline->Illuminate\\Pipeline\\{closure}(Object(Illuminate\\Http\\Request))
#21 /home/revoycom/public_html/vendor/laravel/framework/src/Illuminate/Pipeline/Pipeline.php(167): Illuminate\\Routing\\Middleware\\SubstituteBindings->handle(Object(Illuminate\\Http\\Request), Object(Closure))
#22 /home/revoycom/public_html/vendor/laravel/framework/src/Illuminate/Foundation/Http/Middleware/VerifyCsrfToken.php(78): Illuminate\\Pipeline\\Pipeline->Illuminate\\Pipeline\\{closure}(Object(Illuminate\\Http\\Request))
#23 /home/revoycom/public_html/vendor/laravel/framework/src/Illuminate/Pipeline/Pipeline.php(167): Illuminate\\Foundation\\Http\\Middleware\\VerifyCsrfToken->handle(Object(Illuminate\\Http\\Request), Object(Closure))
#24 /home/revoycom/public_html/vendor/laravel/framework/src/Illuminate/View/Middleware/ShareErrorsFromSession.php(49): Illuminate\\Pipeline\\Pipeline->Illuminate\\Pipeline\\{closure}(Object(Illuminate\\Http\\Request))
#25 /home/revoycom/public_html/vendor/laravel/framework/src/Illuminate/Pipeline/Pipeline.php(167): Illuminate\\View\\Middleware\\ShareErrorsFromSession->handle(Object(Illuminate\\Http\\Request), Object(Closure))
#26 /home/revoycom/public_html/vendor/laravel/framework/src/Illuminate/Session/Middleware/StartSession.php(121): Illuminate\\Pipeline\\Pipeline->Illuminate\\Pipeline\\{closure}(Object(Illuminate\\Http\\Request))
#27 /home/revoycom/public_html/vendor/laravel/framework/src/Illuminate/Session/Middleware/StartSession.php(64): Illuminate\\Session\\Middleware\\StartSession->handleStatefulRequest(Object(Illuminate\\Http\\Request), Object(Illuminate\\Session\\Store), Object(Closure))
#28 /home/revoycom/public_html/vendor/laravel/framework/src/Illuminate/Pipeline/Pipeline.php(167): Illuminate\\Session\\Middleware\\StartSession->handle(Object(Illuminate\\Http\\Request), Object(Closure))
#29 /home/revoycom/public_html/vendor/laravel/framework/src/Illuminate/Cookie/Middleware/AddQueuedCookiesToResponse.php(37): Illuminate\\Pipeline\\Pipeline->Illuminate\\Pipeline\\{closure}(Object(Illuminate\\Http\\Request))
#30 /home/revoycom/public_html/vendor/laravel/framework/src/Illuminate/Pipeline/Pipeline.php(167): Illuminate\\Cookie\\Middleware\\AddQueuedCookiesToResponse->handle(Object(Illuminate\\Http\\Request), Object(Closure))
#31 /home/revoycom/public_html/vendor/laravel/framework/src/Illuminate/Cookie/Middleware/EncryptCookies.php(67): Illuminate\\Pipeline\\Pipeline->Illuminate\\Pipeline\\{closure}(Object(Illuminate\\Http\\Request))
#32 /home/revoycom/public_html/vendor/laravel/framework/src/Illuminate/Pipeline/Pipeline.php(167): Illuminate\\Cookie\\Middleware\\EncryptCookies->handle(Object(Illuminate\\Http\\Request), Object(Closure))
#33 /home/revoycom/public_html/vendor/laravel/framework/src/Illuminate/Pipeline/Pipeline.php(103): Illuminate\\Pipeline\\Pipeline->Illuminate\\Pipeline\\{closure}(Object(Illuminate\\Http\\Request))
#34 /home/revoycom/public_html/vendor/laravel/framework/src/Illuminate/Routing/Router.php(697): Illuminate\\Pipeline\\Pipeline->then(Object(Closure))
#35 /home/revoycom/public_html/vendor/laravel/framework/src/Illuminate/Routing/Router.php(672): Illuminate\\Routing\\Router->runRouteWithinStack(Object(Illuminate\\Routing\\Route), Object(Illuminate\\Http\\Request))
#36 /home/revoycom/public_html/vendor/laravel/framework/src/Illuminate/Routing/Router.php(636): Illuminate\\Routing\\Router->runRoute(Object(Illuminate\\Http\\Request), Object(Illuminate\\Routing\\Route))
#37 /home/revoycom/public_html/vendor/laravel/framework/src/Illuminate/Routing/Router.php(625): Illuminate\\Routing\\Router->dispatchToRoute(Object(Illuminate\\Http\\Request))
#38 /home/revoycom/public_html/vendor/laravel/framework/src/Illuminate/Foundation/Http/Kernel.php(167): Illuminate\\Routing\\Router->dispatch(Object(Illuminate\\Http\\Request))
#39 /home/revoycom/public_html/vendor/laravel/framework/src/Illuminate/Pipeline/Pipeline.php(128): Illuminate\\Foundation\\Http\\Kernel->Illuminate\\Foundation\\Http\\{closure}(Object(Illuminate\\Http\\Request))
#40 /home/revoycom/public_html/vendor/laravel/framework/src/Illuminate/Foundation/Http/Middleware/TransformsRequest.php(21): Illuminate\\Pipeline\\Pipeline->Illuminate\\Pipeline\\{closure}(Object(Illuminate\\Http\\Request))
#41 /home/revoycom/public_html/vendor/laravel/framework/src/Illuminate/Foundation/Http/Middleware/ConvertEmptyStringsToNull.php(31): Illuminate\\Foundation\\Http\\Middleware\\TransformsRequest->handle(Object(Illuminate\\Http\\Request), Object(Closure))
#42 /home/revoycom/public_html/vendor/laravel/framework/src/Illuminate/Pipeline/Pipeline.php(167): Illuminate\\Foundation\\Http\\Middleware\\ConvertEmptyStringsToNull->handle(Object(Illuminate\\Http\\Request), Object(Closure))
#43 /home/revoycom/public_html/vendor/laravel/framework/src/Illuminate/Foundation/Http/Middleware/TransformsRequest.php(21): Illuminate\\Pipeline\\Pipeline->Illuminate\\Pipeline\\{closure}(Object(Illuminate\\Http\\Request))
#44 /home/revoycom/public_html/vendor/laravel/framework/src/Illuminate/Foundation/Http/Middleware/TrimStrings.php(40): Illuminate\\Foundation\\Http\\Middleware\\TransformsRequest->handle(Object(Illuminate\\Http\\Request), Object(Closure))
#45 /home/revoycom/public_html/vendor/laravel/framework/src/Illuminate/Pipeline/Pipeline.php(167): Illuminate\\Foundation\\Http\\Middleware\\TrimStrings->handle(Object(Illuminate\\Http\\Request), Object(Closure))
#46 /home/revoycom/public_html/vendor/laravel/framework/src/Illuminate/Foundation/Http/Middleware/ValidatePostSize.php(27): Illuminate\\Pipeline\\Pipeline->Illuminate\\Pipeline\\{closure}(Object(Illuminate\\Http\\Request))
#47 /home/revoycom/public_html/vendor/laravel/framework/src/Illuminate/Pipeline/Pipeline.php(167): Illuminate\\Foundation\\Http\\Middleware\\ValidatePostSize->handle(Object(Illuminate\\Http\\Request), Object(Closure))
#48 /home/revoycom/public_html/vendor/laravel/framework/src/Illuminate/Foundation/Http/Middleware/PreventRequestsDuringMaintenance.php(86): Illuminate\\Pipeline\\Pipeline->Illuminate\\Pipeline\\{closure}(Object(Illuminate\\Http\\Request))
#49 /home/revoycom/public_html/vendor/laravel/framework/src/Illuminate/Pipeline/Pipeline.php(167): Illuminate\\Foundation\\Http\\Middleware\\PreventRequestsDuringMaintenance->handle(Object(Illuminate\\Http\\Request), Object(Closure))
#50 /home/revoycom/public_html/vendor/fruitcake/laravel-cors/src/HandleCors.php(38): Illuminate\\Pipeline\\Pipeline->Illuminate\\Pipeline\\{closure}(Object(Illuminate\\Http\\Request))
#51 /home/revoycom/public_html/vendor/laravel/framework/src/Illuminate/Pipeline/Pipeline.php(167): Fruitcake\\Cors\\HandleCors->handle(Object(Illuminate\\Http\\Request), Object(Closure))
#52 /home/revoycom/public_html/vendor/fideloper/proxy/src/TrustProxies.php(57): Illuminate\\Pipeline\\Pipeline->Illuminate\\Pipeline\\{closure}(Object(Illuminate\\Http\\Request))
#53 /home/revoycom/public_html/vendor/laravel/framework/src/Illuminate/Pipeline/Pipeline.php(167): Fideloper\\Proxy\\TrustProxies->handle(Object(Illuminate\\Http\\Request), Object(Closure))
#54 /home/revoycom/public_html/vendor/laravel/framework/src/Illuminate/Pipeline/Pipeline.php(103): Illuminate\\Pipeline\\Pipeline->Illuminate\\Pipeline\\{closure}(Object(Illuminate\\Http\\Request))
#55 /home/revoycom/public_html/vendor/laravel/framework/src/Illuminate/Foundation/Http/Kernel.php(142): Illuminate\\Pipeline\\Pipeline->then(Object(Closure))
#56 /home/revoycom/public_html/vendor/laravel/framework/src/Illuminate/Foundation/Http/Kernel.php(111): Illuminate\\Foundation\\Http\\Kernel->sendRequestThroughRouter(Object(Illuminate\\Http\\Request))
#57 /home/revoycom/public_html/index.php(52): Illuminate\\Foundation\\Http\\Kernel->handle(Object(Illuminate\\Http\\Request))
#58 {main}
"} 
[2026-06-08 23:40:02] local.ERROR: Trying to get property 'primary_colour' of non-object (View: /home/revoycom/public_html/resources/views/common/listing/branding.blade.php) {"view":{"view":"/home/revoycom/public_html/resources/views/common/listing/branding.blade.php","data":{"errors":"<pre class=sf-dump id=sf-dump-427988506 data-indent-pad=\"  \"><span class=sf-dump-note>Illuminate\\Support\\ViewErrorBag</span> {<a class=sf-dump-ref>#1183</a><samp data-depth=1 class=sf-dump-expanded>
  #<span class=sf-dump-protected title=\"Protected property\">bags</span>: []
</samp>}
</pre><script>Sfdump(\"sf-dump-427988506\", {\"maxDepth\":3,\"maxStringLength\":160})</script>
","title":"<pre class=sf-dump id=sf-dump-1426170559 data-indent-pad=\"  \">\"<span class=sf-dump-str title=\"9 characters\">New Homes</span>\"
</pre><script>Sfdump(\"sf-dump-1426170559\", {\"maxDepth\":3,\"maxStringLength\":160})</script>
","keywords":"<pre class=sf-dump id=sf-dump-182254449 data-indent-pad=\"  \">\"<span class=sf-dump-str title=\"9 characters\">New Homes</span>\"
</pre><script>Sfdump(\"sf-dump-182254449\", {\"maxDepth\":3,\"maxStringLength\":160})</script>
","description":"<pre class=sf-dump id=sf-dump-1395445534 data-indent-pad=\"  \">\"<span class=sf-dump-str title=\"9 characters\">New Homes</span>\"
</pre><script>Sfdump(\"sf-dump-1395445534\", {\"maxDepth\":3,\"maxStringLength\":160})</script>
","og_image":"<pre class=sf-dump id=sf-dump-1062811294 data-indent-pad=\"  \">\"<span class=sf-dump-str title=\"65 characters\">https://www.revoy.com.au/public/upload/cms/58251_new-home-ban.jpg</span>\"
</pre><script>Sfdump(\"sf-dump-1062811294\", {\"maxDepth\":3,\"maxStringLength\":160})</script>
","cms_dp":"<pre class=sf-dump id=sf-dump-2027925575 data-indent-pad=\"  \"><span class=sf-dump-note>array:10</span> [<samp data-depth=1 class=sf-dump-expanded>
  \"<span class=sf-dump-key>name</span>\" => \"<span class=sf-dump-str title=\"9 characters\">New Homes</span>\"
  \"<span class=sf-dump-key>slug</span>\" => \"<span class=sf-dump-str title=\"9 characters\">new-homes</span>\"
  \"<span class=sf-dump-key>heading</span>\" => \"<span class=sf-dump-str title=\"19 characters\">Featured Properties</span>\"
  \"<span class=sf-dump-key>banner_heading</span>\" => \"<span class=sf-dump-str title=\"20 characters\">New homes start here</span>\"
  \"<span class=sf-dump-key>full_contents</span>\" => \"<span class=sf-dump-str title=\"6 characters\">&lt;br /&gt;</span>\"
  \"<span class=sf-dump-key>short_contents</span>\" => <span class=sf-dump-const>null</span>
  \"<span class=sf-dump-key>extra_detail</span>\" => \"<span class=sf-dump-str title=\"6 characters\">&lt;br /&gt;</span>\"
  \"<span class=sf-dump-key>tag_line</span>\" => \"<span class=sf-dump-str title=\"9 characters\">New Homes</span>\"
  \"<span class=sf-dump-key>image</span>\" => \"\"
  \"<span class=sf-dump-key>banner</span>\" => \"<span class=sf-dump-str title=\"65 characters\">https://www.revoy.com.au/public/upload/cms/58251_new-home-ban.jpg</span>\"
</samp>]
</pre><script>Sfdump(\"sf-dump-2027925575\", {\"maxDepth\":3,\"maxStringLength\":160})</script>
","keyword":"<pre class=sf-dump id=sf-dump-812983475 data-indent-pad=\"  \">\"\"
</pre><script>Sfdump(\"sf-dump-812983475\", {\"maxDepth\":3,\"maxStringLength\":160})</script>
","keywordArray":"<pre class=sf-dump id=sf-dump-600563934 data-indent-pad=\"  \">[]
</pre><script>Sfdump(\"sf-dump-600563934\", {\"maxDepth\":3,\"maxStringLength\":160})</script>
","keywords_array":"<pre class=sf-dump id=sf-dump-1843586901 data-indent-pad=\"  \">[]
</pre><script>Sfdump(\"sf-dump-1843586901\", {\"maxDepth\":3,\"maxStringLength\":160})</script>
","db_property":"<pre class=sf-dump id=sf-dump-1024010118 data-indent-pad=\"  \"><span class=sf-dump-note>Illuminate\\Pagination\\LengthAwarePaginator</span> {<a class=sf-dump-ref>#1526</a><samp data-depth=1 class=sf-dump-expanded>
  #<span class=sf-dump-protected title=\"Protected property\">total</span>: <span class=sf-dump-num>520</span>
  #<span class=sf-dump-protected title=\"Protected property\">lastPage</span>: <span class=sf-dump-num>44</span>
  #<span class=sf-dump-protected title=\"Protected property\">items</span>: <span class=sf-dump-note title=\"Illuminate\\Database\\Eloquent\\Collection
\"><span class=\"sf-dump-ellipsis sf-dump-ellipsis-note\">Illuminate\\Database\\Eloquent</span><span class=\"sf-dump-ellipsis sf-dump-ellipsis-note\">\\</span>Collection</span> {<a class=sf-dump-ref>#1535</a><samp data-depth=2 class=sf-dump-compact>
    #<span class=sf-dump-protected title=\"Protected property\">items</span>: <span class=sf-dump-note>array:12</span> [<samp data-depth=3 class=sf-dump-compact>
      <span class=sf-dump-index>0</span> => <span class=sf-dump-note title=\"App\\Model\\Property
\"><span class=\"sf-dump-ellipsis sf-dump-ellipsis-note\">App\\Model</span><span class=\"sf-dump-ellipsis sf-dump-ellipsis-note\">\\</span>Property</span> {<a class=sf-dump-ref>#1536</a> &hellip;30}
      <span class=sf-dump-index>1</span> => <span class=sf-dump-note title=\"App\\Model\\Property
\"><span class=\"sf-dump-ellipsis sf-dump-ellipsis-note\">App\\Model</span><span class=\"sf-dump-ellipsis sf-dump-ellipsis-note\">\\</span>Property</span> {<a class=sf-dump-ref>#1537</a> &hellip;30}
      <span class=sf-dump-index>2</span> => <span class=sf-dump-note title=\"App\\Model\\Property
\"><span class=\"sf-dump-ellipsis sf-dump-ellipsis-note\">App\\Model</span><span class=\"sf-dump-ellipsis sf-dump-ellipsis-note\">\\</span>Property</span> {<a class=sf-dump-ref>#1538</a> &hellip;30}
      <span class=sf-dump-index>3</span> => <span class=sf-dump-note title=\"App\\Model\\Property
\"><span class=\"sf-dump-ellipsis sf-dump-ellipsis-note\">App\\Model</span><span class=\"sf-dump-ellipsis sf-dump-ellipsis-note\">\\</span>Property</span> {<a class=sf-dump-ref>#1539</a> &hellip;30}
      <span class=sf-dump-index>4</span> => <span class=sf-dump-note title=\"App\\Model\\Property
\"><span class=\"sf-dump-ellipsis sf-dump-ellipsis-note\">App\\Model</span><span class=\"sf-dump-ellipsis sf-dump-ellipsis-note\">\\</span>Property</span> {<a class=sf-dump-ref>#1540</a> &hellip;30}
      <span class=sf-dump-index>5</span> => <span class=sf-dump-note title=\"App\\Model\\Property
\"><span class=\"sf-dump-ellipsis sf-dump-ellipsis-note\">App\\Model</span><span class=\"sf-dump-ellipsis sf-dump-ellipsis-note\">\\</span>Property</span> {<a class=sf-dump-ref>#1541</a> &hellip;30}
      <span class=sf-dump-index>6</span> => <span class=sf-dump-note title=\"App\\Model\\Property
\"><span class=\"sf-dump-ellipsis sf-dump-ellipsis-note\">App\\Model</span><span class=\"sf-dump-ellipsis sf-dump-ellipsis-note\">\\</span>Property</span> {<a class=sf-dump-ref>#1542</a> &hellip;30}
      <span class=sf-dump-index>7</span> => <span class=sf-dump-note title=\"App\\Model\\Property
\"><span class=\"sf-dump-ellipsis sf-dump-ellipsis-note\">App\\Model</span><span class=\"sf-dump-ellipsis sf-dump-ellipsis-note\">\\</span>Property</span> {<a class=sf-dump-ref>#1543</a> &hellip;30}
      <span class=sf-dump-index>8</span> => <span class=sf-dump-note title=\"App\\Model\\Property
\"><span class=\"sf-dump-ellipsis sf-dump-ellipsis-note\">App\\Model</span><span class=\"sf-dump-ellipsis sf-dump-ellipsis-note\">\\</span>Property</span> {<a class=sf-dump-ref>#1544</a> &hellip;30}
      <span class=sf-dump-index>9</span> => <span class=sf-dump-note title=\"App\\Model\\Property
\"><span class=\"sf-dump-ellipsis sf-dump-ellipsis-note\">App\\Model</span><span class=\"sf-dump-ellipsis sf-dump-ellipsis-note\">\\</span>Property</span> {<a class=sf-dump-ref>#1545</a> &hellip;30}
      <span class=sf-dump-index>10</span> => <span class=sf-dump-note title=\"App\\Model\\Property
\"><span class=\"sf-dump-ellipsis sf-dump-ellipsis-note\">App\\Model</span><span class=\"sf-dump-ellipsis sf-dump-ellipsis-note\">\\</span>Property</span> {<a class=sf-dump-ref>#1546</a> &hellip;30}
      <span class=sf-dump-index>11</span> => <span class=sf-dump-note title=\"App\\Model\\Property
\"><span class=\"sf-dump-ellipsis sf-dump-ellipsis-note\">App\\Model</span><span class=\"sf-dump-ellipsis sf-dump-ellipsis-note\">\\</span>Property</span> {<a class=sf-dump-ref>#1547</a> &hellip;30}
    </samp>]
    #<span class=sf-dump-protected title=\"Protected property\">escapeWhenCastingToString</span>: <span class=sf-dump-const>false</span>
  </samp>}
  #<span class=sf-dump-protected title=\"Protected property\">perPage</span>: \"<span class=sf-dump-str title=\"2 characters\">12</span>\"
  #<span class=sf-dump-protected title=\"Protected property\">currentPage</span>: <span class=sf-dump-num>42</span>
  #<span class=sf-dump-protected title=\"Protected property\">path</span>: \"<span class=sf-dump-str title=\"39 characters\">https://www.revoy.com.au/new-homes.html</span>\"
  #<span class=sf-dump-protected title=\"Protected property\">query</span>: []
  #<span class=sf-dump-protected title=\"Protected property\">fragment</span>: <span class=sf-dump-const>null</span>
  #<span class=sf-dump-protected title=\"Protected property\">pageName</span>: \"<span class=sf-dump-str title=\"4 characters\">page</span>\"
  +<span class=sf-dump-public title=\"Public property\">onEachSide</span>: <span class=sf-dump-num>3</span>
  #<span class=sf-dump-protected title=\"Protected property\">options</span>: <span class=sf-dump-note>array:2</span> [<samp data-depth=2 class=sf-dump-compact>
    \"<span class=sf-dump-key>path</span>\" => \"<span class=sf-dump-str title=\"39 characters\">https://www.revoy.com.au/new-homes.html</span>\"
    \"<span class=sf-dump-key>pageName</span>\" => \"<span class=sf-dump-str title=\"4 characters\">page</span>\"
  </samp>]
</samp>}
</pre><script>Sfdump(\"sf-dump-1024010118\", {\"maxDepth\":3,\"maxStringLength\":160})</script>
","widget_dp":"<pre class=sf-dump id=sf-dump-1211329282 data-indent-pad=\"  \"><span class=sf-dump-note>array:1</span> [<samp data-depth=1 class=sf-dump-expanded>
  <span class=sf-dump-index>0</span> => <span class=sf-dump-note>array:16</span> [<samp data-depth=2 class=sf-dump-compact>
    \"<span class=sf-dump-key>id</span>\" => <span class=sf-dump-num>4</span>
    \"<span class=sf-dump-key>banner_type</span>\" => <span class=sf-dump-num>1</span>
    \"<span class=sf-dump-key>name</span>\" => \"<span class=sf-dump-str title=\"21 characters\">Ready to get started?</span>\"
    \"<span class=sf-dump-key>page_name</span>\" => \"<span class=sf-dump-str title=\"17 characters\">Buy , Rent , Sold</span>\"
    \"<span class=sf-dump-key>tag_line</span>\" => <span class=sf-dump-const>null</span>
    \"<span class=sf-dump-key>sub_title</span>\" => <span class=sf-dump-const>null</span>
    \"<span class=sf-dump-key>button_text</span>\" => \"<span class=sf-dump-str title=\"19 characters\">Get a Free Estimate</span>\"
    \"<span class=sf-dump-key>link</span>\" => \"<span class=sf-dump-str title=\"18 characters\">free-estimate.html</span>\"
    \"<span class=sf-dump-key>button_text_2</span>\" => \"<span class=sf-dump-str title=\"12 characters\">1300 702 738</span>\"
    \"<span class=sf-dump-key>link_2</span>\" => \"<span class=sf-dump-str title=\"15 characters\">tel:+1300702738</span>\"
    \"<span class=sf-dump-key>image</span>\" => \"<span class=sf-dump-str title=\"17 characters\">675409f8dce5d.jpg</span>\"
    \"<span class=sf-dump-key>detail</span>\" => \"<span class=sf-dump-str title=\"111 characters\">Talk to our of our Friendly Qualified Real-estate Agents to Organize your Free Property Market Valuation&nbsp;Report</span>\"
    \"<span class=sf-dump-key>sort_order</span>\" => \"<span class=sf-dump-str>1</span>\"
    \"<span class=sf-dump-key>status</span>\" => \"<span class=sf-dump-str title=\"3 characters\">Yes</span>\"
    \"<span class=sf-dump-key>created_at</span>\" => \"<span class=sf-dump-str title=\"27 characters\">2024-12-07T14:40:24.000000Z</span>\"
    \"<span class=sf-dump-key>updated_at</span>\" => \"<span class=sf-dump-str title=\"27 characters\">2025-06-18T04:50:16.000000Z</span>\"
  </samp>]
</samp>]
</pre><script>Sfdump(\"sf-dump-1211329282\", {\"maxDepth\":3,\"maxStringLength\":160})</script>
","widget_new_dp":"<pre class=sf-dump id=sf-dump-2004521995 data-indent-pad=\"  \"><span class=sf-dump-note>array:1</span> [<samp data-depth=1 class=sf-dump-expanded>
  <span class=sf-dump-index>0</span> => <span class=sf-dump-note>array:16</span> [<samp data-depth=2 class=sf-dump-compact>
    \"<span class=sf-dump-key>id</span>\" => <span class=sf-dump-num>5</span>
    \"<span class=sf-dump-key>banner_type</span>\" => <span class=sf-dump-num>1</span>
    \"<span class=sf-dump-key>name</span>\" => \"<span class=sf-dump-str title=\"30 characters\">Explore your home loan options</span>\"
    \"<span class=sf-dump-key>page_name</span>\" => \"<span class=sf-dump-str title=\"17 characters\">Buy , Rent , Sold</span>\"
    \"<span class=sf-dump-key>tag_line</span>\" => <span class=sf-dump-const>null</span>
    \"<span class=sf-dump-key>sub_title</span>\" => <span class=sf-dump-const>null</span>
    \"<span class=sf-dump-key>button_text</span>\" => \"<span class=sf-dump-str title=\"13 characters\">Compare Loans</span>\"
    \"<span class=sf-dump-key>link</span>\" => \"<span class=sf-dump-str title=\"15 characters\">home-loans.html</span>\"
    \"<span class=sf-dump-key>button_text_2</span>\" => <span class=sf-dump-const>null</span>
    \"<span class=sf-dump-key>link_2</span>\" => <span class=sf-dump-const>null</span>
    \"<span class=sf-dump-key>image</span>\" => \"<span class=sf-dump-str title=\"17 characters\">676543fc1e097.jpg</span>\"
    \"<span class=sf-dump-key>detail</span>\" => <span class=sf-dump-const>null</span>
    \"<span class=sf-dump-key>sort_order</span>\" => \"<span class=sf-dump-str>1</span>\"
    \"<span class=sf-dump-key>status</span>\" => \"<span class=sf-dump-str title=\"3 characters\">Yes</span>\"
    \"<span class=sf-dump-key>created_at</span>\" => \"<span class=sf-dump-str title=\"27 characters\">2024-12-16T11:54:27.000000Z</span>\"
    \"<span class=sf-dump-key>updated_at</span>\" => \"<span class=sf-dump-str title=\"27 characters\">2025-02-27T15:46:45.000000Z</span>\"
  </samp>]
</samp>]
</pre><script>Sfdump(\"sf-dump-2004521995\", {\"maxDepth\":3,\"maxStringLength\":160})</script>
","result":"<pre class=sf-dump id=sf-dump-1099548945 data-indent-pad=\"  \"><span class=sf-dump-note>Illuminate\\Pagination\\LengthAwarePaginator</span> {<a class=sf-dump-ref>#1526</a><samp data-depth=1 class=sf-dump-expanded>
  #<span class=sf-dump-protected title=\"Protected property\">total</span>: <span class=sf-dump-num>520</span>
  #<span class=sf-dump-protected title=\"Protected property\">lastPage</span>: <span class=sf-dump-num>44</span>
  #<span class=sf-dump-protected title=\"Protected property\">items</span>: <span class=sf-dump-note title=\"Illuminate\\Database\\Eloquent\\Collection
\"><span class=\"sf-dump-ellipsis sf-dump-ellipsis-note\">Illuminate\\Database\\Eloquent</span><span class=\"sf-dump-ellipsis sf-dump-ellipsis-note\">\\</span>Collection</span> {<a class=sf-dump-ref>#1535</a><samp data-depth=2 class=sf-dump-compact>
    #<span class=sf-dump-protected title=\"Protected property\">items</span>: <span class=sf-dump-note>array:12</span> [<samp data-depth=3 class=sf-dump-compact>
      <span class=sf-dump-index>0</span> => <span class=sf-dump-note title=\"App\\Model\\Property
\"><span class=\"sf-dump-ellipsis sf-dump-ellipsis-note\">App\\Model</span><span class=\"sf-dump-ellipsis sf-dump-ellipsis-note\">\\</span>Property</span> {<a class=sf-dump-ref>#1536</a> &hellip;30}
      <span class=sf-dump-index>1</span> => <span class=sf-dump-note title=\"App\\Model\\Property
\"><span class=\"sf-dump-ellipsis sf-dump-ellipsis-note\">App\\Model</span><span class=\"sf-dump-ellipsis sf-dump-ellipsis-note\">\\</span>Property</span> {<a class=sf-dump-ref>#1537</a> &hellip;30}
      <span class=sf-dump-index>2</span> => <span class=sf-dump-note title=\"App\\Model\\Property
\"><span class=\"sf-dump-ellipsis sf-dump-ellipsis-note\">App\\Model</span><span class=\"sf-dump-ellipsis sf-dump-ellipsis-note\">\\</span>Property</span> {<a class=sf-dump-ref>#1538</a> &hellip;30}
      <span class=sf-dump-index>3</span> => <span class=sf-dump-note title=\"App\\Model\\Property
\"><span class=\"sf-dump-ellipsis sf-dump-ellipsis-note\">App\\Model</span><span class=\"sf-dump-ellipsis sf-dump-ellipsis-note\">\\</span>Property</span> {<a class=sf-dump-ref>#1539</a> &hellip;30}
      <span class=sf-dump-index>4</span> => <span class=sf-dump-note title=\"App\\Model\\Property
\"><span class=\"sf-dump-ellipsis sf-dump-ellipsis-note\">App\\Model</span><span class=\"sf-dump-ellipsis sf-dump-ellipsis-note\">\\</span>Property</span> {<a class=sf-dump-ref>#1540</a> &hellip;30}
      <span class=sf-dump-index>5</span> => <span class=sf-dump-note title=\"App\\Model\\Property
\"><span class=\"sf-dump-ellipsis sf-dump-ellipsis-note\">App\\Model</span><span class=\"sf-dump-ellipsis sf-dump-ellipsis-note\">\\</span>Property</span> {<a class=sf-dump-ref>#1541</a> &hellip;30}
      <span class=sf-dump-index>6</span> => <span class=sf-dump-note title=\"App\\Model\\Property
\"><span class=\"sf-dump-ellipsis sf-dump-ellipsis-note\">App\\Model</span><span class=\"sf-dump-ellipsis sf-dump-ellipsis-note\">\\</span>Property</span> {<a class=sf-dump-ref>#1542</a> &hellip;30}
      <span class=sf-dump-index>7</span> => <span class=sf-dump-note title=\"App\\Model\\Property
\"><span class=\"sf-dump-ellipsis sf-dump-ellipsis-note\">App\\Model</span><span class=\"sf-dump-ellipsis sf-dump-ellipsis-note\">\\</span>Property</span> {<a class=sf-dump-ref>#1543</a> &hellip;30}
      <span class=sf-dump-index>8</span> => <span class=sf-dump-note title=\"App\\Model\\Property
\"><span class=\"sf-dump-ellipsis sf-dump-ellipsis-note\">App\\Model</span><span class=\"sf-dump-ellipsis sf-dump-ellipsis-note\">\\</span>Property</span> {<a class=sf-dump-ref>#1544</a> &hellip;30}
      <span class=sf-dump-index>9</span> => <span class=sf-dump-note title=\"App\\Model\\Property
\"><span class=\"sf-dump-ellipsis sf-dump-ellipsis-note\">App\\Model</span><span class=\"sf-dump-ellipsis sf-dump-ellipsis-note\">\\</span>Property</span> {<a class=sf-dump-ref>#1545</a> &hellip;30}
      <span class=sf-dump-index>10</span> => <span class=sf-dump-note title=\"App\\Model\\Property
\"><span class=\"sf-dump-ellipsis sf-dump-ellipsis-note\">App\\Model</span><span class=\"sf-dump-ellipsis sf-dump-ellipsis-note\">\\</span>Property</span> {<a class=sf-dump-ref>#1546</a> &hellip;30}
      <span class=sf-dump-index>11</span> => <span class=sf-dump-note title=\"App\\Model\\Property
\"><span class=\"sf-dump-ellipsis sf-dump-ellipsis-note\">App\\Model</span><span class=\"sf-dump-ellipsis sf-dump-ellipsis-note\">\\</span>Property</span> {<a class=sf-dump-ref>#1547</a> &hellip;30}
    </samp>]
    #<span class=sf-dump-protected title=\"Protected property\">escapeWhenCastingToString</span>: <span class=sf-dump-const>false</span>
  </samp>}
  #<span class=sf-dump-protected title=\"Protected property\">perPage</span>: \"<span class=sf-dump-str title=\"2 characters\">12</span>\"
  #<span class=sf-dump-protected title=\"Protected property\">currentPage</span>: <span class=sf-dump-num>42</span>
  #<span class=sf-dump-protected title=\"Protected property\">path</span>: \"<span class=sf-dump-str title=\"39 characters\">https://www.revoy.com.au/new-homes.html</span>\"
  #<span class=sf-dump-protected title=\"Protected property\">query</span>: []
  #<span class=sf-dump-protected title=\"Protected property\">fragment</span>: <span class=sf-dump-const>null</span>
  #<span class=sf-dump-protected title=\"Protected property\">pageName</span>: \"<span class=sf-dump-str title=\"4 characters\">page</span>\"
  +<span class=sf-dump-public title=\"Public property\">onEachSide</span>: <span class=sf-dump-num>3</span>
  #<span class=sf-dump-protected title=\"Protected property\">options</span>: <span class=sf-dump-note>array:2</span> [<samp data-depth=2 class=sf-dump-compact>
    \"<span class=sf-dump-key>path</span>\" => \"<span class=sf-dump-str title=\"39 characters\">https://www.revoy.com.au/new-homes.html</span>\"
    \"<span class=sf-dump-key>pageName</span>\" => \"<span class=sf-dump-str title=\"4 characters\">page</span>\"
  </samp>]
</samp>}
</pre><script>Sfdump(\"sf-dump-1099548945\", {\"maxDepth\":3,\"maxStringLength\":160})</script>
","show_wp_button":"<pre class=sf-dump id=sf-dump-31952295 data-indent-pad=\"  \">\"<span class=sf-dump-str title=\"3 characters\">Yes</span>\"
</pre><script>Sfdump(\"sf-dump-31952295\", {\"maxDepth\":3,\"maxStringLength\":160})</script>
","whats_app_number":"<pre class=sf-dump id=sf-dump-1325732494 data-indent-pad=\"  \">\"<span class=sf-dump-str title=\"12 characters\">+61494381040</span>\"
</pre><script>Sfdump(\"sf-dump-1325732494\", {\"maxDepth\":3,\"maxStringLength\":160})</script>
","row_p":"<pre class=sf-dump id=sf-dump-720899808 data-indent-pad=\"  \"><span class=sf-dump-note>App\\Model\\Property</span> {<a class=sf-dump-ref>#1536</a><samp data-depth=1 class=sf-dump-expanded>
  #<span class=sf-dump-protected title=\"Protected property\">table</span>: \"<span class=sf-dump-str title=\"12 characters\">tbl_property</span>\"
  #<span class=sf-dump-protected title=\"Protected property\">connection</span>: \"<span class=sf-dump-str title=\"5 characters\">mysql</span>\"
  #<span class=sf-dump-protected title=\"Protected property\">primaryKey</span>: \"<span class=sf-dump-str title=\"2 characters\">id</span>\"
  #<span class=sf-dump-protected title=\"Protected property\">keyType</span>: \"<span class=sf-dump-str title=\"3 characters\">int</span>\"
  +<span class=sf-dump-public title=\"Public property\">incrementing</span>: <span class=sf-dump-const>true</span>
  #<span class=sf-dump-protected title=\"Protected property\">with</span>: []
  #<span class=sf-dump-protected title=\"Protected property\">withCount</span>: []
  +<span class=sf-dump-public title=\"Public property\">preventsLazyLoading</span>: <span class=sf-dump-const>false</span>
  #<span class=sf-dump-protected title=\"Protected property\">perPage</span>: <span class=sf-dump-num>15</span>
  +<span class=sf-dump-public title=\"Public property\">exists</span>: <span class=sf-dump-const>true</span>
  +<span class=sf-dump-public title=\"Public property\">wasRecentlyCreated</span>: <span class=sf-dump-const>false</span>
  #<span class=sf-dump-protected title=\"Protected property\">escapeWhenCastingToString</span>: <span class=sf-dump-const>false</span>
  #<span class=sf-dump-protected title=\"Protected property\">attributes</span>: <span class=sf-dump-note>array:82</span> [<samp data-depth=2 class=sf-dump-compact>
    \"<span class=sf-dump-key>id</span>\" => <span class=sf-dump-num>72</span>
    \"<span class=sf-dump-key>property_id</span>\" => <span class=sf-dump-num>0</span>
    \"<span class=sf-dump-key>user_id</span>\" => <span class=sf-dump-num>50</span>
    \"<span class=sf-dump-key>agency_id</span>\" => <span class=sf-dump-num>0</span>
    \"<span class=sf-dump-key>assestant_user_id</span>\" => <span class=sf-dump-const>null</span>
    \"<span class=sf-dump-key>show_assestant_user</span>\" => <span class=sf-dump-num>0</span>
    \"<span class=sf-dump-key>category_id</span>\" => <span class=sf-dump-num>1</span>
    \"<span class=sf-dump-key>status_id</span>\" => <span class=sf-dump-num>0</span>
    \"<span class=sf-dump-key>package_id</span>\" => <span class=sf-dump-num>2</span>
    \"<span class=sf-dump-key>display_start_date</span>\" => <span class=sf-dump-const>null</span>
    \"<span class=sf-dump-key>display_end_date</span>\" => <span class=sf-dump-const>null</span>
    \"<span class=sf-dump-key>package_name</span>\" => \"<span class=sf-dump-str title=\"5 characters\">Elite</span>\"
    \"<span class=sf-dump-key>property_type_id</span>\" => <span class=sf-dump-num>2</span>
    \"<span class=sf-dump-key>property_status_type</span>\" => \"<span class=sf-dump-str title=\"16 characters\">New Construction</span>\"
    \"<span class=sf-dump-key>property_authority</span>\" => \"<span class=sf-dump-str>2</span>\"
    \"<span class=sf-dump-key>name</span>\" => \"<span class=sf-dump-str title=\"36 characters\">Smart Designs for Modern Family Life</span>\"
    \"<span class=sf-dump-key>slug</span>\" => \"<span class=sf-dump-str title=\"36 characters\">smart-designs-for-modern-family-life</span>\"
    \"<span class=sf-dump-key>price</span>\" => \"<span class=sf-dump-str title=\"10 characters\">1725000.00</span>\"
    \"<span class=sf-dump-key>min_price</span>\" => \"<span class=sf-dump-str title=\"13 characters\">Contact Agent</span>\"
    \"<span class=sf-dump-key>max_price</span>\" => \"<span class=sf-dump-str title=\"4 characters\">0.00</span>\"
    \"<span class=sf-dump-key>show_price</span>\" => \"<span class=sf-dump-str>0</span>\"
    \"<span class=sf-dump-key>hide_price_show_contact_agent</span>\" => <span class=sf-dump-num>0</span>
    \"<span class=sf-dump-key>image</span>\" => \"<span class=sf-dump-str title=\"14 characters\">91670_main.jpg</span>\"
    \"<span class=sf-dump-key>floorplan</span>\" => <span class=sf-dump-const>null</span>
    \"<span class=sf-dump-key>statement_information</span>\" => <span class=sf-dump-const>null</span>
    \"<span class=sf-dump-key>front_page_image</span>\" => <span class=sf-dump-const>null</span>
    \"<span class=sf-dump-key>video_url</span>\" => <span class=sf-dump-const>null</span>
    \"<span class=sf-dump-key>banner</span>\" => <span class=sf-dump-const>null</span>
    \"<span class=sf-dump-key>is_featured</span>\" => \"<span class=sf-dump-str title=\"2 characters\">No</span>\"
    \"<span class=sf-dump-key>is_new</span>\" => \"<span class=sf-dump-str title=\"3 characters\">Yes</span>\"
    \"<span class=sf-dump-key>sort_order</span>\" => <span class=sf-dump-num>1</span>
    \"<span class=sf-dump-key>short_contents</span>\" => <span class=sf-dump-const>null</span>
    \"<span class=sf-dump-key>full_contents</span>\" => \"\"\"
      <span class=sf-dump-str title=\"1124 characters\">Lot 1 <span class=\"sf-dump-default sf-dump-ns\">\\
</span></span>
      <span class=sf-dump-str title=\"1124 characters\">Layout: 4 Bed | 3 Bath | 2 Car | 159 sqm Floor area<span class=\"sf-dump-default sf-dump-ns\">\\
</span></span>
      <span class=sf-dump-str title=\"1124 characters\"><span class=\"sf-dump-default sf-dump-ns\">\\
</span></span>
      <span class=sf-dump-str title=\"1124 characters\">Property Highlights<span class=\"sf-dump-default sf-dump-ns\">\\
</span></span>
      <span class=sf-dump-str title=\"1124 characters\">* Spacious Open-Plan Living: Herringbone parquet laminate flooring in the main areas and bedrooms, with carpet on the stairs for added comfort.<span class=\"sf-dump-default sf-dump-ns\">\\
</span></span>
      <span class=sf-dump-str title=\"1124 characters\">Modern Kitchen: Equipped with SMEG premium appliances, including an oven, microwave, and dishwasher. The kitchen island features natural Italian<span class=\"sf-dump-default sf-dump-ns\">\\
</span></span>
      <span class=sf-dump-str title=\"1124 characters\">marble for a luxurious touch.<span class=\"sf-dump-default sf-dump-ns\">\\
</span></span>
      <span class=sf-dump-str title=\"1124 characters\">* Thoughtful Lighting Design: 35 warm LED downlights throughout the home create a bright and cozy atmosphere, complemented by exterior sensor lights<span class=\"sf-dump-default sf-dump-ns\">\\
</span></span>
      <span class=sf-dump-str title=\"1124 characters\">in sleek black designs.<span class=\"sf-dump-default sf-dump-ns\">\\
</span></span>
      <span class=sf-dump-str title=\"1124 characters\">* Elegant Details: USB-compatible switches and power outlets, matte black hardware throughout, enhancing the overall sophistication of the home.<span class=\"sf-dump-default sf-dump-ns\">\\
</span></span>
      <span class=sf-dump-str title=\"1124 characters\">Property Highlights<span class=\"sf-dump-default sf-dump-ns\">\\
</span></span>
      <span class=sf-dump-str title=\"1124 characters\">* Air Conditioning System: Split heating and cooling air conditioners ensure year-round comfort.<span class=\"sf-dump-default sf-dump-ns\">\\
</span></span>
      <span class=sf-dump-str title=\"1124 characters\"><span class=\"sf-dump-default sf-dump-ns\">\\
</span></span>
      <span class=sf-dump-str title=\"1124 characters\">Public School Zone:<span class=\"sf-dump-default sf-dump-ns\">\\
</span></span>
      <span class=sf-dump-str title=\"1124 characters\">Alphington Primary School | 1.2km<span class=\"sf-dump-default sf-dump-ns\">\\
</span></span>
      <span class=sf-dump-str title=\"1124 characters\">Thornbury High School&#65372;4.4km<span class=\"sf-dump-default sf-dump-ns\">\\
</span></span>
      <span class=sf-dump-str title=\"1124 characters\"><span class=\"sf-dump-default sf-dump-ns\">\\
</span></span>
      <span class=sf-dump-str title=\"1124 characters\">Transport&#65306;<span class=\"sf-dump-default sf-dump-ns\">\\
</span></span>
      <span class=sf-dump-str title=\"1124 characters\">Convenient Living Area Darebin railway station &#65372; 400m<span class=\"sf-dump-default sf-dump-ns\">\\
</span></span>
      <span class=sf-dump-str title=\"1124 characters\">Darebin Bus Station &#65372; 100m<span class=\"sf-dump-default sf-dump-ns\">\\
</span></span>
      <span class=sf-dump-str title=\"1124 characters\"><span class=\"sf-dump-default sf-dump-ns\">\\
</span></span>
      <span class=sf-dump-str title=\"1124 characters\">Lifestyle&#65306;<span class=\"sf-dump-default sf-dump-ns\">\\
</span></span>
      <span class=sf-dump-str title=\"1124 characters\">Sparks Park &#65372; 300m<span class=\"sf-dump-default sf-dump-ns\">\\
</span></span>
      <span class=sf-dump-str title=\"1124 characters\">Alphington Agricultural Market &#65372; 1.3km<span class=\"sf-dump-default sf-dump-ns\">\\
</span></span>
      <span class=sf-dump-str title=\"1124 characters\">Ivanhoe Plaza &#65372; 950m</span>
      \"\"\"
    \"<span class=sf-dump-key>status</span>\" => \"<span class=sf-dump-str title=\"3 characters\">Yes</span>\"
    \"<span class=sf-dump-key>admin_status</span>\" => \"<span class=sf-dump-str title=\"3 characters\">Yes</span>\"
    \"<span class=sf-dump-key>vendor_name</span>\" => \"<span class=sf-dump-str title=\"3 characters\">zim</span>\"
    \"<span class=sf-dump-key>vendor_email</span>\" => \"<span class=sf-dump-str title=\"19 characters\">zimroy689@gmail.com</span>\"
    \"<span class=sf-dump-key>vendor_phone</span>\" => \"<span class=sf-dump-str title=\"10 characters\">0430883278</span>\"
    \"<span class=sf-dump-key>send_public_mail_to_vender</span>\" => <span class=sf-dump-num>1</span>
    \"<span class=sf-dump-key>send_weekly_mail_to_vender</span>\" => <span class=sf-dump-num>0</span>
    \"<span class=sf-dump-key>address_unit</span>\" => <span class=sf-dump-const>null</span>
    \"<span class=sf-dump-key>street_address</span>\" => \"<span class=sf-dump-str title=\"18 characters\">1012 Heidelberg Rd</span>\"
    \"<span class=sf-dump-key>suburb</span>\" => \"<span class=sf-dump-str title=\"7 characters\">Ivanhoe</span>\"
    \"<span class=sf-dump-key>postcode</span>\" => \"<span class=sf-dump-str title=\"4 characters\">3079</span>\"
    \"<span class=sf-dump-key>state_id</span>\" => <span class=sf-dump-num>2</span>
    \"<span class=sf-dump-key>municipality</span>\" => <span class=sf-dump-const>null</span>
    \"<span class=sf-dump-key>hide_street_address</span>\" => <span class=sf-dump-num>1</span>
    \"<span class=sf-dump-key>hide_street_view</span>\" => <span class=sf-dump-num>0</span>
    \"<span class=sf-dump-key>auction_result</span>\" => \"<span class=sf-dump-str title=\"16 characters\">To be determined</span>\"
    \"<span class=sf-dump-key>maximum_bid</span>\" => \"<span class=sf-dump-str title=\"4 characters\">0.00</span>\"
    \"<span class=sf-dump-key>bedrooms</span>\" => \"<span class=sf-dump-str>4</span>\"
    \"<span class=sf-dump-key>bathrooms</span>\" => <span class=sf-dump-num>3</span>
    \"<span class=sf-dump-key>ensuites</span>\" => <span class=sf-dump-num>0</span>
    \"<span class=sf-dump-key>toilets</span>\" => <span class=sf-dump-num>0</span>
    \"<span class=sf-dump-key>garage_spaces</span>\" => <span class=sf-dump-num>1</span>
    \"<span class=sf-dump-key>carport_spaces</span>\" => <span class=sf-dump-num>0</span>
    \"<span class=sf-dump-key>popen_spaces</span>\" => <span class=sf-dump-num>0</span>
    \"<span class=sf-dump-key>living_areas</span>\" => <span class=sf-dump-const>null</span>
    \"<span class=sf-dump-key>house_size</span>\" => <span class=sf-dump-const>null</span>
    \"<span class=sf-dump-key>house_size_unit</span>\" => \"<span class=sf-dump-str title=\"7 characters\">Squares</span>\"
    \"<span class=sf-dump-key>land_size</span>\" => \"<span class=sf-dump-str title=\"3 characters\">159</span>\"
    \"<span class=sf-dump-key>land_size_unit</span>\" => \"<span class=sf-dump-str title=\"12 characters\">quare metres</span>\"
    \"<span class=sf-dump-key>energy_efficiency_rating</span>\" => <span class=sf-dump-const>null</span>
    \"<span class=sf-dump-key>outdoor_features</span>\" => \"<span class=sf-dump-str title=\"74 characters\">Balcony,Ensuite,Fully Fenced,Outdoor Entertainment Area,Undercover parking</span>\"
    \"<span class=sf-dump-key>indoor_features</span>\" => \"<span class=sf-dump-str title=\"10 characters\">Dishwasher</span>\"
    \"<span class=sf-dump-key>heating_cooling</span>\" => \"<span class=sf-dump-str title=\"5 characters\">A / C</span>\"
    \"<span class=sf-dump-key>eco_friendly_features</span>\" => \"\"
    \"<span class=sf-dump-key>other_features</span>\" => <span class=sf-dump-const>null</span>
    \"<span class=sf-dump-key>published_date</span>\" => \"<span class=sf-dump-str title=\"10 characters\">2025-05-15</span>\"
    \"<span class=sf-dump-key>map_link_url</span>\" => <span class=sf-dump-const>null</span>
    \"<span class=sf-dump-key>latitude</span>\" => \"<span class=sf-dump-str title=\"11 characters\">-37.7758165</span>\"
    \"<span class=sf-dump-key>longitude</span>\" => \"<span class=sf-dump-str title=\"11 characters\">145.0390471</span>\"
    \"<span class=sf-dump-key>sold_date</span>\" => <span class=sf-dump-const>null</span>
    \"<span class=sf-dump-key>sold_price</span>\" => <span class=sf-dump-const>null</span>
    \"<span class=sf-dump-key>auction_date</span>\" => <span class=sf-dump-const>null</span>
    \"<span class=sf-dump-key>auction_time</span>\" => <span class=sf-dump-const>null</span>
    \"<span class=sf-dump-key>auction_location</span>\" => <span class=sf-dump-const>null</span>
    \"<span class=sf-dump-key>underContract</span>\" => \"<span class=sf-dump-str>0</span>\"
    \"<span class=sf-dump-key>leased_date</span>\" => <span class=sf-dump-const>null</span>
    \"<span class=sf-dump-key>bond</span>\" => <span class=sf-dump-const>null</span>
    \"<span class=sf-dump-key>created_at</span>\" => \"<span class=sf-dump-str title=\"19 characters\">2025-05-15 06:58:44</span>\"
    \"<span class=sf-dump-key>updated_at</span>\" => \"<span class=sf-dump-str title=\"19 characters\">2025-08-26 12:51:43</span>\"
  </samp>]
  #<span class=sf-dump-protected title=\"Protected property\">original</span>: <span class=sf-dump-note>array:82</span> [<samp data-depth=2 class=sf-dump-compact>
    \"<span class=sf-dump-key>id</span>\" => <span class=sf-dump-num>72</span>
    \"<span class=sf-dump-key>property_id</span>\" => <span class=sf-dump-num>0</span>
    \"<span class=sf-dump-key>user_id</span>\" => <span class=sf-dump-num>50</span>
    \"<span class=sf-dump-key>agency_id</span>\" => <span class=sf-dump-num>0</span>
    \"<span class=sf-dump-key>assestant_user_id</span>\" => <span class=sf-dump-const>null</span>
    \"<span class=sf-dump-key>show_assestant_user</span>\" => <span class=sf-dump-num>0</span>
    \"<span class=sf-dump-key>category_id</span>\" => <span class=sf-dump-num>1</span>
    \"<span class=sf-dump-key>status_id</span>\" => <span class=sf-dump-num>0</span>
    \"<span class=sf-dump-key>package_id</span>\" => <span class=sf-dump-num>3</span>
    \"<span class=sf-dump-key>display_start_date</span>\" => <span class=sf-dump-const>null</span>
    \"<span class=sf-dump-key>display_end_date</span>\" => <span class=sf-dump-const>null</span>
    \"<span class=sf-dump-key>package_name</span>\" => \"<span class=sf-dump-str title=\"5 characters\">Elite</span>\"
    \"<span class=sf-dump-key>property_type_id</span>\" => <span class=sf-dump-num>2</span>
    \"<span class=sf-dump-key>property_status_type</span>\" => \"<span class=sf-dump-str title=\"16 characters\">New Construction</span>\"
    \"<span class=sf-dump-key>property_authority</span>\" => \"<span class=sf-dump-str>2</span>\"
    \"<span class=sf-dump-key>name</span>\" => \"<span class=sf-dump-str title=\"36 characters\">Smart Designs for Modern Family Life</span>\"
    \"<span class=sf-dump-key>slug</span>\" => \"<span class=sf-dump-str title=\"36 characters\">smart-designs-for-modern-family-life</span>\"
    \"<span class=sf-dump-key>price</span>\" => \"<span class=sf-dump-str title=\"10 characters\">1725000.00</span>\"
    \"<span class=sf-dump-key>min_price</span>\" => \"<span class=sf-dump-str title=\"13 characters\">Contact Agent</span>\"
    \"<span class=sf-dump-key>max_price</span>\" => \"<span class=sf-dump-str title=\"4 characters\">0.00</span>\"
    \"<span class=sf-dump-key>show_price</span>\" => \"<span class=sf-dump-str>0</span>\"
    \"<span class=sf-dump-key>hide_price_show_contact_agent</span>\" => <span class=sf-dump-num>0</span>
    \"<span class=sf-dump-key>image</span>\" => \"<span class=sf-dump-str title=\"14 characters\">91670_main.jpg</span>\"
    \"<span class=sf-dump-key>floorplan</span>\" => <span class=sf-dump-const>null</span>
    \"<span class=sf-dump-key>statement_information</span>\" => <span class=sf-dump-const>null</span>
    \"<span class=sf-dump-key>front_page_image</span>\" => <span class=sf-dump-const>null</span>
    \"<span class=sf-dump-key>video_url</span>\" => <span class=sf-dump-const>null</span>
    \"<span class=sf-dump-key>banner</span>\" => <span class=sf-dump-const>null</span>
    \"<span class=sf-dump-key>is_featured</span>\" => \"<span class=sf-dump-str title=\"2 characters\">No</span>\"
    \"<span class=sf-dump-key>is_new</span>\" => \"<span class=sf-dump-str title=\"3 characters\">Yes</span>\"
    \"<span class=sf-dump-key>sort_order</span>\" => <span class=sf-dump-num>1</span>
    \"<span class=sf-dump-key>short_contents</span>\" => <span class=sf-dump-const>null</span>
    \"<span class=sf-dump-key>full_contents</span>\" => \"\"\"
      <span class=sf-dump-str title=\"1124 characters\">Lot 1 <span class=\"sf-dump-default sf-dump-ns\">\\
</span></span>
      <span class=sf-dump-str title=\"1124 characters\">Layout: 4 Bed | 3 Bath | 2 Car | 159 sqm Floor area<span class=\"sf-dump-default sf-dump-ns\">\\
</span></span>
      <span class=sf-dump-str title=\"1124 characters\"><span class=\"sf-dump-default sf-dump-ns\">\\
</span></span>
      <span class=sf-dump-str title=\"1124 characters\">Property Highlights<span class=\"sf-dump-default sf-dump-ns\">\\
</span></span>
      <span class=sf-dump-str title=\"1124 characters\">* Spacious Open-Plan Living: Herringbone parquet laminate flooring in the main areas and bedrooms, with carpet on the stairs for added comfort.<span class=\"sf-dump-default sf-dump-ns\">\\
</span></span>
      <span class=sf-dump-str title=\"1124 characters\">Modern Kitchen: Equipped with SMEG premium appliances, including an oven, microwave, and dishwasher. The kitchen island features natural Italian<span class=\"sf-dump-default sf-dump-ns\">\\
</span></span>
      <span class=sf-dump-str title=\"1124 characters\">marble for a luxurious touch.<span class=\"sf-dump-default sf-dump-ns\">\\
</span></span>
      <span class=sf-dump-str title=\"1124 characters\">* Thoughtful Lighting Design: 35 warm LED downlights throughout the home create a bright and cozy atmosphere, complemented by exterior sensor lights<span class=\"sf-dump-default sf-dump-ns\">\\
</span></span>
      <span class=sf-dump-str title=\"1124 characters\">in sleek black designs.<span class=\"sf-dump-default sf-dump-ns\">\\
</span></span>
      <span class=sf-dump-str title=\"1124 characters\">* Elegant Details: USB-compatible switches and power outlets, matte black hardware throughout, enhancing the overall sophistication of the home.<span class=\"sf-dump-default sf-dump-ns\">\\
</span></span>
      <span class=sf-dump-str title=\"1124 characters\">Property Highlights<span class=\"sf-dump-default sf-dump-ns\">\\
</span></span>
      <span class=sf-dump-str title=\"1124 characters\">* Air Conditioning System: Split heating and cooling air conditioners ensure year-round comfort.<span class=\"sf-dump-default sf-dump-ns\">\\
</span></span>
      <span class=sf-dump-str title=\"1124 characters\"><span class=\"sf-dump-default sf-dump-ns\">\\
</span></span>
      <span class=sf-dump-str title=\"1124 characters\">Public School Zone:<span class=\"sf-dump-default sf-dump-ns\">\\
</span></span>
      <span class=sf-dump-str title=\"1124 characters\">Alphington Primary School | 1.2km<span class=\"sf-dump-default sf-dump-ns\">\\
</span></span>
      <span class=sf-dump-str title=\"1124 characters\">Thornbury High School&#65372;4.4km<span class=\"sf-dump-default sf-dump-ns\">\\
</span></span>
      <span class=sf-dump-str title=\"1124 characters\"><span class=\"sf-dump-default sf-dump-ns\">\\
</span></span>
      <span class=sf-dump-str title=\"1124 characters\">Transport&#65306;<span class=\"sf-dump-default sf-dump-ns\">\\
</span></span>
      <span class=sf-dump-str title=\"1124 characters\">Convenient Living Area Darebin railway station &#65372; 400m<span class=\"sf-dump-default sf-dump-ns\">\\
</span></span>
      <span class=sf-dump-str title=\"1124 characters\">Darebin Bus Station &#65372; 100m<span class=\"sf-dump-default sf-dump-ns\">\\
</span></span>
      <span class=sf-dump-str title=\"1124 characters\"><span class=\"sf-dump-default sf-dump-ns\">\\
</span></span>
      <span class=sf-dump-str title=\"1124 characters\">Lifestyle&#65306;<span class=\"sf-dump-default sf-dump-ns\">\\
</span></span>
      <span class=sf-dump-str title=\"1124 characters\">Sparks Park &#65372; 300m<span class=\"sf-dump-default sf-dump-ns\">\\
</span></span>
      <span class=sf-dump-str title=\"1124 characters\">Alphington Agricultural Market &#65372; 1.3km<span class=\"sf-dump-default sf-dump-ns\">\\
</span></span>
      <span class=sf-dump-str title=\"1124 characters\">Ivanhoe Plaza &#65372; 950m</span>
      \"\"\"
    \"<span class=sf-dump-key>status</span>\" => \"<span class=sf-dump-str title=\"3 characters\">Yes</span>\"
    \"<span class=sf-dump-key>admin_status</span>\" => \"<span class=sf-dump-str title=\"3 characters\">Yes</span>\"
    \"<span class=sf-dump-key>vendor_name</span>\" => \"<span class=sf-dump-str title=\"3 characters\">zim</span>\"
    \"<span class=sf-dump-key>vendor_email</span>\" => \"<span class=sf-dump-str title=\"19 characters\">zimroy689@gmail.com</span>\"
    \"<span class=sf-dump-key>vendor_phone</span>\" => \"<span class=sf-dump-str title=\"10 characters\">0430883278</span>\"
    \"<span class=sf-dump-key>send_public_mail_to_vender</span>\" => <span class=sf-dump-num>1</span>
    \"<span class=sf-dump-key>send_weekly_mail_to_vender</span>\" => <span class=sf-dump-num>0</span>
    \"<span class=sf-dump-key>address_unit</span>\" => <span class=sf-dump-const>null</span>
    \"<span class=sf-dump-key>street_address</span>\" => \"<span class=sf-dump-str title=\"18 characters\">1012 Heidelberg Rd</span>\"
    \"<span class=sf-dump-key>suburb</span>\" => \"<span class=sf-dump-str title=\"7 characters\">Ivanhoe</span>\"
    \"<span class=sf-dump-key>postcode</span>\" => \"<span class=sf-dump-str title=\"4 characters\">3079</span>\"
    \"<span class=sf-dump-key>state_id</span>\" => <span class=sf-dump-num>2</span>
    \"<span class=sf-dump-key>municipality</span>\" => <span class=sf-dump-const>null</span>
    \"<span class=sf-dump-key>hide_street_address</span>\" => <span class=sf-dump-num>1</span>
    \"<span class=sf-dump-key>hide_street_view</span>\" => <span class=sf-dump-num>0</span>
    \"<span class=sf-dump-key>auction_result</span>\" => \"<span class=sf-dump-str title=\"16 characters\">To be determined</span>\"
    \"<span class=sf-dump-key>maximum_bid</span>\" => \"<span class=sf-dump-str title=\"4 characters\">0.00</span>\"
    \"<span class=sf-dump-key>bedrooms</span>\" => \"<span class=sf-dump-str>4</span>\"
    \"<span class=sf-dump-key>bathrooms</span>\" => <span class=sf-dump-num>3</span>
    \"<span class=sf-dump-key>ensuites</span>\" => <span class=sf-dump-num>0</span>
    \"<span class=sf-dump-key>toilets</span>\" => <span class=sf-dump-num>0</span>
    \"<span class=sf-dump-key>garage_spaces</span>\" => <span class=sf-dump-num>1</span>
    \"<span class=sf-dump-key>carport_spaces</span>\" => <span class=sf-dump-num>0</span>
    \"<span class=sf-dump-key>popen_spaces</span>\" => <span class=sf-dump-num>0</span>
    \"<span class=sf-dump-key>living_areas</span>\" => <span class=sf-dump-const>null</span>
    \"<span class=sf-dump-key>house_size</span>\" => <span class=sf-dump-const>null</span>
    \"<span class=sf-dump-key>house_size_unit</span>\" => \"<span class=sf-dump-str title=\"7 characters\">Squares</span>\"
    \"<span class=sf-dump-key>land_size</span>\" => \"<span class=sf-dump-str title=\"3 characters\">159</span>\"
    \"<span class=sf-dump-key>land_size_unit</span>\" => \"<span class=sf-dump-str title=\"12 characters\">quare metres</span>\"
    \"<span class=sf-dump-key>energy_efficiency_rating</span>\" => <span class=sf-dump-const>null</span>
    \"<span class=sf-dump-key>outdoor_features</span>\" => \"<span class=sf-dump-str title=\"74 characters\">Balcony,Ensuite,Fully Fenced,Outdoor Entertainment Area,Undercover parking</span>\"
    \"<span class=sf-dump-key>indoor_features</span>\" => \"<span class=sf-dump-str title=\"10 characters\">Dishwasher</span>\"
    \"<span class=sf-dump-key>heating_cooling</span>\" => \"<span class=sf-dump-str title=\"5 characters\">A / C</span>\"
    \"<span class=sf-dump-key>eco_friendly_features</span>\" => \"\"
    \"<span class=sf-dump-key>other_features</span>\" => <span class=sf-dump-const>null</span>
    \"<span class=sf-dump-key>published_date</span>\" => \"<span class=sf-dump-str title=\"10 characters\">2025-05-15</span>\"
    \"<span class=sf-dump-key>map_link_url</span>\" => <span class=sf-dump-const>null</span>
    \"<span class=sf-dump-key>latitude</span>\" => \"<span class=sf-dump-str title=\"11 characters\">-37.7758165</span>\"
    \"<span class=sf-dump-key>longitude</span>\" => \"<span class=sf-dump-str title=\"11 characters\">145.0390471</span>\"
    \"<span class=sf-dump-key>sold_date</span>\" => <span class=sf-dump-const>null</span>
    \"<span class=sf-dump-key>sold_price</span>\" => <span class=sf-dump-const>null</span>
    \"<span class=sf-dump-key>auction_date</span>\" => <span class=sf-dump-const>null</span>
    \"<span class=sf-dump-key>auction_time</span>\" => <span class=sf-dump-const>null</span>
    \"<span class=sf-dump-key>auction_location</span>\" => <span class=sf-dump-const>null</span>
    \"<span class=sf-dump-key>underContract</span>\" => \"<span class=sf-dump-str>0</span>\"
    \"<span class=sf-dump-key>leased_date</span>\" => <span class=sf-dump-const>null</span>
    \"<span class=sf-dump-key>bond</span>\" => <span class=sf-dump-const>null</span>
    \"<span class=sf-dump-key>created_at</span>\" => \"<span class=sf-dump-str title=\"19 characters\">2025-05-15 06:58:44</span>\"
    \"<span class=sf-dump-key>updated_at</span>\" => \"<span class=sf-dump-str title=\"19 characters\">2025-08-26 12:51:43</span>\"
  </samp>]
  #<span class=sf-dump-protected title=\"Protected property\">changes</span>: []
  #<span class=sf-dump-protected title=\"Protected property\">casts</span>: []
  #<span class=sf-dump-protected title=\"Protected property\">classCastCache</span>: []
  #<span class=sf-dump-protected title=\"Protected property\">attributeCastCache</span>: []
  #<span class=sf-dump-protected title=\"Protected property\">dates</span>: []
  #<span class=sf-dump-protected title=\"Protected property\">dateFormat</span>: <span class=sf-dump-const>null</span>
  #<span class=sf-dump-protected title=\"Protected property\">appends</span>: []
  #<span class=sf-dump-protected title=\"Protected property\">dispatchesEvents</span>: []
  #<span class=sf-dump-protected title=\"Protected property\">observables</span>: []
  #<span class=sf-dump-protected title=\"Protected property\">relations</span>: <span class=sf-dump-note>array:4</span> [<samp data-depth=2 class=sf-dump-compact>
    \"<span class=sf-dump-key>agent</span>\" => <span class=sf-dump-note title=\"App\\Model\\Agents
\"><span class=\"sf-dump-ellipsis sf-dump-ellipsis-note\">App\\Model</span><span class=\"sf-dump-ellipsis sf-dump-ellipsis-note\">\\</span>Agents</span> {<a class=sf-dump-ref>#1569</a><samp data-depth=3 class=sf-dump-compact>
      #<span class=sf-dump-protected title=\"Protected property\">table</span>: \"<span class=sf-dump-str title=\"9 characters\">tbl_users</span>\"
      #<span class=sf-dump-protected title=\"Protected property\">primaryKey</span>: \"<span class=sf-dump-str title=\"2 characters\">id</span>\"
      #<span class=sf-dump-protected title=\"Protected property\">connection</span>: \"<span class=sf-dump-str title=\"5 characters\">mysql</span>\"
      #<span class=sf-dump-protected title=\"Protected property\">keyType</span>: \"<span class=sf-dump-str title=\"3 characters\">int</span>\"
      +<span class=sf-dump-public title=\"Public property\">incrementing</span>: <span class=sf-dump-const>true</span>
      #<span class=sf-dump-protected title=\"Protected property\">with</span>: []
      #<span class=sf-dump-protected title=\"Protected property\">withCount</span>: []
      +<span class=sf-dump-public title=\"Public property\">preventsLazyLoading</span>: <span class=sf-dump-const>false</span>
      #<span class=sf-dump-protected title=\"Protected property\">perPage</span>: <span class=sf-dump-num>15</span>
      +<span class=sf-dump-public title=\"Public property\">exists</span>: <span class=sf-dump-const>true</span>
      +<span class=sf-dump-public title=\"Public property\">wasRecentlyCreated</span>: <span class=sf-dump-const>false</span>
      #<span class=sf-dump-protected title=\"Protected property\">escapeWhenCastingToString</span>: <span class=sf-dump-const>false</span>
      #<span class=sf-dump-protected title=\"Protected property\">attributes</span>: <span class=sf-dump-note>array:77</span> [ &hellip;77]
      #<span class=sf-dump-protected title=\"Protected property\">original</span>: <span class=sf-dump-note>array:77</span> [ &hellip;77]
      #<span class=sf-dump-protected title=\"Protected property\">changes</span>: []
      #<span class=sf-dump-protected title=\"Protected property\">casts</span>: []
      #<span class=sf-dump-protected title=\"Protected property\">classCastCache</span>: []
      #<span class=sf-dump-protected title=\"Protected property\">attributeCastCache</span>: []
      #<span class=sf-dump-protected title=\"Protected property\">dates</span>: []
      #<span class=sf-dump-protected title=\"Protected property\">dateFormat</span>: <span class=sf-dump-const>null</span>
      #<span class=sf-dump-protected title=\"Protected property\">appends</span>: []
      #<span class=sf-dump-protected title=\"Protected property\">dispatchesEvents</span>: []
      #<span class=sf-dump-protected title=\"Protected property\">observables</span>: []
      #<span class=sf-dump-protected title=\"Protected property\">relations</span>: []
      #<span class=sf-dump-protected title=\"Protected property\">touches</span>: []
      +<span class=sf-dump-public title=\"Public property\">timestamps</span>: <span class=sf-dump-const>true</span>
      #<span class=sf-dump-protected title=\"Protected property\">hidden</span>: []
      #<span class=sf-dump-protected title=\"Protected property\">visible</span>: []
      #<span class=sf-dump-protected title=\"Protected property\">fillable</span>: []
      #<span class=sf-dump-protected title=\"Protected property\">guarded</span>: <span class=sf-dump-note>array:1</span> [ &hellip;1]
    </samp>}
    \"<span class=sf-dump-key>property_option</span>\" => <span class=sf-dump-note title=\"App\\Model\\Propertyoptions
\"><span class=\"sf-dump-ellipsis sf-dump-ellipsis-note\">App\\Model</span><span class=\"sf-dump-ellipsis sf-dump-ellipsis-note\">\\</span>Propertyoptions</span> {<a class=sf-dump-ref>#1570</a><samp data-depth=3 class=sf-dump-compact>
      #<span class=sf-dump-protected title=\"Protected property\">table</span>: \"<span class=sf-dump-str title=\"19 characters\">tbl_property_option</span>\"
      #<span class=sf-dump-protected title=\"Protected property\">primaryKey</span>: \"<span class=sf-dump-str title=\"2 characters\">id</span>\"
      +<span class=sf-dump-public title=\"Public property\">timestamps</span>: <span class=sf-dump-const>false</span>
      #<span class=sf-dump-protected title=\"Protected property\">connection</span>: \"<span class=sf-dump-str title=\"5 characters\">mysql</span>\"
      #<span class=sf-dump-protected title=\"Protected property\">keyType</span>: \"<span class=sf-dump-str title=\"3 characters\">int</span>\"
      +<span class=sf-dump-public title=\"Public property\">incrementing</span>: <span class=sf-dump-const>true</span>
      #<span class=sf-dump-protected title=\"Protected property\">with</span>: []
      #<span class=sf-dump-protected title=\"Protected property\">withCount</span>: []
      +<span class=sf-dump-public title=\"Public property\">preventsLazyLoading</span>: <span class=sf-dump-const>false</span>
      #<span class=sf-dump-protected title=\"Protected property\">perPage</span>: <span class=sf-dump-num>15</span>
      +<span class=sf-dump-public title=\"Public property\">exists</span>: <span class=sf-dump-const>true</span>
      +<span class=sf-dump-public title=\"Public property\">wasRecentlyCreated</span>: <span class=sf-dump-const>false</span>
      #<span class=sf-dump-protected title=\"Protected property\">escapeWhenCastingToString</span>: <span class=sf-dump-const>false</span>
      #<span class=sf-dump-protected title=\"Protected property\">attributes</span>: <span class=sf-dump-note>array:7</span> [ &hellip;7]
      #<span class=sf-dump-protected title=\"Protected property\">original</span>: <span class=sf-dump-note>array:7</span> [ &hellip;7]
      #<span class=sf-dump-protected title=\"Protected property\">changes</span>: []
      #<span class=sf-dump-protected title=\"Protected property\">casts</span>: []
      #<span class=sf-dump-protected title=\"Protected property\">classCastCache</span>: []
      #<span class=sf-dump-protected title=\"Protected property\">attributeCastCache</span>: []
      #<span class=sf-dump-protected title=\"Protected property\">dates</span>: []
      #<span class=sf-dump-protected title=\"Protected property\">dateFormat</span>: <span class=sf-dump-const>null</span>
      #<span class=sf-dump-protected title=\"Protected property\">appends</span>: []
      #<span class=sf-dump-protected title=\"Protected property\">dispatchesEvents</span>: []
      #<span class=sf-dump-protected title=\"Protected property\">observables</span>: []
      #<span class=sf-dump-protected title=\"Protected property\">relations</span>: []
      #<span class=sf-dump-protected title=\"Protected property\">touches</span>: []
      #<span class=sf-dump-protected title=\"Protected property\">hidden</span>: []
      #<span class=sf-dump-protected title=\"Protected property\">visible</span>: []
      #<span class=sf-dump-protected title=\"Protected property\">fillable</span>: []
      #<span class=sf-dump-protected title=\"Protected property\">guarded</span>: <span class=sf-dump-note>array:1</span> [ &hellip;1]
    </samp>}
    \"<span class=sf-dump-key>property_state</span>\" => <span class=sf-dump-note title=\"App\\Model\\States
\"><span class=\"sf-dump-ellipsis sf-dump-ellipsis-note\">App\\Model</span><span class=\"sf-dump-ellipsis sf-dump-ellipsis-note\">\\</span>States</span> {<a class=sf-dump-ref>#1572</a><samp data-depth=3 class=sf-dump-compact>
      #<span class=sf-dump-protected title=\"Protected property\">table</span>: \"<span class=sf-dump-str title=\"10 characters\">tbl_states</span>\"
      +<span class=sf-dump-public title=\"Public property\">timestamps</span>: <span class=sf-dump-const>false</span>
      #<span class=sf-dump-protected title=\"Protected property\">connection</span>: \"<span class=sf-dump-str title=\"5 characters\">mysql</span>\"
      #<span class=sf-dump-protected title=\"Protected property\">primaryKey</span>: \"<span class=sf-dump-str title=\"2 characters\">id</span>\"
      #<span class=sf-dump-protected title=\"Protected property\">keyType</span>: \"<span class=sf-dump-str title=\"3 characters\">int</span>\"
      +<span class=sf-dump-public title=\"Public property\">incrementing</span>: <span class=sf-dump-const>true</span>
      #<span class=sf-dump-protected title=\"Protected property\">with</span>: []
      #<span class=sf-dump-protected title=\"Protected property\">withCount</span>: []
      +<span class=sf-dump-public title=\"Public property\">preventsLazyLoading</span>: <span class=sf-dump-const>false</span>
      #<span class=sf-dump-protected title=\"Protected property\">perPage</span>: <span class=sf-dump-num>15</span>
      +<span class=sf-dump-public title=\"Public property\">exists</span>: <span class=sf-dump-const>true</span>
      +<span class=sf-dump-public title=\"Public property\">wasRecentlyCreated</span>: <span class=sf-dump-const>false</span>
      #<span class=sf-dump-protected title=\"Protected property\">escapeWhenCastingToString</span>: <span class=sf-dump-const>false</span>
      #<span class=sf-dump-protected title=\"Protected property\">attributes</span>: <span class=sf-dump-note>array:15</span> [ &hellip;15]
      #<span class=sf-dump-protected title=\"Protected property\">original</span>: <span class=sf-dump-note>array:15</span> [ &hellip;15]
      #<span class=sf-dump-protected title=\"Protected property\">changes</span>: []
      #<span class=sf-dump-protected title=\"Protected property\">casts</span>: []
      #<span class=sf-dump-protected title=\"Protected property\">classCastCache</span>: []
      #<span class=sf-dump-protected title=\"Protected property\">attributeCastCache</span>: []
      #<span class=sf-dump-protected title=\"Protected property\">dates</span>: []
      #<span class=sf-dump-protected title=\"Protected property\">dateFormat</span>: <span class=sf-dump-const>null</span>
      #<span class=sf-dump-protected title=\"Protected property\">appends</span>: []
      #<span class=sf-dump-protected title=\"Protected property\">dispatchesEvents</span>: []
      #<span class=sf-dump-protected title=\"Protected property\">observables</span>: []
      #<span class=sf-dump-protected title=\"Protected property\">relations</span>: []
      #<span class=sf-dump-protected title=\"Protected property\">touches</span>: []
      #<span class=sf-dump-protected title=\"Protected property\">hidden</span>: []
      #<span class=sf-dump-protected title=\"Protected property\">visible</span>: []
      #<span class=sf-dump-protected title=\"Protected property\">fillable</span>: []
      #<span class=sf-dump-protected title=\"Protected property\">guarded</span>: <span class=sf-dump-note>array:1</span> [ &hellip;1]
    </samp>}
    \"<span class=sf-dump-key>property_type</span>\" => <span class=sf-dump-note title=\"App\\Model\\Propertytypes
\"><span class=\"sf-dump-ellipsis sf-dump-ellipsis-note\">App\\Model</span><span class=\"sf-dump-ellipsis sf-dump-ellipsis-note\">\\</span>Propertytypes</span> {<a class=sf-dump-ref>#1574</a><samp data-depth=3 class=sf-dump-compact>
      #<span class=sf-dump-protected title=\"Protected property\">table</span>: \"<span class=sf-dump-str title=\"18 characters\">tbl_property_types</span>\"
      #<span class=sf-dump-protected title=\"Protected property\">primaryKey</span>: \"<span class=sf-dump-str title=\"2 characters\">id</span>\"
      +<span class=sf-dump-public title=\"Public property\">timestamps</span>: <span class=sf-dump-const>false</span>
      #<span class=sf-dump-protected title=\"Protected property\">connection</span>: \"<span class=sf-dump-str title=\"5 characters\">mysql</span>\"
      #<span class=sf-dump-protected title=\"Protected property\">keyType</span>: \"<span class=sf-dump-str title=\"3 characters\">int</span>\"
      +<span class=sf-dump-public title=\"Public property\">incrementing</span>: <span class=sf-dump-const>true</span>
      #<span class=sf-dump-protected title=\"Protected property\">with</span>: []
      #<span class=sf-dump-protected title=\"Protected property\">withCount</span>: []
      +<span class=sf-dump-public title=\"Public property\">preventsLazyLoading</span>: <span class=sf-dump-const>false</span>
      #<span class=sf-dump-protected title=\"Protected property\">perPage</span>: <span class=sf-dump-num>15</span>
      +<span class=sf-dump-public title=\"Public property\">exists</span>: <span class=sf-dump-const>true</span>
      +<span class=sf-dump-public title=\"Public property\">wasRecentlyCreated</span>: <span class=sf-dump-const>false</span>
      #<span class=sf-dump-protected title=\"Protected property\">escapeWhenCastingToString</span>: <span class=sf-dump-const>false</span>
      #<span class=sf-dump-protected title=\"Protected property\">attributes</span>: <span class=sf-dump-note>array:6</span> [ &hellip;6]
      #<span class=sf-dump-protected title=\"Protected property\">original</span>: <span class=sf-dump-note>array:6</span> [ &hellip;6]
      #<span class=sf-dump-protected title=\"Protected property\">changes</span>: []
      #<span class=sf-dump-protected title=\"Protected property\">casts</span>: []
      #<span class=sf-dump-protected title=\"Protected property\">classCastCache</span>: []
      #<span class=sf-dump-protected title=\"Protected property\">attributeCastCache</span>: []
      #<span class=sf-dump-protected title=\"Protected property\">dates</span>: []
      #<span class=sf-dump-protected title=\"Protected property\">dateFormat</span>: <span class=sf-dump-const>null</span>
      #<span class=sf-dump-protected title=\"Protected property\">appends</span>: []
      #<span class=sf-dump-protected title=\"Protected property\">dispatchesEvents</span>: []
      #<span class=sf-dump-protected title=\"Protected property\">observables</span>: []
      #<span class=sf-dump-protected title=\"Protected property\">relations</span>: []
      #<span class=sf-dump-protected title=\"Protected property\">touches</span>: []
      #<span class=sf-dump-protected title=\"Protected property\">hidden</span>: []
      #<span class=sf-dump-protected title=\"Protected property\">visible</span>: []
      #<span class=sf-dump-protected title=\"Protected property\">fillable</span>: []
      #<span class=sf-dump-protected title=\"Protected property\">guarded</span>: <span class=sf-dump-note>array:1</span> [ &hellip;1]
    </samp>}
  </samp>]
  #<span class=sf-dump-protected title=\"Protected property\">touches</span>: []
  +<span class=sf-dump-public title=\"Public property\">timestamps</span>: <span class=sf-dump-const>true</span>
  #<span class=sf-dump-protected title=\"Protected property\">hidden</span>: []
  #<span class=sf-dump-protected title=\"Protected property\">visible</span>: []
  #<span class=sf-dump-protected title=\"Protected property\">fillable</span>: []
  #<span class=sf-dump-protected title=\"Protected property\">guarded</span>: <span class=sf-dump-note>array:1</span> [<samp data-depth=2 class=sf-dump-compact>
    <span class=sf-dump-index>0</span> => \"<span class=sf-dump-str>*</span>\"
  </samp>]
</samp>}
</pre><script>Sfdump(\"sf-dump-720899808\", {\"maxDepth\":3,\"maxStringLength\":160})</script>
","rs_images":"<pre class=sf-dump id=sf-dump-119028510 data-indent-pad=\"  \"><span class=sf-dump-note>array:4</span> [<samp data-depth=1 class=sf-dump-expanded>
  <span class=sf-dump-index>0</span> => <span class=sf-dump-note>array:9</span> [<samp data-depth=2 class=sf-dump-compact>
    \"<span class=sf-dump-key>id</span>\" => <span class=sf-dump-num>13258</span>
    \"<span class=sf-dump-key>img_type</span>\" => \"<span class=sf-dump-str title=\"6 characters\">images</span>\"
    \"<span class=sf-dump-key>property_id</span>\" => <span class=sf-dump-num>72</span>
    \"<span class=sf-dump-key>image</span>\" => \"<span class=sf-dump-str title=\"11 characters\">15400_1.jpg</span>\"
    \"<span class=sf-dump-key>sort_order</span>\" => <span class=sf-dump-const>null</span>
    \"<span class=sf-dump-key>featured</span>\" => \"<span class=sf-dump-str title=\"2 characters\">No</span>\"
    \"<span class=sf-dump-key>status</span>\" => \"<span class=sf-dump-str title=\"2 characters\">No</span>\"
    \"<span class=sf-dump-key>created_at</span>\" => \"<span class=sf-dump-str title=\"27 characters\">2025-05-15T06:59:52.000000Z</span>\"
    \"<span class=sf-dump-key>updated_at</span>\" => \"<span class=sf-dump-str title=\"27 characters\">2025-05-15T06:59:52.000000Z</span>\"
  </samp>]
  <span class=sf-dump-index>1</span> => <span class=sf-dump-note>array:9</span> [<samp data-depth=2 class=sf-dump-compact>
    \"<span class=sf-dump-key>id</span>\" => <span class=sf-dump-num>13259</span>
    \"<span class=sf-dump-key>img_type</span>\" => \"<span class=sf-dump-str title=\"6 characters\">images</span>\"
    \"<span class=sf-dump-key>property_id</span>\" => <span class=sf-dump-num>72</span>
    \"<span class=sf-dump-key>image</span>\" => \"<span class=sf-dump-str title=\"11 characters\">21377_2.jpg</span>\"
    \"<span class=sf-dump-key>sort_order</span>\" => <span class=sf-dump-const>null</span>
    \"<span class=sf-dump-key>featured</span>\" => \"<span class=sf-dump-str title=\"2 characters\">No</span>\"
    \"<span class=sf-dump-key>status</span>\" => \"<span class=sf-dump-str title=\"2 characters\">No</span>\"
    \"<span class=sf-dump-key>created_at</span>\" => \"<span class=sf-dump-str title=\"27 characters\">2025-05-15T06:59:52.000000Z</span>\"
    \"<span class=sf-dump-key>updated_at</span>\" => \"<span class=sf-dump-str title=\"27 characters\">2025-05-15T06:59:52.000000Z</span>\"
  </samp>]
  <span class=sf-dump-index>2</span> => <span class=sf-dump-note>array:9</span> [<samp data-depth=2 class=sf-dump-compact>
    \"<span class=sf-dump-key>id</span>\" => <span class=sf-dump-num>13260</span>
    \"<span class=sf-dump-key>img_type</span>\" => \"<span class=sf-dump-str title=\"6 characters\">images</span>\"
    \"<span class=sf-dump-key>property_id</span>\" => <span class=sf-dump-num>72</span>
    \"<span class=sf-dump-key>image</span>\" => \"<span class=sf-dump-str title=\"11 characters\">68224_3.jpg</span>\"
    \"<span class=sf-dump-key>sort_order</span>\" => <span class=sf-dump-const>null</span>
    \"<span class=sf-dump-key>featured</span>\" => \"<span class=sf-dump-str title=\"2 characters\">No</span>\"
    \"<span class=sf-dump-key>status</span>\" => \"<span class=sf-dump-str title=\"2 characters\">No</span>\"
    \"<span class=sf-dump-key>created_at</span>\" => \"<span class=sf-dump-str title=\"27 characters\">2025-05-15T06:59:52.000000Z</span>\"
    \"<span class=sf-dump-key>updated_at</span>\" => \"<span class=sf-dump-str title=\"27 characters\">2025-05-15T06:59:52.000000Z</span>\"
  </samp>]
  <span class=sf-dump-index>3</span> => <span class=sf-dump-note>array:9</span> [<samp data-depth=2 class=sf-dump-compact>
    \"<span class=sf-dump-key>id</span>\" => <span class=sf-dump-num>13261</span>
    \"<span class=sf-dump-key>img_type</span>\" => \"<span class=sf-dump-str title=\"6 characters\">images</span>\"
    \"<span class=sf-dump-key>property_id</span>\" => <span class=sf-dump-num>72</span>
    \"<span class=sf-dump-key>image</span>\" => \"<span class=sf-dump-str title=\"11 characters\">88955_4.jpg</span>\"
    \"<span class=sf-dump-key>sort_order</span>\" => <span class=sf-dump-const>null</span>
    \"<span class=sf-dump-key>featured</span>\" => \"<span class=sf-dump-str title=\"2 characters\">No</span>\"
    \"<span class=sf-dump-key>status</span>\" => \"<span class=sf-dump-str title=\"2 characters\">No</span>\"
    \"<span class=sf-dump-key>created_at</span>\" => \"<span class=sf-dump-str title=\"27 characters\">2025-05-15T06:59:52.000000Z</span>\"
    \"<span class=sf-dump-key>updated_at</span>\" => \"<span class=sf-dump-str title=\"27 characters\">2025-05-15T06:59:52.000000Z</span>\"
  </samp>]
</samp>]
</pre><script>Sfdump(\"sf-dump-119028510\", {\"maxDepth\":3,\"maxStringLength\":160})</script>
"}},"exception":"[object] (Facade\\Ignition\\Exceptions\\ViewException(code: 0): Trying to get property 'primary_colour' of non-object (View: /home/revoycom/public_html/resources/views/common/listing/branding.blade.php) at /home/revoycom/public_html/resources/views/common/listing/branding.blade.php:18)
[stacktrace]
#0 /home/revoycom/public_html/resources/views/common/listing/branding.blade.php(18): Illuminate\\Foundation\\Bootstrap\\HandleExceptions->handleError(8, 'Trying to get p...', '/home/revoycom/...', 18, Array)
#1 /home/revoycom/public_html/vendor/laravel/framework/src/Illuminate/Filesystem/Filesystem.php(107): require('/home/revoycom/...')
#2 /home/revoycom/public_html/vendor/laravel/framework/src/Illuminate/Filesystem/Filesystem.php(108): Illuminate\\Filesystem\\Filesystem::Illuminate\\Filesystem\\{closure}()
#3 /home/revoycom/public_html/vendor/laravel/framework/src/Illuminate/View/Engines/PhpEngine.php(58): Illuminate\\Filesystem\\Filesystem->getRequire('/home/revoycom/...', Array)
#4 /home/revoycom/public_html/vendor/laravel/framework/src/Illuminate/View/Engines/CompilerEngine.php(61): Illuminate\\View\\Engines\\PhpEngine->evaluatePath('/home/revoycom/...', Array)
#5 /home/revoycom/public_html/vendor/facade/ignition/src/Views/Engines/CompilerEngine.php(37): Illuminate\\View\\Engines\\CompilerEngine->get('/home/revoycom/...', Array)
#6 /home/revoycom/public_html/vendor/laravel/framework/src/Illuminate/View/View.php(139): Facade\\Ignition\\Views\\Engines\\CompilerEngine->get('/home/revoycom/...', Array)
#7 /home/revoycom/public_html/vendor/laravel/framework/src/Illuminate/View/View.php(122): Illuminate\\View\\View->getContents()
#8 /home/revoycom/public_html/vendor/laravel/framework/src/Illuminate/View/View.php(91): Illuminate\\View\\View->renderContents()
#9 /home/revoycom/public_html/resources/views/common/listing/view.blade.php(26): Illuminate\\View\\View->render()
#10 /home/revoycom/public_html/vendor/laravel/framework/src/Illuminate/Filesystem/Filesystem.php(107): require('/home/revoycom/...')
#11 /home/revoycom/public_html/vendor/laravel/framework/src/Illuminate/Filesystem/Filesystem.php(108): Illuminate\\Filesystem\\Filesystem::Illuminate\\Filesystem\\{closure}()
#12 /home/revoycom/public_html/vendor/laravel/framework/src/Illuminate/View/Engines/PhpEngine.php(58): Illuminate\\Filesystem\\Filesystem->getRequire('/home/revoycom/...', Array)
#13 /home/revoycom/public_html/vendor/laravel/framework/src/Illuminate/View/Engines/CompilerEngine.php(61): Illuminate\\View\\Engines\\PhpEngine->evaluatePath('/home/revoycom/...', Array)
#14 /home/revoycom/public_html/vendor/facade/ignition/src/Views/Engines/CompilerEngine.php(37): Illuminate\\View\\Engines\\CompilerEngine->get('/home/revoycom/...', Array)
#15 /home/revoycom/public_html/vendor/laravel/framework/src/Illuminate/View/View.php(139): Facade\\Ignition\\Views\\Engines\\CompilerEngine->get('/home/revoycom/...', Array)
#16 /home/revoycom/public_html/vendor/laravel/framework/src/Illuminate/View/View.php(122): Illuminate\\View\\View->getContents()
#17 /home/revoycom/public_html/vendor/laravel/framework/src/Illuminate/View/View.php(91): Illuminate\\View\\View->renderContents()
#18 /home/revoycom/public_html/resources/views/new_homes.blade.php(154): Illuminate\\View\\View->render()
#19 /home/revoycom/public_html/vendor/laravel/framework/src/Illuminate/Filesystem/Filesystem.php(107): require('/home/revoycom/...')
#20 /home/revoycom/public_html/vendor/laravel/framework/src/Illuminate/Filesystem/Filesystem.php(108): Illuminate\\Filesystem\\Filesystem::Illuminate\\Filesystem\\{closure}()
#21 /home/revoycom/public_html/vendor/laravel/framework/src/Illuminate/View/Engines/PhpEngine.php(58): Illuminate\\Filesystem\\Filesystem->getRequire('/home/revoycom/...', Array)
#22 /home/revoycom/public_html/vendor/laravel/framework/src/Illuminate/View/Engines/CompilerEngine.php(61): Illuminate\\View\\Engines\\PhpEngine->evaluatePath('/home/revoycom/...', Array)
#23 /home/revoycom/public_html/vendor/facade/ignition/src/Views/Engines/CompilerEngine.php(37): Illuminate\\View\\Engines\\CompilerEngine->get('/home/revoycom/...', Array)
#24 /home/revoycom/public_html/vendor/laravel/framework/src/Illuminate/View/View.php(139): Facade\\Ignition\\Views\\Engines\\CompilerEngine->get('/home/revoycom/...', Array)
#25 /home/revoycom/public_html/vendor/laravel/framework/src/Illuminate/View/View.php(122): Illuminate\\View\\View->getContents()
#26 /home/revoycom/public_html/vendor/laravel/framework/src/Illuminate/View/View.php(91): Illuminate\\View\\View->renderContents()
#27 /home/revoycom/public_html/vendor/laravel/framework/src/Illuminate/Http/Response.php(69): Illuminate\\View\\View->render()
#28 /home/revoycom/public_html/vendor/laravel/framework/src/Illuminate/Http/Response.php(35): Illuminate\\Http\\Response->setContent(Object(Illuminate\\View\\View))
#29 /home/revoycom/public_html/vendor/laravel/framework/src/Illuminate/Routing/Router.php(794): Illuminate\\Http\\Response->__construct(Object(Illuminate\\View\\View), 200, Array)
#30 /home/revoycom/public_html/vendor/laravel/framework/src/Illuminate/Routing/Router.php(763): Illuminate\\Routing\\Router::toResponse(Object(Illuminate\\Http\\Request), Object(Illuminate\\View\\View))
#31 /home/revoycom/public_html/vendor/laravel/framework/src/Illuminate/Routing/Router.php(695): Illuminate\\Routing\\Router->prepareResponse(Object(Illuminate\\Http\\Request), Object(Illuminate\\View\\View))
#32 /home/revoycom/public_html/vendor/laravel/framework/src/Illuminate/Pipeline/Pipeline.php(128): Illuminate\\Routing\\Router->Illuminate\\Routing\\{closure}(Object(Illuminate\\Http\\Request))
#33 /home/revoycom/public_html/app/Http/Middleware/RedirectIfAuthenticated.php(29): Illuminate\\Pipeline\\Pipeline->Illuminate\\Pipeline\\{closure}(Object(Illuminate\\Http\\Request))
#34 /home/revoycom/public_html/vendor/laravel/framework/src/Illuminate/Pipeline/Pipeline.php(167): App\\Http\\Middleware\\RedirectIfAuthenticated->handle(Object(Illuminate\\Http\\Request), Object(Closure))
#35 /home/revoycom/public_html/vendor/laravel/framework/src/Illuminate/Routing/Middleware/SubstituteBindings.php(50): Illuminate\\Pipeline\\Pipeline->Illuminate\\Pipeline\\{closure}(Object(Illuminate\\Http\\Request))
#36 /home/revoycom/public_html/vendor/laravel/framework/src/Illuminate/Pipeline/Pipeline.php(167): Illuminate\\Routing\\Middleware\\SubstituteBindings->handle(Object(Illuminate\\Http\\Request), Object(Closure))
#37 /home/revoycom/public_html/vendor/laravel/framework/src/Illuminate/Foundation/Http/Middleware/VerifyCsrfToken.php(78): Illuminate\\Pipeline\\Pipeline->Illuminate\\Pipeline\\{closure}(Object(Illuminate\\Http\\Request))
#38 /home/revoycom/public_html/vendor/laravel/framework/src/Illuminate/Pipeline/Pipeline.php(167): Illuminate\\Foundation\\Http\\Middleware\\VerifyCsrfToken->handle(Object(Illuminate\\Http\\Request), Object(Closure))
#39 /home/revoycom/public_html/vendor/laravel/framework/src/Illuminate/View/Middleware/ShareErrorsFromSession.php(49): Illuminate\\Pipeline\\Pipeline->Illuminate\\Pipeline\\{closure}(Object(Illuminate\\Http\\Request))
#40 /home/revoycom/public_html/vendor/laravel/framework/src/Illuminate/Pipeline/Pipeline.php(167): Illuminate\\View\\Middleware\\ShareErrorsFromSession->handle(Object(Illuminate\\Http\\Request), Object(Closure))
#41 /home/revoycom/public_html/vendor/laravel/framework/src/Illuminate/Session/Middleware/StartSession.php(121): Illuminate\\Pipeline\\Pipeline->Illuminate\\Pipeline\\{closure}(Object(Illuminate\\Http\\Request))
#42 /home/revoycom/public_html/vendor/laravel/framework/src/Illuminate/Session/Middleware/StartSession.php(64): Illuminate\\Session\\Middleware\\StartSession->handleStatefulRequest(Object(Illuminate\\Http\\Request), Object(Illuminate\\Session\\Store), Object(Closure))
#43 /home/revoycom/public_html/vendor/laravel/framework/src/Illuminate/Pipeline/Pipeline.php(167): Illuminate\\Session\\Middleware\\StartSession->handle(Object(Illuminate\\Http\\Request), Object(Closure))
#44 /home/revoycom/public_html/vendor/laravel/framework/src/Illuminate/Cookie/Middleware/AddQueuedCookiesToResponse.php(37): Illuminate\\Pipeline\\Pipeline->Illuminate\\Pipeline\\{closure}(Object(Illuminate\\Http\\Request))
#45 /home/revoycom/public_html/vendor/laravel/framework/src/Illuminate/Pipeline/Pipeline.php(167): Illuminate\\Cookie\\Middleware\\AddQueuedCookiesToResponse->handle(Object(Illuminate\\Http\\Request), Object(Closure))
#46 /home/revoycom/public_html/vendor/laravel/framework/src/Illuminate/Cookie/Middleware/EncryptCookies.php(67): Illuminate\\Pipeline\\Pipeline->Illuminate\\Pipeline\\{closure}(Object(Illuminate\\Http\\Request))
#47 /home/revoycom/public_html/vendor/laravel/framework/src/Illuminate/Pipeline/Pipeline.php(167): Illuminate\\Cookie\\Middleware\\EncryptCookies->handle(Object(Illuminate\\Http\\Request), Object(Closure))
#48 /home/revoycom/public_html/vendor/laravel/framework/src/Illuminate/Pipeline/Pipeline.php(103): Illuminate\\Pipeline\\Pipeline->Illuminate\\Pipeline\\{closure}(Object(Illuminate\\Http\\Request))
#49 /home/revoycom/public_html/vendor/laravel/framework/src/Illuminate/Routing/Router.php(697): Illuminate\\Pipeline\\Pipeline->then(Object(Closure))
#50 /home/revoycom/public_html/vendor/laravel/framework/src/Illuminate/Routing/Router.php(672): Illuminate\\Routing\\Router->runRouteWithinStack(Object(Illuminate\\Routing\\Route), Object(Illuminate\\Http\\Request))
#51 /home/revoycom/public_html/vendor/laravel/framework/src/Illuminate/Routing/Router.php(636): Illuminate\\Routing\\Router->runRoute(Object(Illuminate\\Http\\Request), Object(Illuminate\\Routing\\Route))
#52 /home/revoycom/public_html/vendor/laravel/framework/src/Illuminate/Routing/Router.php(625): Illuminate\\Routing\\Router->dispatchToRoute(Object(Illuminate\\Http\\Request))
#53 /home/revoycom/public_html/vendor/laravel/framework/src/Illuminate/Foundation/Http/Kernel.php(167): Illuminate\\Routing\\Router->dispatch(Object(Illuminate\\Http\\Request))
#54 /home/revoycom/public_html/vendor/laravel/framework/src/Illuminate/Pipeline/Pipeline.php(128): Illuminate\\Foundation\\Http\\Kernel->Illuminate\\Foundation\\Http\\{closure}(Object(Illuminate\\Http\\Request))
#55 /home/revoycom/public_html/vendor/laravel/framework/src/Illuminate/Foundation/Http/Middleware/TransformsRequest.php(21): Illuminate\\Pipeline\\Pipeline->Illuminate\\Pipeline\\{closure}(Object(Illuminate\\Http\\Request))
#56 /home/revoycom/public_html/vendor/laravel/framework/src/Illuminate/Foundation/Http/Middleware/ConvertEmptyStringsToNull.php(31): Illuminate\\Foundation\\Http\\Middleware\\TransformsRequest->handle(Object(Illuminate\\Http\\Request), Object(Closure))
#57 /home/revoycom/public_html/vendor/laravel/framework/src/Illuminate/Pipeline/Pipeline.php(167): Illuminate\\Foundation\\Http\\Middleware\\ConvertEmptyStringsToNull->handle(Object(Illuminate\\Http\\Request), Object(Closure))
#58 /home/revoycom/public_html/vendor/laravel/framework/src/Illuminate/Foundation/Http/Middleware/TransformsRequest.php(21): Illuminate\\Pipeline\\Pipeline->Illuminate\\Pipeline\\{closure}(Object(Illuminate\\Http\\Request))
#59 /home/revoycom/public_html/vendor/laravel/framework/src/Illuminate/Foundation/Http/Middleware/TrimStrings.php(40): Illuminate\\Foundation\\Http\\Middleware\\TransformsRequest->handle(Object(Illuminate\\Http\\Request), Object(Closure))
#60 /home/revoycom/public_html/vendor/laravel/framework/src/Illuminate/Pipeline/Pipeline.php(167): Illuminate\\Foundation\\Http\\Middleware\\TrimStrings->handle(Object(Illuminate\\Http\\Request), Object(Closure))
#61 /home/revoycom/public_html/vendor/laravel/framework/src/Illuminate/Foundation/Http/Middleware/ValidatePostSize.php(27): Illuminate\\Pipeline\\Pipeline->Illuminate\\Pipeline\\{closure}(Object(Illuminate\\Http\\Request))
#62 /home/revoycom/public_html/vendor/laravel/framework/src/Illuminate/Pipeline/Pipeline.php(167): Illuminate\\Foundation\\Http\\Middleware\\ValidatePostSize->handle(Object(Illuminate\\Http\\Request), Object(Closure))
#63 /home/revoycom/public_html/vendor/laravel/framework/src/Illuminate/Foundation/Http/Middleware/PreventRequestsDuringMaintenance.php(86): Illuminate\\Pipeline\\Pipeline->Illuminate\\Pipeline\\{closure}(Object(Illuminate\\Http\\Request))
#64 /home/revoycom/public_html/vendor/laravel/framework/src/Illuminate/Pipeline/Pipeline.php(167): Illuminate\\Foundation\\Http\\Middleware\\PreventRequestsDuringMaintenance->handle(Object(Illuminate\\Http\\Request), Object(Closure))
#65 /home/revoycom/public_html/vendor/fruitcake/laravel-cors/src/HandleCors.php(38): Illuminate\\Pipeline\\Pipeline->Illuminate\\Pipeline\\{closure}(Object(Illuminate\\Http\\Request))
#66 /home/revoycom/public_html/vendor/laravel/framework/src/Illuminate/Pipeline/Pipeline.php(167): Fruitcake\\Cors\\HandleCors->handle(Object(Illuminate\\Http\\Request), Object(Closure))
#67 /home/revoycom/public_html/vendor/fideloper/proxy/src/TrustProxies.php(57): Illuminate\\Pipeline\\Pipeline->Illuminate\\Pipeline\\{closure}(Object(Illuminate\\Http\\Request))
#68 /home/revoycom/public_html/vendor/laravel/framework/src/Illuminate/Pipeline/Pipeline.php(167): Fideloper\\Proxy\\TrustProxies->handle(Object(Illuminate\\Http\\Request), Object(Closure))
#69 /home/revoycom/public_html/vendor/laravel/framework/src/Illuminate/Pipeline/Pipeline.php(103): Illuminate\\Pipeline\\Pipeline->Illuminate\\Pipeline\\{closure}(Object(Illuminate\\Http\\Request))
#70 /home/revoycom/public_html/vendor/laravel/framework/src/Illuminate/Foundation/Http/Kernel.php(142): Illuminate\\Pipeline\\Pipeline->then(Object(Closure))
#71 /home/revoycom/public_html/vendor/laravel/framework/src/Illuminate/Foundation/Http/Kernel.php(111): Illuminate\\Foundation\\Http\\Kernel->sendRequestThroughRouter(Object(Illuminate\\Http\\Request))
#72 /home/revoycom/public_html/index.php(52): Illuminate\\Foundation\\Http\\Kernel->handle(Object(Illuminate\\Http\\Request))
#73 {main}

[previous exception] [object] (ErrorException(code: 0): Trying to get property 'primary_colour' of non-object at /home/revoycom/public_html/storage/framework/views/737a6f054e3ed66a5272f2fb0316c14e188dc444.php:18)
[stacktrace]
#0 /home/revoycom/public_html/storage/framework/views/737a6f054e3ed66a5272f2fb0316c14e188dc444.php(18): Illuminate\\Foundation\\Bootstrap\\HandleExceptions->handleError(8, 'Trying to get p...', '/home/revoycom/...', 18, Array)
#1 /home/revoycom/public_html/vendor/laravel/framework/src/Illuminate/Filesystem/Filesystem.php(107): require('/home/revoycom/...')
#2 /home/revoycom/public_html/vendor/laravel/framework/src/Illuminate/Filesystem/Filesystem.php(108): Illuminate\\Filesystem\\Filesystem::Illuminate\\Filesystem\\{closure}()
#3 /home/revoycom/public_html/vendor/laravel/framework/src/Illuminate/View/Engines/PhpEngine.php(58): Illuminate\\Filesystem\\Filesystem->getRequire('/home/revoycom/...', Array)
#4 /home/revoycom/public_html/vendor/laravel/framework/src/Illuminate/View/Engines/CompilerEngine.php(61): Illuminate\\View\\Engines\\PhpEngine->evaluatePath('/home/revoycom/...', Array)
#5 /home/revoycom/public_html/vendor/facade/ignition/src/Views/Engines/CompilerEngine.php(37): Illuminate\\View\\Engines\\CompilerEngine->get('/home/revoycom/...', Array)
#6 /home/revoycom/public_html/vendor/laravel/framework/src/Illuminate/View/View.php(139): Facade\\Ignition\\Views\\Engines\\CompilerEngine->get('/home/revoycom/...', Array)
#7 /home/revoycom/public_html/vendor/laravel/framework/src/Illuminate/View/View.php(122): Illuminate\\View\\View->getContents()
#8 /home/revoycom/public_html/vendor/laravel/framework/src/Illuminate/View/View.php(91): Illuminate\\View\\View->renderContents()
#9 /home/revoycom/public_html/storage/framework/views/230a52106d2efcf258b20a80c213897c9ce1a0ae.php(26): Illuminate\\View\\View->render()
#10 /home/revoycom/public_html/vendor/laravel/framework/src/Illuminate/Filesystem/Filesystem.php(107): require('/home/revoycom/...')
#11 /home/revoycom/public_html/vendor/laravel/framework/src/Illuminate/Filesystem/Filesystem.php(108): Illuminate\\Filesystem\\Filesystem::Illuminate\\Filesystem\\{closure}()
#12 /home/revoycom/public_html/vendor/laravel/framework/src/Illuminate/View/Engines/PhpEngine.php(58): Illuminate\\Filesystem\\Filesystem->getRequire('/home/revoycom/...', Array)
#13 /home/revoycom/public_html/vendor/laravel/framework/src/Illuminate/View/Engines/CompilerEngine.php(61): Illuminate\\View\\Engines\\PhpEngine->evaluatePath('/home/revoycom/...', Array)
#14 /home/revoycom/public_html/vendor/facade/ignition/src/Views/Engines/CompilerEngine.php(37): Illuminate\\View\\Engines\\CompilerEngine->get('/home/revoycom/...', Array)
#15 /home/revoycom/public_html/vendor/laravel/framework/src/Illuminate/View/View.php(139): Facade\\Ignition\\Views\\Engines\\CompilerEngine->get('/home/revoycom/...', Array)
#16 /home/revoycom/public_html/vendor/laravel/framework/src/Illuminate/View/View.php(122): Illuminate\\View\\View->getContents()
#17 /home/revoycom/public_html/vendor/laravel/framework/src/Illuminate/View/View.php(91): Illuminate\\View\\View->renderContents()
#18 /home/revoycom/public_html/storage/framework/views/0cf937996d5b8be09cf6adc5636c350ebb2c42ed.php(154): Illuminate\\View\\View->render()
#19 /home/revoycom/public_html/vendor/laravel/framework/src/Illuminate/Filesystem/Filesystem.php(107): require('/home/revoycom/...')
#20 /home/revoycom/public_html/vendor/laravel/framework/src/Illuminate/Filesystem/Filesystem.php(108): Illuminate\\Filesystem\\Filesystem::Illuminate\\Filesystem\\{closure}()
#21 /home/revoycom/public_html/vendor/laravel/framework/src/Illuminate/View/Engines/PhpEngine.php(58): Illuminate\\Filesystem\\Filesystem->getRequire('/home/revoycom/...', Array)
#22 /home/revoycom/public_html/vendor/laravel/framework/src/Illuminate/View/Engines/CompilerEngine.php(61): Illuminate\\View\\Engines\\PhpEngine->evaluatePath('/home/revoycom/...', Array)
#23 /home/revoycom/public_html/vendor/facade/ignition/src/Views/Engines/CompilerEngine.php(37): Illuminate\\View\\Engines\\CompilerEngine->get('/home/revoycom/...', Array)
#24 /home/revoycom/public_html/vendor/laravel/framework/src/Illuminate/View/View.php(139): Facade\\Ignition\\Views\\Engines\\CompilerEngine->get('/home/revoycom/...', Array)
#25 /home/revoycom/public_html/vendor/laravel/framework/src/Illuminate/View/View.php(122): Illuminate\\View\\View->getContents()
#26 /home/revoycom/public_html/vendor/laravel/framework/src/Illuminate/View/View.php(91): Illuminate\\View\\View->renderContents()
#27 /home/revoycom/public_html/vendor/laravel/framework/src/Illuminate/Http/Response.php(69): Illuminate\\View\\View->render()
#28 /home/revoycom/public_html/vendor/laravel/framework/src/Illuminate/Http/Response.php(35): Illuminate\\Http\\Response->setContent(Object(Illuminate\\View\\View))
#29 /home/revoycom/public_html/vendor/laravel/framework/src/Illuminate/Routing/Router.php(794): Illuminate\\Http\\Response->__construct(Object(Illuminate\\View\\View), 200, Array)
#30 /home/revoycom/public_html/vendor/laravel/framework/src/Illuminate/Routing/Router.php(763): Illuminate\\Routing\\Router::toResponse(Object(Illuminate\\Http\\Request), Object(Illuminate\\View\\View))
#31 /home/revoycom/public_html/vendor/laravel/framework/src/Illuminate/Routing/Router.php(695): Illuminate\\Routing\\Router->prepareResponse(Object(Illuminate\\Http\\Request), Object(Illuminate\\View\\View))
#32 /home/revoycom/public_html/vendor/laravel/framework/src/Illuminate/Pipeline/Pipeline.php(128): Illuminate\\Routing\\Router->Illuminate\\Routing\\{closure}(Object(Illuminate\\Http\\Request))
#33 /home/revoycom/public_html/app/Http/Middleware/RedirectIfAuthenticated.php(29): Illuminate\\Pipeline\\Pipeline->Illuminate\\Pipeline\\{closure}(Object(Illuminate\\Http\\Request))
#34 /home/revoycom/public_html/vendor/laravel/framework/src/Illuminate/Pipeline/Pipeline.php(167): App\\Http\\Middleware\\RedirectIfAuthenticated->handle(Object(Illuminate\\Http\\Request), Object(Closure))
#35 /home/revoycom/public_html/vendor/laravel/framework/src/Illuminate/Routing/Middleware/SubstituteBindings.php(50): Illuminate\\Pipeline\\Pipeline->Illuminate\\Pipeline\\{closure}(Object(Illuminate\\Http\\Request))
#36 /home/revoycom/public_html/vendor/laravel/framework/src/Illuminate/Pipeline/Pipeline.php(167): Illuminate\\Routing\\Middleware\\SubstituteBindings->handle(Object(Illuminate\\Http\\Request), Object(Closure))
#37 /home/revoycom/public_html/vendor/laravel/framework/src/Illuminate/Foundation/Http/Middleware/VerifyCsrfToken.php(78): Illuminate\\Pipeline\\Pipeline->Illuminate\\Pipeline\\{closure}(Object(Illuminate\\Http\\Request))
#38 /home/revoycom/public_html/vendor/laravel/framework/src/Illuminate/Pipeline/Pipeline.php(167): Illuminate\\Foundation\\Http\\Middleware\\VerifyCsrfToken->handle(Object(Illuminate\\Http\\Request), Object(Closure))
#39 /home/revoycom/public_html/vendor/laravel/framework/src/Illuminate/View/Middleware/ShareErrorsFromSession.php(49): Illuminate\\Pipeline\\Pipeline->Illuminate\\Pipeline\\{closure}(Object(Illuminate\\Http\\Request))
#40 /home/revoycom/public_html/vendor/laravel/framework/src/Illuminate/Pipeline/Pipeline.php(167): Illuminate\\View\\Middleware\\ShareErrorsFromSession->handle(Object(Illuminate\\Http\\Request), Object(Closure))
#41 /home/revoycom/public_html/vendor/laravel/framework/src/Illuminate/Session/Middleware/StartSession.php(121): Illuminate\\Pipeline\\Pipeline->Illuminate\\Pipeline\\{closure}(Object(Illuminate\\Http\\Request))
#42 /home/revoycom/public_html/vendor/laravel/framework/src/Illuminate/Session/Middleware/StartSession.php(64): Illuminate\\Session\\Middleware\\StartSession->handleStatefulRequest(Object(Illuminate\\Http\\Request), Object(Illuminate\\Session\\Store), Object(Closure))
#43 /home/revoycom/public_html/vendor/laravel/framework/src/Illuminate/Pipeline/Pipeline.php(167): Illuminate\\Session\\Middleware\\StartSession->handle(Object(Illuminate\\Http\\Request), Object(Closure))
#44 /home/revoycom/public_html/vendor/laravel/framework/src/Illuminate/Cookie/Middleware/AddQueuedCookiesToResponse.php(37): Illuminate\\Pipeline\\Pipeline->Illuminate\\Pipeline\\{closure}(Object(Illuminate\\Http\\Request))
#45 /home/revoycom/public_html/vendor/laravel/framework/src/Illuminate/Pipeline/Pipeline.php(167): Illuminate\\Cookie\\Middleware\\AddQueuedCookiesToResponse->handle(Object(Illuminate\\Http\\Request), Object(Closure))
#46 /home/revoycom/public_html/vendor/laravel/framework/src/Illuminate/Cookie/Middleware/EncryptCookies.php(67): Illuminate\\Pipeline\\Pipeline->Illuminate\\Pipeline\\{closure}(Object(Illuminate\\Http\\Request))
#47 /home/revoycom/public_html/vendor/laravel/framework/src/Illuminate/Pipeline/Pipeline.php(167): Illuminate\\Cookie\\Middleware\\EncryptCookies->handle(Object(Illuminate\\Http\\Request), Object(Closure))
#48 /home/revoycom/public_html/vendor/laravel/framework/src/Illuminate/Pipeline/Pipeline.php(103): Illuminate\\Pipeline\\Pipeline->Illuminate\\Pipeline\\{closure}(Object(Illuminate\\Http\\Request))
#49 /home/revoycom/public_html/vendor/laravel/framework/src/Illuminate/Routing/Router.php(697): Illuminate\\Pipeline\\Pipeline->then(Object(Closure))
#50 /home/revoycom/public_html/vendor/laravel/framework/src/Illuminate/Routing/Router.php(672): Illuminate\\Routing\\Router->runRouteWithinStack(Object(Illuminate\\Routing\\Route), Object(Illuminate\\Http\\Request))
#51 /home/revoycom/public_html/vendor/laravel/framework/src/Illuminate/Routing/Router.php(636): Illuminate\\Routing\\Router->runRoute(Object(Illuminate\\Http\\Request), Object(Illuminate\\Routing\\Route))
#52 /home/revoycom/public_html/vendor/laravel/framework/src/Illuminate/Routing/Router.php(625): Illuminate\\Routing\\Router->dispatchToRoute(Object(Illuminate\\Http\\Request))
#53 /home/revoycom/public_html/vendor/laravel/framework/src/Illuminate/Foundation/Http/Kernel.php(167): Illuminate\\Routing\\Router->dispatch(Object(Illuminate\\Http\\Request))
#54 /home/revoycom/public_html/vendor/laravel/framework/src/Illuminate/Pipeline/Pipeline.php(128): Illuminate\\Foundation\\Http\\Kernel->Illuminate\\Foundation\\Http\\{closure}(Object(Illuminate\\Http\\Request))
#55 /home/revoycom/public_html/vendor/laravel/framework/src/Illuminate/Foundation/Http/Middleware/TransformsRequest.php(21): Illuminate\\Pipeline\\Pipeline->Illuminate\\Pipeline\\{closure}(Object(Illuminate\\Http\\Request))
#56 /home/revoycom/public_html/vendor/laravel/framework/src/Illuminate/Foundation/Http/Middleware/ConvertEmptyStringsToNull.php(31): Illuminate\\Foundation\\Http\\Middleware\\TransformsRequest->handle(Object(Illuminate\\Http\\Request), Object(Closure))
#57 /home/revoycom/public_html/vendor/laravel/framework/src/Illuminate/Pipeline/Pipeline.php(167): Illuminate\\Foundation\\Http\\Middleware\\ConvertEmptyStringsToNull->handle(Object(Illuminate\\Http\\Request), Object(Closure))
#58 /home/revoycom/public_html/vendor/laravel/framework/src/Illuminate/Foundation/Http/Middleware/TransformsRequest.php(21): Illuminate\\Pipeline\\Pipeline->Illuminate\\Pipeline\\{closure}(Object(Illuminate\\Http\\Request))
#59 /home/revoycom/public_html/vendor/laravel/framework/src/Illuminate/Foundation/Http/Middleware/TrimStrings.php(40): Illuminate\\Foundation\\Http\\Middleware\\TransformsRequest->handle(Object(Illuminate\\Http\\Request), Object(Closure))
#60 /home/revoycom/public_html/vendor/laravel/framework/src/Illuminate/Pipeline/Pipeline.php(167): Illuminate\\Foundation\\Http\\Middleware\\TrimStrings->handle(Object(Illuminate\\Http\\Request), Object(Closure))
#61 /home/revoycom/public_html/vendor/laravel/framework/src/Illuminate/Foundation/Http/Middleware/ValidatePostSize.php(27): Illuminate\\Pipeline\\Pipeline->Illuminate\\Pipeline\\{closure}(Object(Illuminate\\Http\\Request))
#62 /home/revoycom/public_html/vendor/laravel/framework/src/Illuminate/Pipeline/Pipeline.php(167): Illuminate\\Foundation\\Http\\Middleware\\ValidatePostSize->handle(Object(Illuminate\\Http\\Request), Object(Closure))
#63 /home/revoycom/public_html/vendor/laravel/framework/src/Illuminate/Foundation/Http/Middleware/PreventRequestsDuringMaintenance.php(86): Illuminate\\Pipeline\\Pipeline->Illuminate\\Pipeline\\{closure}(Object(Illuminate\\Http\\Request))
#64 /home/revoycom/public_html/vendor/laravel/framework/src/Illuminate/Pipeline/Pipeline.php(167): Illuminate\\Foundation\\Http\\Middleware\\PreventRequestsDuringMaintenance->handle(Object(Illuminate\\Http\\Request), Object(Closure))
#65 /home/revoycom/public_html/vendor/fruitcake/laravel-cors/src/HandleCors.php(38): Illuminate\\Pipeline\\Pipeline->Illuminate\\Pipeline\\{closure}(Object(Illuminate\\Http\\Request))
#66 /home/revoycom/public_html/vendor/laravel/framework/src/Illuminate/Pipeline/Pipeline.php(167): Fruitcake\\Cors\\HandleCors->handle(Object(Illuminate\\Http\\Request), Object(Closure))
#67 /home/revoycom/public_html/vendor/fideloper/proxy/src/TrustProxies.php(57): Illuminate\\Pipeline\\Pipeline->Illuminate\\Pipeline\\{closure}(Object(Illuminate\\Http\\Request))
#68 /home/revoycom/public_html/vendor/laravel/framework/src/Illuminate/Pipeline/Pipeline.php(167): Fideloper\\Proxy\\TrustProxies->handle(Object(Illuminate\\Http\\Request), Object(Closure))
#69 /home/revoycom/public_html/vendor/laravel/framework/src/Illuminate/Pipeline/Pipeline.php(103): Illuminate\\Pipeline\\Pipeline->Illuminate\\Pipeline\\{closure}(Object(Illuminate\\Http\\Request))
#70 /home/revoycom/public_html/vendor/laravel/framework/src/Illuminate/Foundation/Http/Kernel.php(142): Illuminate\\Pipeline\\Pipeline->then(Object(Closure))
#71 /home/revoycom/public_html/vendor/laravel/framework/src/Illuminate/Foundation/Http/Kernel.php(111): Illuminate\\Foundation\\Http\\Kernel->sendRequestThroughRouter(Object(Illuminate\\Http\\Request))
#72 /home/revoycom/public_html/index.php(52): Illuminate\\Foundation\\Http\\Kernel->handle(Object(Illuminate\\Http\\Request))
#73 {main}
"} 
